Company,Sector,Total Reviews,Purpose & Mission Orientation,Long-term / Future Orientation,Collaborative vs Individualistic,Hierarchical vs Egalitarian,Psychological Safety & Openness,Caring & People-Centricity,Performance & Execution Orientation,Process & Rule Orientation,Integrity & Ethical Responsibility,Innovation & Risk Appetite,Agility & Adaptability,Continuous Learning & Development,Customer / Stakeholder Focus,Competitive Assertiveness,"Diversity, Equity & Inclusion",Profession-Focused vs Company-Focused,Internally Driven vs Externally Driven,Strong vs Loose Social Norms
37 Interactive,Communication Services,4,0,1.0,0,0,0,1.0,1.0,0,0,1.0,0,0,1.0,0.0,1.0,0,0,0
3i Group,Financials,67,1.0,0.782,0.8444,0.7016,1.0,1.0,1.0,0.875,0.7184,0.83,0.25,1.0,1.0,1.0,0.9091,1.0,1.0,1.0
3M,Industrials,6841,0.9689,0.3386,0.5624,0.9535,0.8219,0.9652,0.7105,0.5318,0.6016,0.934,0.7561,0.9847,0.9836,0.7503,0.9321,0.8624,1.0,0.8015
3SBio,Health Care,2,0,0,0,1.0,0,1.0,-1.0,1.0,0,0,0,0,1.0,0,1.0,1.0,0,0
AAC Technologies,Information Technology,48,1.0,0.4545,0.6875,0.8951,0.8182,0.9276,0.7885,0.75,0.6667,1.0,0.6667,1.0,1.0,1.0,1.0,1.0,1.0,0.7143
ABB,Industrials,9547,0.9911,0.2382,0.5659,0.9147,0.8788,0.9887,0.6697,0.6426,0.7416,0.94,0.7892,0.9703,0.9899,0.8474,0.9573,0.9939,0.687,0.8834
Abbott,Health Care,8270,0,0,0,0,0,0,0,0,0,0,0,0,0,0,0,0,0,0
AbbVie,Health Care,5799,0,0,0,0,0,0,0,0,0,0,0,0,0,0,0,0,0,0
ABN AMRO,Financials,1263,1.0,0.3744,0.5172,0.8256,0.8912,0.9991,0.504,0.7013,0.5524,0.937,0.5404,0.9751,0.9754,0.8095,0.9551,0.9766,0.7143,0.8217
Absa,Financials,1414,0.9901,0.5221,0.5271,0.9105,0.9424,0.9871,0.8516,0.6325,0.4666,0.9445,0.7786,0.9862,0.9973,0.8841,0.9322,0.9867,0.8182,0.9246
AB Securitas ,Industrials,5,0,0,1.0,0,0,1.0,1.0,1.0,0,1.0,1.0,0,1.0,0,0,1.0,0,0
Abu Dhabi Commercial Bank,Financials,515,1.0,0.4559,0.5084,0.9265,0.9091,0.9976,0.7171,0.8237,0.3966,0.9291,0.6624,0.9762,0.9902,0.9501,0.8554,0.9688,1.0,0.8785
AB Volvo,Industrials,7,1.0,1.0,0,0.8462,1.0,1.0,0.0,0.0,0,1.0,0,1.0,0,0,1.0,0,0,0.3333
Accelink Technologies,Information Technology,6,0,1.0,0,1.0,1.0,1.0,1.0,0,0,1.0,1.0,1.0,1.0,1.0,0,1.0,0,1.0
Accenture,Information Technology,81010,0,0,0,0,0,0,0,0,0,0,0,0,0,0,0,0,0,0
Acciona,Utilities,474,1.0,0.6009,0.6082,0.9571,0.5253,0.974,0.8327,0.8244,0.6308,0.9873,0.7816,0.9764,1.0,0.8333,0.9061,1.0,1.0,0.9697
Accor,Consumer Discretionary,2509,0,0,0,0,0,0,0,0,0,0,0,0,0,0,0,0,0,0
Accton Technology,Information Technology,54,1.0,0.5556,0.2714,1.0,0.6667,0.9615,0.9048,0.4167,0.0,1.0,1.0,1.0,1.0,1.0,1.0,1.0,0.0,1.0
ACM Research,Information Technology,4,0,1.0,0.75,0.6666,1.0,1.0,1.0,1.0,1.0,1.0,0,1.0,1.0,1.0,1.0,1.0,0,1.0
Acwa Power,Utilities,109,1.0,0.5,-0.3095,0.9487,0.8036,0.9854,0.9644,0.4535,0.8457,0.9554,0.9615,1.0,0.9355,0.9664,0.9304,1.0,1.0,0.9259
Adani Group,Industrials,1306,0.9888,0.302,0.6742,0.9493,0.9192,0.9957,0.8124,0.772,0.683,0.9294,0.8864,0.9618,0.9878,0.8976,0.9364,1.0,1.0,0.9413
Adani Power,Utilities,514,1.0,0.4333,0.5006,0.9526,0.9584,0.9977,0.8851,0.8229,0.5172,0.9649,0.9178,0.9803,0.9915,0.9291,0.9729,1.0,0,1.0
Addtech,Industrials,1,0,0,0,0,0,1.0,0,0,0,0,0,1.0,0,0,0,0,0,1.0
ADES International Holding,Energy,16,1.0,1.0,0.42,1.0,-0.3333,1.0,1.0,1.0,-0.0476,1.0,1.0,0.6667,0.8,1.0,0.5,1.0,1.0,1.0
ADIB,Financials,19,1.0,0.3333,0.0,1.0,1.0,1.0,0.9294,1.0,1.0,1.0,0.75,1.0,1.0,1.0,1.0,1.0,1.0,1.0
adidas,Consumer Discretionary,7440,0,0,0,0,0,0,0,0,0,0,0,0,0,0,0,0,0,0
Admiral Group,Financials,1244,0.9636,0.2251,0.8181,0.9072,0.7856,0.9857,0.9294,0.3481,0.6852,0.9772,0.9375,0.9977,0.9745,0.8878,0.9406,0.9223,1.0,0.6715
ADNOC Group,Energy,1073,0.9855,0.3791,0.8319,0.9114,0.96,0.999,0.8669,0.8778,0.7007,0.9856,0.8464,0.9694,0.9915,0.8337,0.838,1.0,0.7778,0.8914
Adobe,Information Technology,11837,0,0,0,0,0,0,0,0,0,0,0,0,0,0,0,0,0,0
ADP,Industrials,22524,0,0,0,0,0,0,0,0,0,0,0,0,0,0,0,0,0,0
Advanced Micro-Fabrication Equipment,Information Technology,7,0,0,1.0,1.0,1.0,1.0,1.0,1.0,0,1.0,0,1.0,1.0,1.0,0,0,0,0
Advantech,Information Technology,503,0.9552,0.2711,0.5942,0.9286,0.844,0.9661,0.8671,0.5022,0.5441,0.9226,0.8193,0.9823,0.9963,0.8591,0.9491,1.0,0.6,0.8333
Advantest,Information Technology,253,0.92,0.3742,0.4261,0.9174,0.9429,0.9834,0.7451,0.6056,0.3586,0.8254,0.8983,0.9362,1.0,1.0,0.9062,1.0,0.6,0.7714
Adyen,Financials,952,1.0,0.2393,0.2497,0.7426,0.8616,0.9649,0.8466,0.4945,0.567,0.9556,0.8625,0.973,0.9889,0.7788,0.9393,0.9545,0.9556,0.7169
AECOM,Industrials,12235,0,0,0,0,0,0,0,0,0,0,0,0,0,0,0,0,0,0
Aegon,Financials,886,0.9739,0.3868,0.5396,0.8806,0.8543,0.987,0.6454,0.484,0.6998,0.9348,0.7611,0.9917,0.9979,0.7922,0.9627,1.0,0.8571,0.8276
Aena,Industrials,13,1.0,0.5,0,0.6667,1.0,1.0,1.0,1.0,0,0.7143,0.5,0.5,1.0,1.0,1.0,1.0,0,1.0
AEON,Consumer Staples,718,1.0,-0.1667,0.5813,0.955,0.8595,0.9723,0.7588,0.5095,0.6234,0.9513,0.822,0.9583,1.0,0.9409,0.9294,1.0,0.6667,0.8718
AerCap,Industrials,55,1.0,0.0455,0.6,0.7895,0.6071,0.9459,0.7895,0.3333,0.8667,1.0,0.6333,0.9231,1.0,1.0,1.0,1.0,1.0,1.0
Affirm,Financials,629,0.9774,0.3152,0.3858,0.9453,0.8779,0.9862,0.8643,0.6673,0.7399,0.9541,0.9307,0.9637,0.9554,0.7724,0.9423,0.9754,0.6991,0.777
Aflac,Financials,4851,0,0,0,0,0,0,0,0,0,0,0,0,0,0,0,0,0,0
Ageas,Financials,375,1.0,0.1482,0.7006,0.9289,0.5584,0.9684,0.7365,0.3235,0.7446,0.9526,0.9012,0.9294,1.0,0.8605,0.957,0.907,1.0,0.8731
Agilent Technologies,Health Care,2938,0,0,0,0,0,0,0,0,0,0,0,0,0,0,0,0,0,0
Agnico Eagle,Materials,183,1.0,0.1238,0.8214,0.8484,0.6889,0.9615,0.6388,0.7738,0.7651,0.9416,0.7536,1.0,1.0,0.7391,0.5336,1.0,1.0,0.8036
Agricultural Bank of China,Financials,333,1.0,0.1347,0.6234,0.9158,0.8182,0.971,0.825,0.8197,0.4444,0.9455,0.4375,0.9818,1.0,0.8824,1.0,1.0,0,0.8776
AIA,Financials,298,1.0,0.3649,0.4444,0.9577,0.8889,0.9822,0.8632,0.3113,-0.1978,0.996,0.7321,1.0,1.0,0.7703,1.0,1.0,1.0,0.9259
AIB,Financials,264,1.0,0.2632,0.2091,0.9538,0.8462,0.9843,0.4048,0.6491,0.5909,0.9794,0.7356,0.9855,1.0,0.8095,1.0,1.0,1.0,0.7738
AIG,Financials,8299,0,0,0,0,0,0,0,0,0,0,0,0,0,0,0,0,0,0
Airbnb,Consumer Discretionary,2983,0,0,0,0,0,0,0,0,0,0,0,0,0,0,0,0,0,0
Airbus,Industrials,4859,0,0,0,0,0,0,0,0,0,0,0,0,0,0,0,0,0,0
Air China,Industrials,171,1.0,0.0,0.0667,0.9037,0.8,1.0,0.7857,0.7597,0.6667,1.0,0.6875,1.0,1.0,1.0,1.0,1.0,0,0.3333
Air Liquide,Materials,2422,0,0,0,0,0,0,0,0,0,0,0,0,0,0,0,0,0,0
Airports of Thailand,Industrials,10,0,0,-1.0,1.0,1.0,1.0,0.5,1.0,1.0,1.0,-1.0,1.0,1.0,0,1.0,0,0,0
Air Products,Materials,1657,0.9917,0.3999,0.5182,0.9076,0.8413,0.9814,0.8184,0.6332,0.7374,0.9437,0.8915,0.9733,0.9914,0.8533,0.9444,0.9607,0.8065,0.8865
AirTAC,Industrials,16,1.0,1.0,0,1.0,0.6364,1.0,1.0,0.6,0.6364,1.0,1.0,1.0,1.0,0.7143,1.0,0,1.0,1.0
Aisin,Consumer Discretionary,11,1.0,0,-1.0,1.0,0,1.0,-1.0,1.0,1.0,1.0,0,0.5,1.0,0,1.0,1.0,0,0
Ajinomoto,Consumer Staples,309,0.9683,-0.0227,0.6752,0.9833,0.7872,0.9699,0.5739,0.7742,0.7318,0.8464,0.7727,0.904,1.0,0.7949,0.92,0.9259,1.0,0.8605
Akbank,Financials,337,1.0,0.0026,0.5516,0.8739,0.7857,1.0,0.6347,0.7819,0.7619,0.9263,0.5741,0.9855,1.0,0.9318,0.9608,0.9891,1.0,0.9596
Aker BP,Energy,23,1.0,-1.0,1.0,1.0,1.0,1.0,0.88,0.3037,1.0,1.0,1.0,1.0,1.0,1.0,1.0,1.0,0,0.5065
Akeso,Health Care,6,1.0,1.0,0.7857,1.0,0,1.0,0.6667,0.0,-0.3333,0.5,1.0,0.6667,1.0,0,0,1.0,0,1.0
Alamos Gold,Materials,51,1.0,0.6364,0.9733,1.0,0.6,0.963,0.8333,0.7143,0.7381,1.0,1.0,1.0,1.0,0.9091,1.0,1.0,1.0,0.8
Alchip,Information Technology,9,0,1.0,1.0,1.0,0,1.0,1.0,1.0,0,1.0,1.0,1.0,1.0,0,0,1.0,0,0.4285
Alcon,Health Care,80,1.0,0.2,0.439,0.9815,0.8333,0.956,0.72,0.5,0.6923,1.0,0.7778,1.0,1.0,1.0,0.9615,1.0,1.0,0.9121
Aldar Holding,Real Estate,66,1.0,0.7473,0.4622,0.8813,0.6825,0.9845,0.9018,1.0,0.6,0.9615,0.5,1.0,0.9731,1.0,1.0,1.0,1.0,1.0
Alexandria Real Estate Equities,Real Estate,68,1.0,0.5,0.7715,0.875,0.7846,0.9877,0.9325,0.7473,0.5714,0.9838,0.9333,1.0,1.0,0.6,1.0,1.0,1.0,0.8991
Alfa Laval,Industrials,740,0.9733,0.2045,0.581,0.7692,0.8635,0.9928,0.632,0.6841,0.6799,0.9224,0.8195,0.9532,0.9967,0.8571,0.9883,1.0,1.0,0.9232
Alibaba Group,Consumer Discretionary,2493,0,0,0,0,0,0,0,0,0,0,0,0,0,0,0,0,0,0
Alinma Bank,Financials,57,1.0,0.2,0.75,1.0,1.0,1.0,0.8571,0.7647,0.6667,1.0,1.0,0.8667,1.0,0.7143,1.0,1.0,0,1.0
Alkem Laboratories,Health Care,327,1.0,0.25,0.7286,0.9581,0.8824,0.9726,0.926,0.7898,0.5392,0.91,0.9355,0.9853,0.9634,0.8462,0.9068,1.0,-1.0,0.9623
Allegion,Industrials,795,1.0,0.2624,0.5508,0.8936,0.8595,0.9815,0.7063,0.558,0.7435,0.9686,0.7586,0.9911,0.9912,0.8261,0.9039,0.9794,0.7143,0.7992
AllianceBernstein,Asset Management,1387,0.9899,0.453,0.5087,0.8379,0.8811,0.9586,0.8395,0.7405,0.4367,0.9438,0.6703,0.9736,0.9814,0.6499,0.9399,0.9543,0.8462,0.8921
Alliant Energy,Utilities,478,0.9704,0.3733,0.5794,0.912,0.8145,0.9666,0.7118,0.6265,0.6101,0.9201,0.9014,0.9491,0.9975,0.9609,0.9353,0.9951,1.0,0.9245
Allianz,Financials,4510,0,0,0,0,0,0,0,0,0,0,0,0,0,0,0,0,0,0
Allianz Group,Financials,7641,0,0,0,0,0,0,0,0,0,0,0,0,0,0,0,0,0,0
Allstate,Financials,11805,0,0,0,0,0,0,0,0,0,0,0,0,0,0,0,0,0,0
Allwyn,Consumer Discretionary,19,1.0,0.0,1.0,1.0,1.0,1.0,1.0,0.5,-0.3333,1.0,1.0,1.0,1.0,1.0,1.0,1.0,0,0
Almarai,Consumer Staples,517,1.0,0.1653,0.6514,0.9765,0.9185,0.9888,0.8984,0.8889,0.7976,0.9823,0.8679,1.0,0.9893,0.9667,0.7743,0.9841,0.6667,0.9765
Alnylam,Health Care,412,0.9806,0.5251,0.5623,0.9054,0.8781,0.9467,0.9124,0.5775,0.6916,0.9947,0.8902,0.9778,0.9917,0.9107,0.9697,1.0,0.8182,0.9107
Alpha Bank,Financials,306,0.92,0.3543,0.1042,0.9768,0.6579,0.9942,0.5185,0.8936,0.711,0.8918,0.2908,0.9815,1.0,0.9221,0.8648,0.9545,1.0,0.8947
Al Rajhi Banking,Financials,161,1.0,0.2619,0.5789,0.9615,0.8182,1.0,0.7078,0.5512,0.4118,0.9643,0.8458,0.9714,1.0,1.0,0.9412,1.0,0,0.9048
Al Rayan Bank,Financials,71,1.0,0.2279,0.4048,0.9003,0.7036,0.9547,0.8942,0.7129,0.6117,0.9355,0.96,0.8864,1.0,0.8518,0.8667,0.8667,0.7143,0.9
ALSTOM,Industrials,4910,0,0,0,0,0,0,0,0,0,0,0,0,0,0,0,0,0,0
AltaGas,Utilities,111,1.0,0.5536,0.7265,0.9516,0.9337,1.0,0.8711,0.75,0.9167,0.9258,0.931,1.0,1.0,0.7778,1.0,1.0,0.0,1.0
Alteogen,Health Care,1,0,0,0,0,0,0,-1.0,0,0,0.0,0,-0.1429,1.0,1.0,-1.0,0,0,1.0
Altria,Consumer Staples,1604,0.9751,0.4791,0.3499,0.9562,0.9083,0.99,0.8657,0.4135,0.7438,0.8887,0.8179,0.9402,0.9944,0.9288,0.8849,0.9822,0.9487,0.9433
Aluminum Corporation of China,Materials,6,0,0.0,1.0,1.0,1.0,1.0,1.0,1.0,1.0,1.0,0,1.0,1.0,0,0,1.0,0,1.0
Amadeus,Consumer Discretionary,3536,0,0,0,0,0,0,0,0,0,0,0,0,0,0,0,0,0,0
Ambank Group,Financials,709,0.9906,0.21,0.5689,0.9449,0.9218,0.9891,0.5795,0.7069,0.7212,0.8844,0.5167,0.9775,0.9895,0.9711,0.837,1.0,1.0,0.8821
Ambev,Consumer Staples,179,1.0,0.5469,0.2396,0.92,1.0,1.0,0.9655,0.4884,0.6154,1.0,0.9394,1.0,1.0,1.0,0.9412,0.8431,1.0,0.7917
Ambuja Cements,Materials,334,1.0,0.2317,0.6508,0.9643,0.8889,0.9963,0.8201,0.8816,0.6176,0.9651,0.6283,0.9737,1.0,0.8222,0.9325,1.0,1.0,0.9298
Amcor,Materials,1500,1.0,0.4463,0.5973,0.9396,0.8266,0.9629,0.8303,0.564,0.6384,0.9631,0.8973,0.914,0.992,0.9058,0.9117,0.9682,0.7286,0.8722
AMD,Information Technology,6232,0,0,0,0,0,0,0,0,0,0,0,0,0,0,0,0,0,0
Ameren,Utilities,853,0.9478,0.4674,0.4757,0.9436,0.8688,0.9937,0.5946,0.5804,0.7932,0.919,0.7758,0.9388,0.9922,0.8741,0.8989,0.9972,0.9231,0.7737
Americana Restaurants,Consumer Discretionary,52,1.0,0.438,0.4738,0.804,0.8254,0.9792,0.7917,0.8824,0.6635,1.0,1.0,1.0,0.8824,0.8,0.8194,1.0,0,0.8857
American Electric Power,Utilities,1230,0.9714,0.2596,0.5801,0.9495,0.8846,0.9828,0.6651,0.7532,0.732,0.9284,0.7655,0.9382,0.9902,0.9403,0.9325,0.9802,0.7067,0.8551
American Express,Financials,7388,0,0,0,0,0,0,0,0,0,0,0,0,0,0,0,0,0,0
American Honda Motor,Consumer Discretionary,684,1.0,0.3157,0.516,0.9251,0.746,0.9618,0.5812,0.7011,0.7238,0.9117,0.778,0.9036,0.9938,0.9177,0.8831,0.9673,0.8095,0.758
American Tower,Real Estate,968,0.9958,0.3593,0.5688,0.923,0.8551,0.9725,0.8482,0.6519,0.6078,0.9685,0.8702,0.9593,0.9874,0.8498,0.8909,0.9704,0.7857,0.8057
Ameriprise Financial,Financials,3971,0,0,0,0,0,0,0,0,0,0,0,0,0,0,0,0,0,0
AMETEK,Industrials,1013,0.9871,0.3688,0.5367,0.9301,0.763,0.9794,0.8569,0.6861,0.7386,0.9596,0.8595,0.9739,0.9902,0.892,0.937,0.9657,0.6667,0.8276
Amgen,Health Care,480,0.9692,0.5294,0.5053,0.8844,0.8455,0.9851,0.7396,0.6018,0.7318,0.9527,0.9034,0.9739,0.9808,0.6003,0.9704,1.0,0.3333,0.9326
AMH,Real Estate,689,1.0,0.2781,0.4348,0.9461,0.8857,0.9566,0.9127,0.6887,0.6266,0.978,0.9508,0.9688,0.9822,0.9183,0.8146,0.9744,0.7594,0.7107
Amorepacific,Consumer Staples,159,1.0,-0.25,0.6119,0.8776,0.9429,0.9492,0.5686,0.5122,0.75,0.902,0.7838,0.9091,1.0,0.4737,0.9545,1.0,1.0,0.9091
Amphenol,Information Technology,705,1.0,0.2264,0.5132,0.9424,0.8263,0.963,0.8461,0.5831,0.7085,0.9399,0.8652,0.9498,0.9815,0.8365,0.9262,0.9866,0.3333,0.729
Amrize,Materials,43,1.0,0.4607,0.8462,0.9697,0.7564,0.9167,0.9357,0.8667,0.697,1.0,0.8182,0.9091,1.0,1.0,1.0,1.0,0.4616,1.0
Amundi,Financials,492,0.9167,0.6438,0.4286,0.8772,1.0,0.9857,0.546,0.651,0.7266,0.9354,0.596,0.9813,0.9826,0.8,0.9531,1.0,1.0,0.7386
Analog Devices,Information Technology,3540,0,0,0,0,0,0,0,0,0,0,0,0,0,0,0,0,0,0
Angel Yeast,Consumer Staples,8,1.0,-0.3333,0.0,1.0,0,1.0,1.0,1.0,0,1.0,1.0,1.0,1.0,1.0,0,0,0,1.0
Anglo American,Materials,1113,1.0,0.447,0.6611,0.9003,0.8903,0.9898,0.7581,0.7468,0.8717,0.9548,0.774,0.9768,1.0,0.8162,0.9399,0.9934,0.7143,0.9365
AngloGold Ashanti,Materials,210,1.0,0.4219,0.6429,1.0,0.9412,0.9825,0.8261,0.7243,0.75,1.0,0.6471,1.0,1.0,0.8,0.9487,1.0,0.5,0.8193
Anheuser-Busch InBev,Consumer Staples,5229,0,0,0,0,0,0,0,0,0,0,0,0,0,0,0,0,0,0
Anhui Conch Cement,Materials,1,1.0,0,0,0,0,1.0,0,0,0,0,0,0,0,0,0,0,0,0
Anker Innovations,Information Technology,24,1.0,1.0,1.0,0.5497,1.0,1.0,0.7778,0.5,1.0,1.0,1.0,1.0,1.0,1.0,1.0,1.0,0,0.8
ANTA Sports,Consumer Discretionary,20,1.0,1.0,0,1.0,0.2,1.0,0.8,0.4,-0.2,1.0,1.0,1.0,1.0,1.0,1.0,1.0,0,1.0
Antofagasta,Materials,16,1.0,1.0,1.0,1.0,0,0.7714,1.0,1.0,1.0,1.0,1.0,1.0,1.0,1.0,1.0,1.0,0,1.0
ANZ,Financials,6808,0,0,0,0,0,0,0,0,0,0,0,0,0,0,0,0,0,0
Aon,Financials,8166,0,0,0,0,0,0,0,0,0,0,0,0,0,0,0,0,0,0
APA Group,Utilities,17,1.0,0.52,0.6,0.6,0.6667,0.9524,0.8,0.0,0.5,0.6667,0.6667,0.75,1.0,1.0,0.7143,1.0,0,0.6
A.P. Moller Singapore,Industrials,16,1.0,-1.0,0.6,0.75,1.0,1.0,0.2,0.6667,1.0,1.0,1.0,1.0,1.0,1.0,1.0,1.0,0,1.0
Apollo Global Management,Financials,489,0.9738,0.3089,0.567,0.8001,0.9011,0.9846,0.9188,0.7935,0.801,0.9695,0.8673,0.9781,0.9607,0.8371,0.9582,1.0,1.0,0.8464
Apollo Hospitals Enterprise,Health Care,30,1.0,0.2,0.2,1.0,1.0,1.0,0.6429,0.75,1.0,1.0,0.3333,1.0,1.0,1.0,1.0,1.0,0,1.0
Apollo Tubes,Materials,59,1.0,0.15,0.8625,0.9456,1.0,1.0,1.0,0.9545,1.0,1.0,1.0,1.0,1.0,1.0,1.0,1.0,0,1.0
Apple,Information Technology,540,1.0,0.227,0.6064,0.9192,0.7488,0.9693,0.7688,0.5169,0.6446,0.9356,0.8413,0.9604,1.0,0.6817,0.9813,0.9512,1.0,0.8519
Applied Materials,Information Technology,5255,0,0,0,0,0,0,0,0,0,0,0,0,0,0,0,0,0,0
AppLovin,Information Technology,303,1.0,0.1604,0.4051,0.8278,0.928,0.9956,0.9687,0.3702,0.5814,0.9874,0.9835,0.9914,1.0,0.8054,0.8897,1.0,0.8095,0.8739
Aptiv,Consumer Discretionary,2532,0,0,0,0,0,0,0,0,0,0,0,0,0,0,0,0,0,0
APT Research,Health Care,80,1.0,-0.1587,0.5742,0.5257,1.0,1.0,0.9706,0.7143,0.4756,0.8919,1.0,0.9778,0.9286,0.6044,0.8519,1.0,1.0,0.8462
Arab National Bank,Financials,69,1.0,0.0588,0.5938,0.9829,0.7143,1.0,0.7197,0.7778,0.5455,0.9203,1.0,0.9565,1.0,0.875,0.2857,1.0,1.0,1.0
ArcelorMittal,Materials,2121,0.9816,0.5105,0.394,0.9229,0.8516,0.972,0.7542,0.7566,0.7293,0.9341,0.7509,0.9721,0.9914,0.8883,0.9138,0.9868,0.8696,0.9035
Archer,Consumer Staples,110,1.0,0.1376,-0.2614,0.9707,0.875,0.9455,0.9783,0.7849,0.5143,0.9561,1.0,0.8529,1.0,0.7812,0.8162,1.0,0.1428,0.7857
ARC Resources,Energy,63,1.0,0.1111,0.8674,0.8381,0.7222,0.9691,0.6667,0.8182,0.6447,0.9048,0.7778,1.0,1.0,1.0,1.0,1.0,1.0,1.0
Ares Management,Financials,502,0.9193,0.4286,0.5566,0.8789,0.8309,0.9798,0.8813,0.7416,0.7987,0.9641,0.901,0.9436,1.0,0.7618,0.9686,0.947,0.6667,0.8817
argenx,Health Care,46,1.0,0.8075,0.3333,1.0,0.5273,1.0,1.0,0.6471,1.0,1.0,1.0,1.0,1.0,0.8333,1.0,1.0,0.6,0.8182
Arista Networks,Information Technology,1394,0.9874,0.0451,0.4901,0.7266,0.9191,0.9902,0.87,0.4212,0.687,0.9484,0.9199,0.9722,0.9952,0.8184,0.9706,0.9904,0.8077,0.7377
Aristocrat,Consumer Discretionary,1273,0.9757,0.1063,0.5413,0.9359,0.7378,0.9806,0.84,0.4244,0.7377,0.957,0.8702,0.9722,0.9811,0.9021,0.9205,0.9707,0.6944,0.848
Asahi Group Holdings,Materials,299,1.0,0.5075,0.5354,0.9084,0.8446,0.9797,0.7189,0.4758,0.6657,0.852,0.8053,0.9552,1.0,0.8954,0.875,1.0,0.7778,0.8163
Asahimas Flat Glass,Information Technology,22,1.0,-1.0,-0.4667,0.9688,0.75,1.0,0.9467,0.6,0.9167,0.9,0.75,1.0,1.0,1.0,1.0,1.0,0,1.0
ASE Global,Information Technology,6,1.0,-1.0,0.88,0.75,1.0,0.7464,1.0,1.0,1.0,1.0,1.0,0.7778,1.0,-1.0,0.4667,1.0,0,1.0
Ashok Leyland,Industrials,1551,1.0,0.1913,0.4265,0.9621,1.0,0.9948,0.8195,0.8521,0.7091,0.9094,0.8064,0.9924,0.9858,0.9071,0.8954,0.9806,1.0,0.9448
Ashtead Group,Industrials,2,0,0,0,0,0,1.0,1.0,1.0,1.0,1.0,1.0,0,0,1.0,0,1.0,0,1.0
Asian Paints,Materials,2316,0,0,0,0,0,0,0,0,0,0,0,0,0,0,0,0,0,0
Asia Vital Components,Information Technology,11,0,-1.0,1.0,1.0,0,1.0,1.0,0,1.0,0.5,0,1.0,1.0,0,0,1.0,0,0
ASICS,Consumer Discretionary,802,1.0,0.316,0.5178,0.9353,0.8205,0.9621,0.787,0.2533,0.7044,0.9516,0.9059,0.9669,0.9876,0.7923,0.9184,1.0,0.8621,0.6037
ASM,Information Technology,575,0.9732,0.3386,0.5167,0.9322,0.6304,0.9761,0.8879,0.7207,0.7989,0.9615,0.9203,0.9596,0.9466,0.8518,0.916,0.967,0.5385,0.8904
ASML,Information Technology,3552,0,0,0,0,0,0,0,0,0,0,0,0,0,0,0,0,0,0
ASPEED Technology,Information Technology,4,0,0,0,1.0,0,1.0,1.0,0.0,0,1.0,1.0,1.0,0,0,1.0,0,0,1.0
a.s.r.,Financials,36,1.0,-0.5,1.0,0.9143,0.8333,0.9617,0.3286,0.8571,1.0,0.8222,0.6,0.9259,1.0,0.7143,1.0,1.0,0,1.0
ASSA ABLOY Group,Industrials,1014,0.9871,0.2893,0.506,0.9182,0.7358,0.9406,0.8198,0.6123,0.6757,0.9773,0.8674,0.9441,0.9982,0.9324,0.9171,0.9643,0.6154,0.9117
Asset Wise,Financials,1,0,0,0,0,0,1.0,1.0,0,0,0,0,0,0,0,0,0,0,0
Associated British Foods,Consumer Staples,126,1.0,0.3886,0.418,0.7786,0.6923,1.0,0.7105,0.3939,0.7636,0.8906,0.7917,0.9012,1.0,0.625,1.0,0.8571,0.3333,0.6897
Astellas,Health Care,1037,0.9788,0.598,0.5055,0.9134,0.703,0.9921,0.708,0.5449,0.7254,0.9189,0.8628,0.9681,0.9897,0.8027,0.9407,1.0,0.84,0.8569
Astera Labs,Information Technology,123,1.0,0.5608,0.3284,0.7407,0.9375,1.0,1.0,0.6774,0.7943,1.0,1.0,1.0,1.0,0.75,1.0,0.9619,0.4,1.0
Astra International,Industrials,441,1.0,0.266,0.5279,0.8929,0.8667,1.0,0.7321,0.8019,0.7051,0.9617,0.5655,1.0,0.9927,0.9804,1.0,1.0,0.3333,0.9606
Astral Limited,Industrials,2,0,0,0,1.0,0,1.0,0,0,1.0,1.0,0,1.0,0,0,1.0,0,0,0
AstraZeneca,Health Care,8322,0,0,0,0,0,0,0,0,0,0,0,0,0,0,0,0,0,0
ASX,Financials,164,1.0,0.1993,0.4997,0.8575,0.4776,0.971,0.7487,0.3836,0.6746,0.9474,0.6805,0.9825,1.0,0.7576,0.8703,0.9821,1.0,0.6714
Atlas Copco Group,Industrials,2163,0,0,0,0,0,0,0,0,0,0,0,0,0,0,0,0,0,0
Atlassian,Information Technology,3896,0,0,0,0,0,0,0,0,0,0,0,0,0,0,0,0,0,0
Atmos Energy,Utilities,348,0.9825,0.2081,0.5474,0.9099,0.9155,0.9821,0.7534,0.6459,0.8034,0.9789,0.8372,0.989,0.995,0.7955,0.9864,1.0,0.7143,0.8534
AT&T,Communication Services,11020,0,0,0,0,0,0,0,0,0,0,0,0,0,0,0,0,0,0
Auckland International Airport,Industrials,51,1.0,0.6,0.1157,0.792,1.0,1.0,0.6762,1.0,1.0,1.0,0.9617,0.8,1.0,1.0,1.0,1.0,0,0.8
Aurobindo Pharma,Health Care,594,1.0,0.1098,0.4423,0.9631,0.9615,0.9922,0.8412,0.8379,0.7508,0.9624,0.8406,0.9854,0.9932,0.8289,0.921,1.0,1.0,0.8961
AU Small Finance Bank,Financials,1533,1.0,-0.0975,0.5578,0.9584,0.9562,0.9883,0.9572,0.6674,0.6618,0.957,0.9546,0.9882,0.9764,0.8433,0.9529,0.9658,0.7778,0.9651
Autodesk,Information Technology,5583,0,0,0,0,0,0,0,0,0,0,0,0,0,0,0,0,0,0
Automatic Data Processing Geauga County,Industrials,1,1.0,0,1.0,0,0,1.0,1.0,0,0,0,0,1.0,1.0,-1.0,0,0,0,1.0
Autotrader,Communication Services,625,0.9947,0.239,0.7268,0.6729,0.842,0.9888,0.9,0.6832,0.7534,0.9589,0.9364,0.9369,0.991,0.792,0.9552,1.0,0.9818,0.8525
AutoZone,Consumer Discretionary,7620,0,0,0,0,0,0,0,0,0,0,0,0,0,0,0,0,0,0
AvalonBay Communities,Real Estate,1199,0.9966,0.3116,0.6482,0.9227,0.9114,0.9817,0.8543,0.7836,0.7232,0.9847,0.8389,0.9923,0.999,0.8217,0.9392,0.9375,0.8431,0.939
Avery Dennison,Materials,1954,0.9939,0.4836,0.563,0.941,0.8433,0.9877,0.8161,0.6497,0.7556,0.9616,0.8711,0.9669,0.9797,0.8076,0.9236,0.9549,0.6774,0.9008
Aviva,Financials,2896,0,0,0,0,0,0,0,0,0,0,0,0,0,0,0,0,0,0
Avolta,Consumer Discretionary,110,1.0,-0.1923,0.3099,0.9699,0.9606,0.9787,0.8152,0.5586,0.2878,0.967,1.0,0.9565,0.9752,0.95,1.0,1.0,1.0,0.9286
AXA Group,Financials,247,1.0,0.5714,0.6374,0.8881,0.8333,0.9906,0.2519,0.6769,0.4667,0.9744,0.5648,0.9773,1.0,0.869,1.0,1.0,0,0.9167
Axia Energia,Utilities,15,1.0,1.0,1.0,1.0,0,1.0,0.3333,0.6667,1.0,1.0,1.0,1.0,0.8333,0.0,1.0,1.0,0,1.0
Axiata Group,Communication Services,237,1.0,0.2786,0.6133,0.9367,1.0,1.0,0.7289,0.3662,0.7,1.0,0.8868,1.0,1.0,0.641,0.8841,1.0,1.0,0.8864
Axis Bank,Financials,8494,0,0,0,0,0,0,0,0,0,0,0,0,0,0,0,0,0,0
Axon,Industrials,826,1.0,0.395,0.4043,0.8501,0.8979,0.9691,0.9117,0.6809,0.6515,0.986,0.9548,0.9736,0.9715,0.9218,0.8441,0.9795,0.873,0.7268
Ayala,Industrials,68,1.0,-0.3333,0.4667,0.8776,1.0,1.0,0.625,0.3095,0.7778,0.8189,0.8667,1.0,1.0,0.9167,0.8857,1.0,0,0.6667
Azrieli Group,Real Estate,16,1.0,0.0,1.0,1.0,0.5,1.0,1.0,-1.0,1.0,1.0,1.0,1.0,1.0,1.0,0,0,0,1.0
B3,Financials,28,1.0,0.2,-1.0,1.0,1.0,1.0,0.5,0.6667,1.0,1.0,0.6,1.0,1.0,1.0,1.0,1.0,0,1.0
BAE Systems,Industrials,4651,0,0,0,0,0,0,0,0,0,0,0,0,0,0,0,0,0,0
Baidu,Communication Services,1262,1.0,0.3561,0.5948,0.896,0.9211,0.9939,0.8525,0.4468,0.7368,0.9795,0.8787,1.0,0.9937,0.9631,0.9912,1.0,1.0,0.7508
Bajaj Auto,Consumer Discretionary,1447,1.0,0.3446,0.3444,0.8831,0.9024,0.9918,0.8321,0.7587,0.6337,0.9295,0.8041,0.9794,0.992,0.8675,0.9647,0.998,0.7273,0.9496
Bajaj Finance,Financials,2841,0,0,0,0,0,0,0,0,0,0,0,0,0,0,0,0,0,0
Bajaj Finserv,Financials,11,1.0,-1.0,1.0,1.0,0,1.0,0.85,1.0,-1.0,1.0,0,1.0,1.0,0.6,1.0,0,0,1.0
Baker Hughes,Energy,3730,0,0,0,0,0,0,0,0,0,0,0,0,0,0,0,0,0,0
Balkrishna Holidays,Consumer Discretionary,2,0,0,0,0,0,0,1.0,0,-1.0,1.0,0,0,1.0,0,1.0,0,0,0
Ball Corporation,Materials,754,0.9829,0.6398,0.4174,0.9534,0.5604,0.9641,0.7247,0.7484,0.6992,0.9358,0.8979,0.9118,1.0,0.9098,0.8492,0.9394,0.8333,0.9232
Banca Mediolanum,Financials,18,1.0,1.0,0.0,1.0,1.0,1.0,0.6,1.0,-0.2,1.0,1.0,1.0,1.0,1.0,0,1.0,0,1.0
Banca Monte dei Paschi di Siena,Financials,3,0,1.0,1.0,1.0,0,0,1.0,0,0,0,0,0,1.0,0,1.0,0,0,0
Banco BPM,Financials,7,0,0.0,0.0,1.0,0,1.0,1.0,0,0,1.0,0,1.0,1.0,0,1.0,0,0,1.0
Banco Bradesco,Financials,300,1.0,0.5799,0.3111,0.8797,0.9398,0.9952,0.734,0.7118,0.2963,0.8921,0.7115,0.9808,1.0,0.834,0.9394,0.9333,0.5,0.8016
Banco Comercial Português,Financials,114,1.0,0.3913,0.1389,0.9355,0.75,1.0,0.8638,0.7917,0.5,0.9115,0.6667,0.9167,1.0,0.8182,1.0,1.0,1.0,1.0
Banco de Chile,Financials,43,1.0,0.4,0.0,1.0,1.0,1.0,0.6364,0.8,1.0,0.6762,-0.5556,1.0,1.0,1.0,1.0,1.0,0,1.0
"Banco De Credito E Inversiones, S.A.",Financials,7,1.0,1.0,0,0,0,1.0,1.0,1.0,0,1.0,0.1429,1.0,1.0,0,1.0,1.0,0,1.0
Banco do Brasil,Financials,326,1.0,0.573,0.3039,0.9539,1.0,1.0,0.7931,0.6991,0.6456,0.9152,0.6667,0.9899,0.9929,0.8611,0.9487,1.0,0.0,0.9403
Banco Sabadell,Financials,125,1.0,0.6,0.4704,0.9163,0.7,0.9906,0.9369,0.6121,0.3333,0.8831,0.8571,0.904,1.0,0.7582,0.9,1.0,1.0,0.8421
BANDAI NAMCO,Consumer Discretionary,131,1.0,0.2773,0.4568,0.957,0.683,0.9975,0.6109,0.5494,0.8882,0.8324,0.8095,0.7648,0.9891,1.0,0.8661,1.0,0.8,0.7131
Bangkok Dusit Medical Services,Health Care,13,1.0,1.0,0.5,1.0,1.0,1.0,1.0,1.0,0.3846,0.75,1.0,1.0,1.0,1.0,1.0,1.0,1.0,1.0
Bank Albilad,Financials,85,1.0,0.3333,0.4762,1.0,0.8,1.0,0.8621,0.8205,0.6,1.0,0.9429,0.9733,1.0,1.0,0.6471,1.0,1.0,0.8
Bank AL Habib,Financials,298,1.0,0.4504,0.4883,0.9058,0.9412,0.9894,0.7907,0.9399,0.7461,0.862,0.4476,0.9251,1.0,0.7727,0.8217,1.0,0.7143,0.9
Bank Central Asia,Financials,677,1.0,0.2114,0.3803,0.9238,0.9778,0.9918,0.6142,0.8346,0.7438,0.949,0.744,1.0,1.0,0.8105,0.9333,0.9677,1.0,0.9767
Bank Hapoalim,Financials,365,1.0,0.4434,0.4797,0.9504,0.7143,0.9758,0.2848,0.8702,0.5714,0.9151,0.4335,0.9167,0.9873,0.7879,0.7905,1.0,1.0,0.7694
Bankinter,Financials,51,1.0,0.5,0.4375,0.6667,1.0,1.0,0.5556,0.3333,-0.25,0.86,0.8,1.0,1.0,0.6,1.0,1.0,1.0,1.0
Bank Leumi le-Israel,Financials,249,1.0,0.6942,0.1111,0.9247,0.4986,0.9828,0.4288,0.6995,0.0667,0.8972,0.6053,1.0,1.0,0.9231,0.875,1.0,0,0.8889
Bank Mandiri,Financials,827,1.0,0.1935,0.3799,0.9729,1.0,0.9923,0.8058,0.8117,0.5435,0.9214,0.5484,0.9773,0.9885,0.8727,0.9836,1.0,0.6429,1.0
Bank Millennium,Financials,41,1.0,0.6875,0.4375,0.7986,1.0,1.0,0.7802,0.75,1.0,1.0,0.8333,0.9333,1.0,1.0,1.0,1.0,1.0,1.0
Bank Negara Indonesia,Financials,377,1.0,0.2251,0.3944,0.8799,0.9706,0.987,0.7067,0.731,0.7658,0.9602,0.5882,0.9634,1.0,0.8636,0.8852,1.0,1.0,0.9113
Bank of America,Financials,10990,0,0,0,0,0,0,0,0,0,0,0,0,0,0,0,0,0,0
Bank of Baroda,Financials,1142,1.0,0.3927,0.3957,0.9798,0.9012,0.9859,0.833,0.951,0.5693,0.9391,0.7019,0.9525,0.9945,0.9078,0.9331,1.0,0.75,0.9276
Bank of Changsha,Financials,6,0,0,0,1.0,0,1.0,1.0,1.0,0,1.0,1.0,1.0,1.0,1.0,0,1.0,0,0
Bank of Chengdu,Financials,7,0,0,1.0,1.0,0,1.0,-1.0,1.0,0,1.0,1.0,1.0,1.0,0,1.0,0,0,0
Bank of Communications,Financials,567,1.0,0.1889,0.436,0.9281,0.7778,0.9834,0.5991,0.7626,0.5505,0.915,0.46,0.9432,1.0,0.8626,0.9129,1.0,1.0,0.8676
Bank of Hangzhou,Financials,10,0,0.8,-0.3333,-0.3333,0,1.0,1.0,-1.0,0,0,1.0,1.0,1.0,1.0,1.0,1.0,0,1.0
Bank of Ireland,Financials,1794,0.9672,0.4568,0.5409,0.9135,0.6844,0.9804,0.5479,0.4308,0.7577,0.9179,0.6334,0.9377,0.9868,0.7963,0.9398,0.973,0.8788,0.857
Bank Of Jiangsu,Financials,12,0,1.0,0,1.0,1.0,1.0,0.5,1.0,1.0,0.6667,0.0,0,1.0,1.0,1.0,0,0,1.0
Bank of Ningbo,Financials,33,1.0,0.2,1.0,0.6667,1.0,0.8151,1.0,-0.5,0.3333,1.0,0.8571,1.0,1.0,1.0,1.0,1.0,0,0.6
Bank of Shanghai,Financials,61,1.0,0.5833,0.4812,0.9474,1.0,1.0,0.8462,1.0,0.0,0.8909,0.2,1.0,1.0,1.0,1.0,1.0,0,1.0
Bank of Suzhou,Financials,5,0,1.0,0,0,0,0,-1.0,1.0,0,1.0,-1.0,0,0,0,0,0,0,0
Bank of the Philippine Islands,Financials,1200,1.0,-0.1835,0.1533,0.9486,0.9178,0.9804,0.6401,0.8228,0.3727,0.7905,0.4737,0.9707,0.9859,0.9097,0.9401,1.0,0.6923,0.9334
Bank Of Tokyo-Mitsubishi UFJ,Financials,902,0.9461,0.4442,0.5022,0.9493,0.8209,0.9735,0.5167,0.8984,0.6028,0.7123,0.1678,0.9749,1.0,0.862,0.9113,1.0,0.1429,0.8796
Bank of Yokohama,Financials,6,1.0,-1.0,0,0.3333,0,1.0,0.0,1.0,1.0,0.0,0.0,0.0,0,0,0,1.0,0,1.0
Bank Pekao SA,Financials,72,1.0,0.4167,0.4167,0.8917,1.0,1.0,0.6857,0.6364,0.1429,0.8571,0.8182,0.9649,1.0,0.7778,1.0,1.0,0,0.8947
Banque Bemo Saudi Fransi,Financials,16,1.0,1.0,1.0,1.0,1.0,1.0,1.0,1.0,-1.0,1.0,1.0,1.0,1.0,0,0,0,0,1.0
Barclays,Financials,19480,0,0,0,0,0,0,0,0,0,0,0,0,0,0,0,0,0,0
Barratt Redrow,Consumer Discretionary,883,0.9951,0.5052,0.7951,0.8723,0.7488,0.9798,0.8872,0.4263,0.6838,0.9643,0.8384,0.9835,0.9937,0.9491,0.8922,0.987,0.907,0.9514
Barrick Mining,Materials,467,0.9636,0.3397,0.6168,0.955,0.9219,0.9711,0.86,0.7274,0.6383,0.9466,0.8514,0.9615,1.0,0.9284,0.9165,1.0,1.0,0.9326
Barry Callebaut,Consumer Staples,608,1.0,0.3494,0.5234,0.8727,0.831,0.9775,0.8448,0.6514,0.6082,0.9776,0.9008,0.9527,0.9793,0.8878,0.9438,0.9282,0.5714,0.8663
BASF,Materials,3448,0,0,0,0,0,0,0,0,0,0,0,0,0,0,0,0,0,0
Baxter,Health Care,4994,0,0,0,0,0,0,0,0,0,0,0,0,0,0,0,0,0,0
Bayer,Health Care,6862,0,0,0,0,0,0,0,0,0,0,0,0,0,0,0,0,0,0
BBVA,Financials,2838,0,0,0,0,0,0,0,0,0,0,0,0,0,0,0,0,0,0
BCE,Communication Services,110,1.0,0.24,0.7381,0.8382,0.8571,0.9798,0.7814,0.3301,0.7714,0.9592,0.913,1.0,1.0,0.8022,0.8182,1.0,1.0,1.0
Beiersdorf,Consumer Staples,872,1.0,0.397,0.6451,0.8358,0.9212,0.9931,0.6546,0.6961,0.8233,0.8421,0.8345,0.9591,0.9861,0.7086,0.9591,0.9706,1.0,0.9088
Beijer Ref,Industrials,14,1.0,0.1667,1.0,1.0,1.0,1.0,0.8667,0.1667,1.0,1.0,0.7576,1.0,1.0,-1.0,1.0,1.0,1.0,1.0
Beijing,Industrials,1,0,0,0,1.0,1.0,0,0,0,-1.0,1.0,0,0,1.0,0,0,0,0,0
Beijing Enterprises,Utilities,4,0,0,0.0,0,0,1.0,0.0,1.0,0,1.0,0.0,1.0,0,1.0,1.0,0,0,1.0
Beijing Huijia,Financials,39,0.8,-0.3125,0.4857,0.9456,1.0,0.9444,0.9111,0.8,0.1148,1.0,0.6667,1.0,1.0,1.0,0.8667,1.0,0,1.0
Beijing Kunlun,Communication Services,17,0,0.1667,1.0,0.8571,1.0,1.0,1.0,0.0269,1.0,1.0,1.0,0.8333,1.0,1.0,1.0,1.0,1.0,1.0
Belimo,Industrials,71,1.0,0.5263,0.7353,0.8701,1.0,1.0,0.963,0.619,1.0,1.0,0.75,1.0,1.0,0.5385,0.931,1.0,0,1.0
Bell Flavors & Fragrances,Materials,44,1.0,-0.6667,0.75,0.8933,0.7143,0.9772,0.6875,0.619,1.0,0.8095,0.9333,1.0,0.8667,1.0,0.279,1.0,0,1.0
Bentley Systems,Information Technology,1599,0.9873,0.2521,0.5467,0.9132,0.8736,0.992,0.7227,0.5177,0.5634,0.9433,0.8603,0.9803,0.9926,0.8797,0.9401,0.9915,0.697,0.7241
Berkshire Hathaway,Financials,1032,1.0,0.2211,0.6503,0.8993,0.8963,0.9762,0.8384,0.4804,0.4707,0.9859,0.8258,0.9867,0.9955,0.8469,0.914,0.9669,0.8571,0.8835
Besi,Information Technology,165,1.0,0.3313,0.5769,0.9322,0.625,0.9897,0.5955,0.5091,0.559,1.0,0.9655,1.0,1.0,1.0,0.8095,1.0,0.0,0.9091
Best Buy,Consumer Discretionary,2980,0,0,0,0,0,0,0,0,0,0,0,0,0,0,0,0,0,0
Bestechnic,Information Technology,1,0,0,0,0,0,0,0,1.0,0,0,0,0,1.0,0,0,0,0,1.0
Bharat Electronics,Industrials,1820,1.0,0.237,0.4052,0.9433,0.866,0.9963,0.5721,0.751,0.7284,0.9463,0.7472,0.9488,0.9988,0.8997,0.8816,1.0,1.0,0.9092
Bharat Forge,Consumer Discretionary,3,0,1.0,1.0,1.0,0,1.0,1.0,1.0,1.0,1.0,1.0,1.0,1.0,0,0,1.0,1.0,0
Bharat Heavy Electricals,Industrials,1730,1.0,0.174,0.4924,0.9631,0.9858,0.9995,0.5645,0.8827,0.7101,0.9375,0.5472,0.9608,0.9946,0.8843,0.9291,0.9909,0.25,0.8778
Bharat Petroleum,Energy,1407,1.0,0.2835,0.3744,0.9531,0.9416,0.996,0.6998,0.8979,0.8011,0.9396,0.6505,0.9619,0.9838,0.9153,0.9306,0.9895,1.0,0.9512
Bharti Airtel,Communication Services,7867,0,0,0,0,0,0,0,0,0,0,0,0,0,0,0,0,0,0
BHP,Materials,2957,0,0,0,0,0,0,0,0,0,0,0,0,0,0,0,0,0,0
BID Group,Consumer Staples,53,1.0,-0.05,0.125,0.8889,0.875,0.9631,1.0,0.7045,0.3725,1.0,1.0,1.0,1.0,1.0,1.0,1.0,1.0,0.6
Bidvest,Industrials,226,1.0,0.5032,0.5826,0.8824,0.8696,0.9725,0.9133,0.6111,0.4122,0.9794,0.8462,0.968,1.0,0.9259,0.931,0.8824,1.0,0.8571
Bilibili,Communication Services,141,1.0,0.3462,0.7818,0.9667,1.0,0.9677,0.7462,0.5545,0.5455,1.0,0.9048,1.0,1.0,0.75,0.963,1.0,1.0,0.6
Biogen,Health Care,290,1.0,0.7523,0.6608,0.8794,0.8416,0.952,0.8378,0.466,0.871,0.976,0.9444,1.0,0.9625,0.5807,0.9759,1.0,0.5833,0.9189
Bizlink,Industrials,5,0,0,0,1.0,0,1.0,1.0,0,1.0,1.0,0,1.0,1.0,0,1.0,0,0,0
BKW,Utilities,21,1.0,0.5,-1.0,1.0,1.0,1.0,0.0924,0.7778,0.3333,0.4583,1.0,0.6667,1.0,1.0,0.9,1.0,0,1.0
BlackRock,Financials,7538,0.9569,0.3935,0.4261,0.8438,0.843,0.9562,0.7483,0.8185,0.5087,0.9614,0.6644,0.9769,0.9625,0.7798,0.9601,0.9641,0.8872,0.9201
Blackstone,Financials,993,1.0,0.3993,0.5378,0.924,0.9722,0.9651,0.8912,0.7686,0.8107,0.9559,0.6687,0.9616,0.9888,0.8297,0.9582,0.9856,0.8,0.9045
Block Inc.,Financials,3,1.0,0,0.6,1.0,1.0,1.0,1.0,0,1.0,1.0,1.0,1.0,0,1.0,0,0,0,1.0
Bloom Energy,Industrials,548,0.9949,0.3473,0.3732,0.9492,0.7577,0.9652,0.804,0.802,0.5569,0.9864,0.9621,0.9561,0.9849,0.8502,0.8261,0.957,0.8312,0.8633
BMW Group,Consumer Discretionary,3285,0,0,0,0,0,0,0,0,0,0,0,0,0,0,0,0,0,0
BNP Paribas,Financials,79,1.0,0.4357,0.625,0.8514,0.697,0.9934,0.6,0.6162,0.75,1.0,0.0303,0.9316,1.0,0.6154,0.9048,1.0,0,0.8182
BNY Investments,,15189,0,0,0,0,0,0,0,0,0,0,0,0,0,0,0,0,0,0
BOC Aviation,Industrials,30,1.0,0.3,0.4524,0.9608,0.8889,0.8947,0.9464,0.6667,0.6667,1.0,1.0,1.0,1.0,0.6,1.0,1.0,-0.1429,1.0
"BOE Technology Group Co., Ltd.",Information Technology,32,1.0,-0.5,0.8,1.0,1.0,1.0,0.4545,0.0,1.0,0.9412,1.0,1.0,1.0,1.0,1.0,1.0,0,0.5
Boliden,Materials,48,1.0,0.3333,0.75,1.0,1.0,0.8455,0.3571,0.6161,1.0,0.7778,0.8,0.8182,1.0,1.0,1.0,1.0,0,0.7582
Bombardier,Industrials,3994,0,0,0,0,0,0,0,0,0,0,0,0,0,0,0,0,0,0
Booking Holdings,Consumer Discretionary,160,1.0,0.0093,0.5556,0.7149,0.9688,1.0,0.7016,0.6406,0.7931,0.9588,0.9737,0.9667,0.9726,0.4762,0.9446,1.0,0.8333,0.967
Booz Allen Hamilton,Industrials,10953,0,0,0,0,0,0,0,0,0,0,0,0,0,0,0,0,0,0
Bosch,Consumer Discretionary,7,1.0,-1.0,1.0,1.0,1.0,1.0,1.0,0,0.6666,1.0,0,1.0,1.0,0,1.0,0,0,0
Bosideng,Consumer Discretionary,7,0,0,0.8333,1.0,0,1.0,1.0,-1.0,0,1.0,1.0,0,1.0,0,0,0,0,1.0
Boston Scientific,Health Care,6113,0,0,0,0,0,0,0,0,0,0,0,0,0,0,0,0,0,0
Boubyan Bank,Financials,44,1.0,1.0,0.6,0.8182,1.0,1.0,0.8409,0.7037,1.0,0.9503,0.6667,1.0,1.0,1.0,0.5,1.0,0,1.0
BPER Banca,Financials,14,0,1.0,0,0,1.0,0.8182,0.3333,1.0,1.0,1.0,1.0,1.0,1.0,1.0,1.0,1.0,0,0.0
Brambles,Industrials,166,1.0,0.3895,0.1715,0.9271,0.8804,0.9765,0.7298,0.4603,0.6568,0.9781,0.7333,1.0,1.0,0.7,0.8772,0.875,1.0,1.0
Bren,Utilities,28,1.0,0.95,0.6,0.8125,0.6,1.0,1.0,1.0,1.0,1.0,1.0,1.0,1.0,1.0,1.0,0.5,1.0,1.0
Brenntag,Industrials,725,1.0,0.3474,0.5714,0.9691,0.7761,0.9558,0.8313,0.5506,0.5805,0.9526,0.9132,0.9104,0.9918,0.9463,0.8884,0.9487,0.8634,0.801
Bridgestone Global,Consumer Discretionary,457,1.0,0.3752,0.6429,0.9679,0.882,0.97,0.7056,0.8127,0.7238,0.8071,0.6704,0.9399,0.9928,0.913,0.947,1.0,0.7143,0.9778
Bristol,Health Care,19,0,0,0.0,1.0,0,1.0,1.0,0.3333,-1.0,1.0,1.0,1.0,1.0,0,0,1.0,0,1.0
Britannia Industries Limited,Consumer Staples,517,1.0,0.2681,0.6576,0.9533,0.9757,0.9895,0.8262,0.8516,0.7919,0.9812,0.6623,0.9846,0.9958,0.907,0.9322,0.8462,0.0,0.9259
Broadcom,Information Technology,160,1.0,0.0714,0.7672,0.9151,1.0,0.9726,0.9546,0.68,0.7676,1.0,0.9,1.0,1.0,0.9526,1.0,1.0,0.3333,0.8947
Broadridge,Industrials,3528,0,0,0,0,0,0,0,0,0,0,0,0,0,0,0,0,0,0
Brookfield,Financials,554,1.0,0.5469,0.5267,0.8712,0.7101,0.9559,0.8949,0.7759,0.7197,0.9507,0.6635,0.9829,0.9687,0.7079,0.9368,1.0,0.8333,0.9894
Brookfield Renewable,Utilities,331,1.0,0.3948,0.4395,0.8543,0.8196,0.9472,0.9006,0.8567,0.7268,0.9527,0.899,0.9764,1.0,0.5101,0.9907,1.0,0.5325,0.9104
Brown,Consumer Staples,12,1.0,0,-1.0,1.0,0,1.0,1.0,1.0,0,1.0,0,0,1.0,0,0,0,0,1.0
Brown & Brown,Financials,1221,0.979,0.1402,0.5356,0.9108,0.7267,0.94,0.8699,0.5262,0.4226,0.964,0.81,0.9158,0.9874,0.827,0.8671,0.9845,0.6923,0.8771
BRPT,Materials,1,1.0,0,0,0,0,1.0,0,0,1.0,1.0,0,0,0,0,0,0,0,0
Bruxelles Lambert,Financials,3,0,1.0,0,1.0,0,0,0,0,0,1.0,0,0,1.0,0,0,1.0,0,0
BSE,Financials,254,1.0,0.0663,0.564,0.8991,0.7846,1.0,0.6657,0.6136,0.5367,0.8834,0.7917,0.9382,1.0,0.6753,0.8537,1.0,0,0.898
BTG Pactual,Financials,306,0.9677,0.481,0.4927,0.7287,1.0,0.963,0.9791,0.7895,0.602,0.9907,0.8742,0.9744,1.0,0.9587,0.9596,1.0,1.0,1.0
BT Group,Communication Services,1000,0.9902,0.4723,0.6116,0.931,0.7777,0.9855,0.6716,0.4567,0.6003,0.9487,0.7325,0.9667,0.9776,0.7818,0.8595,1.0,0.5385,0.7439
Budimex,Industrials,25,1.0,0.5,0.3333,1.0,0,0.8333,1.0,0,1.0,1.0,1.0,1.0,1.0,1.0,1.0,1.0,0,1.0
Builders FirstSource,Industrials,800,0.9767,0.4381,0.4701,0.939,0.875,0.9606,0.8359,0.5741,0.7581,0.9607,0.8633,0.9571,0.9907,0.9581,0.7548,0.9662,0.9,0.6875
Bumrungrad International Hospital,Health Care,43,1.0,0.6615,0.4286,0.825,0.7714,1.0,0.6,0.6429,1.0,0.9091,0.5,0.9487,1.0,1.0,0.6667,1.0,1.0,1.0
Bunge Limited,Consumer Staples,357,1.0,0.1741,0.4389,0.95,0.8665,0.982,0.7184,0.711,0.6875,0.9098,0.7523,0.913,0.9853,0.8636,0.9781,1.0,-1.0,0.8871
Bunzl,Industrials,695,0.9881,0.1739,0.5861,0.9241,0.6776,0.9501,0.8879,0.6164,0.6213,0.9051,0.8182,0.9209,0.9896,0.871,0.757,1.0,0.6667,0.8598
Bureau Veritas,Industrials,3011,0,0,0,0,0,0,0,0,0,0,0,0,0,0,0,0,0,0
Burlington Stores,Consumer Discretionary,7380,0,0,0,0,0,0,0,0,0,0,0,0,0,0,0,0,0,0
BUZZI UNICEM,Materials,6,0,0,0.0,1.0,1.0,1.0,1.0,1.0,1.0,1.0,1.0,1.0,0,1.0,1.0,1.0,0,0
BXP,Real Estate,196,1.0,0.2523,0.5336,0.8811,0.8814,0.9912,0.697,0.6225,0.7745,0.88,0.637,0.9135,1.0,0.8836,1.0,0.9375,0,0.9496
BYD,Consumer Discretionary,422,0.9269,0.4648,0.2021,0.9578,0.9875,0.9639,0.8283,0.7727,0.612,0.9901,0.8361,0.935,1.0,0.9697,0.9571,1.0,1.0,0.7164
Cadence Design Systems,Information Technology,3145,0,0,0,0,0,0,0,0,0,0,0,0,0,0,0,0,0,0
CAE,Industrials,2142,0.9864,0.3475,0.4974,0.9103,0.8059,0.9717,0.7485,0.2119,0.5337,0.9667,0.8511,0.9439,0.9984,0.8624,0.8727,0.98,0.6093,0.8886
Caitong Securities,Financials,43,0,0.5556,0.5714,1.0,1.0,1.0,1.0,0.8,-1.0,0.7895,1.0,1.0,1.0,1.0,1.0,1.0,0,0.7778
CaixaBank,Financials,149,1.0,0.6552,0.3,0.9394,0.6471,1.0,0.776,0.7059,0.1548,0.821,0.36,0.9804,1.0,0.8846,1.0,1.0,1.0,0.9503
Caliway Biopharmaceuticals,Health Care,3,0,0,1.0,1.0,0,1.0,0,1.0,0,0,0,0,1.0,0,0,0,0,0
Cambricon,Information Technology,10,1.0,-1.0,0.0,1.0,1.0,1.0,1.0,1.0,1.0,1.0,1.0,1.0,1.0,0,0,1.0,0,0
Cameco,Energy,158,1.0,0.5977,0.7147,0.963,0.7561,1.0,0.6593,0.7717,0.888,0.9497,0.7997,1.0,1.0,0.625,0.8645,0.8227,0.5,0.8567
Campari Group,Consumer Staples,245,0.986,0.3581,0.6051,0.7323,0.9216,0.986,0.862,0.6728,0.7455,0.9437,0.9219,0.9552,0.9889,0.9093,0.9822,1.0,0.8,0.9396
Canadian Natural,Energy,1189,1.0,0.5245,0.5602,0.8731,0.7401,0.9448,0.7828,0.8242,0.6274,0.9445,0.6543,0.9753,0.9787,0.9168,0.8636,1.0,0.7273,0.9211
Canadian Tire,Consumer Discretionary,5806,0,0,0,0,0,0,0,0,0,0,0,0,0,0,0,0,0,0
Canadian Utilities,Utilities,3,0,1.0,0,1.0,0,1.0,1.0,0.6666,0,1.0,0.0,1.0,1.0,1.0,1.0,0,0,0
Canara Bank,Financials,922,0.9643,0.0563,0.3671,0.9914,0.827,0.9709,0.9097,0.899,0.6185,0.9378,0.6292,0.991,1.0,0.9502,0.9686,0.9403,1.0,0.9511
Canon,Information Technology,2216,0,0,0,0,0,0,0,0,0,0,0,0,0,0,0,0,0,0
Capcom,Communication Services,160,0.9302,0.2123,0.6469,0.944,0.55,0.955,0.821,0.8304,0.5535,0.9415,0.6898,0.9815,0.9667,0.9397,0.8788,1.0,0.8333,0.7814
Capgemini,Information Technology,12039,0,0,0,0,0,0,0,0,0,0,0,0,0,0,0,0,0,0
CapitaLand,Real Estate,813,1.0,0.5191,0.5761,0.9533,0.8293,0.9964,0.4754,0.84,0.805,0.8967,0.599,0.9387,0.991,0.8,0.8939,0.9535,1.0,0.969
Capital Group,Asset Management,2570,0,0,0,0,0,0,0,0,0,0,0,0,0,0,0,0,0,0
Capitec Bank,Financials,1044,1.0,0.1692,0.3154,0.9242,0.8771,0.9767,0.9544,0.6766,0.0742,0.972,0.9429,0.9633,0.9979,0.9415,0.8993,0.9831,1.0,0.9424
Cardinal Health,Health Care,5316,0,0,0,0,0,0,0,0,0,0,0,0,0,0,0,0,0,0
Carlisle Companies,Industrials,272,1.0,0.6153,0.341,0.948,0.6228,0.9704,0.9164,0.6407,0.7901,0.9788,0.8857,0.914,0.9863,0.8125,0.7225,1.0,0.5,0.8462
Carlsberg Group,Consumer Staples,713,1.0,0.3838,0.6605,0.9404,0.9078,0.9845,0.8183,0.5833,0.8098,0.9082,0.8833,0.9852,0.974,0.883,0.9454,1.0,0.6471,0.8537
Carlyle Group,Financials,380,1.0,0.5879,0.6264,0.9228,0.7521,0.9779,0.8898,0.6955,0.7804,0.9542,0.7071,0.9722,0.9926,0.7976,0.9654,0.973,1.0,0.9219
Carnival Corporation & plc,Consumer Discretionary,1626,1.0,0.3784,0.5065,0.9295,0.7919,0.956,0.8249,0.6286,0.7032,0.9846,0.911,0.9934,0.9934,0.8882,0.8752,1.0,0.8857,0.9136
Carrefour,Consumer Staples,1084,1.0,0.2749,0.684,0.9294,0.871,0.9829,0.8204,0.5637,0.5321,0.9608,0.9212,0.9663,0.9971,0.9429,0.9673,0.9775,0.3333,0.9136
Carrier,Industrials,2292,0,0,0,0,0,0,0,0,0,0,0,0,0,0,0,0,0,0
CARVANA,Consumer Discretionary,500,1.0,0.3703,0.4371,0.9481,0.7216,0.9359,0.8696,0.7449,0.7324,0.9631,0.9673,0.9385,0.9718,0.9062,0.789,1.0,0.8286,0.7589
Catcher Technology,Information Technology,2,0,0,0,1.0,0,1.0,0,-1.0,0,1.0,0,1.0,0,1.0,1.0,0,0,-1.0
Caterpillar,Industrials,4110,0,0,0,0,0,0,0,0,0,0,0,0,0,0,0,0,0,0
Cathay Financial Holding,Financials,108,1.0,0.5278,0.4,0.8378,1.0,1.0,0.4874,0.8462,1.0,0.5899,0.625,1.0,1.0,1.0,1.0,1.0,1.0,0.8889
Cboe,Financials,356,0.9574,0.3621,0.6459,0.9234,0.8698,0.9842,0.7488,0.4879,0.9535,0.9116,0.7124,0.9171,0.9818,0.7543,0.9647,0.9608,0.7778,0.7429
CBRE Group Inc,Real Estate,2,0,0,1.0,0.0,0,0,0,1.0,0,1.0,0,0,1.0,0,0,0,0,1.0
CCL Industries,Materials,200,1.0,0.3898,0.5881,0.9418,0.3973,0.9402,0.9333,0.9167,0.6729,0.9702,0.8511,0.8768,0.9857,1.0,0.6333,1.0,0.6,0.9556
CD PROJEKT RED,Communication Services,192,0.9649,0.2028,0.4309,0.982,0.6459,0.9589,0.9143,0.6491,0.4706,0.9892,0.9149,0.942,1.0,0.9333,0.9214,0.9444,1.0,0.6104
CDW,Information Technology,5047,0,0,0,0,0,0,0,0,0,0,0,0,0,0,0,0,0,0
CelcomDigi,Communication Services,174,1.0,0.4115,0.6265,0.8405,0.6667,0.9864,0.8111,0.3816,0.6522,0.9524,0.9474,1.0,0.9825,1.0,0.9754,1.0,0.3333,1.0
Celestica,Information Technology,1411,1.0,0.2183,0.5114,0.9332,0.8187,0.9904,0.8149,0.5144,0.7059,0.9432,0.9633,0.9605,0.9944,0.8425,0.9393,1.0,0.9,0.8363
Cellnex Telecom,Communication Services,85,1.0,0.0964,0.406,0.8054,0.7083,0.975,0.9565,0.2987,0.5417,0.975,0.9596,0.9412,1.0,1.0,1.0,1.0,0.6,0.9121
Celltrion,Health Care,147,0.9328,0.6519,0.0336,0.9643,0.6957,0.9177,0.875,0.7792,0.7286,0.9524,0.7564,0.9459,1.0,1.0,0.9556,1.0,0.0,0.9375
CEMEX,Materials,731,0.971,0.4043,0.4399,0.929,0.8727,0.9746,0.8768,0.658,0.7391,0.9656,0.8447,0.9736,1.0,0.8876,0.937,0.9818,1.0,0.8536
Cencora,Health Care,3652,0,0,0,0,0,0,0,0,0,0,0,0,0,0,0,0,0,0
Cencosud,Consumer Staples,131,1.0,0.381,0.2667,1.0,1.0,0.9852,0.8857,0.8571,0.5385,0.9643,0.7143,0.931,1.0,0.8571,1.0,0.9365,1.0,1.0
Cenovus,Energy,1017,0.9806,0.3417,0.4964,0.9578,0.7566,0.9628,0.8075,0.7535,0.6514,0.9727,0.8419,0.9214,0.9912,0.9313,0.8114,0.9886,0.6522,0.8951
Centene,Health Care,5850,0,0,0,0,0,0,0,0,0,0,0,0,0,0,0,0,0,0
CenterPoint Energy,Utilities,1019,0.998,0.2631,0.4064,0.9083,0.8542,0.975,0.6712,0.5428,0.7307,0.9366,0.8583,0.9675,0.9808,0.922,0.8878,0.9582,0.7273,0.8413
Central Japan Railway,Industrials,11,0.3333,0.0,1.0,1.0,0,1.0,1.0,1.0,1.0,0.4127,-0.6667,1.0,1.0,0,1.0,1.0,0,1.0
Central Pattana,Real Estate,22,1.0,1.0,0.5,0.9286,1.0,1.0,0.6,0.5,1.0,0.9167,1.0,1.0,1.0,0,1.0,0,0,1.0
Centrica,Utilities,1242,1.0,0.3054,0.6539,0.9224,0.8518,0.984,0.6938,0.3408,0.761,0.9511,0.7878,0.9501,0.9884,0.8997,0.9662,0.9745,0.7622,0.8674
CEZ,Utilities,64,1.0,0.4,0.4375,0.8889,0.8857,1.0,0.6271,0.625,0.75,0.84,0.4118,1.0,1.0,1.0,0.8,1.0,1.0,0.8571
CF Industries,Materials,275,1.0,0.5692,0.5771,0.9543,0.8901,0.9796,0.7677,0.5348,0.7228,0.9075,0.7731,0.9565,1.0,0.9444,0.9583,0.9444,0.4286,0.8864
CGI,Information Technology,4730,0,0,0,0,0,0,0,0,0,0,0,0,0,0,0,0,0,0
CGN Global,Utilities,141,0.9261,0.3939,0.4406,0.8129,0.8878,1.0,0.9552,0.5221,0.0667,0.9853,0.8889,0.9533,0.9699,0.6282,0.9667,1.0,0.75,1.0
CG Power and Industrial Solutions,Industrials,505,1.0,0.3063,0.3926,0.9792,0.8639,0.9981,0.6286,0.8075,0.5208,0.9427,0.7297,0.9803,0.9866,0.7939,0.9328,0.9775,0.5,0.987
Chailease Holding,Financials,8,1.0,0.0,1.0,1.0,1.0,1.0,0.3333,0.0,1.0,1.0,1.0,1.0,1.0,0,0,0,0,0
Chandra Asri Petrochemical (CAP),Materials,123,1.0,0.43,0.57,0.92,1.0,1.0,0.8233,0.9286,1.0,0.8537,1.0,0.9412,1.0,0.9,0.8333,1.0,0,1.0
Changchun American International School,Health Care,27,1.0,0.3099,0.8132,0.9524,0.7251,0.5447,0.9787,0.9394,0.8121,0.9515,0.6333,1.0,1.0,0.8333,0.8545,1.0,1.0,1.0
Changhong Electric,Consumer Discretionary,14,1.0,-0.5,1.0,1.0,1.0,1.0,0,-1.0,0,0.5918,1.0,1.0,1.0,0,1.0,1.0,0,1.0
Chang Hwa Bank,Financials,31,1.0,1.0,-0.25,1.0,1.0,1.0,0.7222,0.75,0.0,0.4545,0.0,0.6,1.0,1.0,1.0,1.0,0,1.0
Changjiang Securities,Financials,86,1.0,0.0476,0.7474,0.9091,1.0,1.0,0.9464,0.7143,0.0,1.0,1.0,1.0,1.0,0.6,0.8571,1.0,0,1.0
Changzhou Xingyu Automotive Lighting Systems,Consumer Discretionary,2,0,0,0,0,0,1.0,0,0,0,0,0,0,0,0,0,0,0,0
Chaozhou Three Circle(Group),Information Technology,2,0,0,1.0,0,0,0,0,0,0,0,0,0,0,0,0,1.0,0,0
Charles Schwab,Financials,8367,0,0,0,0,0,0,0,0,0,0,0,0,0,0,0,0,0,0
Charoen Pokphand Foods,Consumer Staples,172,1.0,0.15,0.4569,0.9082,0.6364,0.9792,0.5883,0.6729,0.6923,0.8593,0.8095,1.0,0.9825,0.9731,0.9027,1.0,1.0,0.9223
Charoen Pokphand Indonesia,Consumer Staples,38,1.0,-0.2,0.1818,0.8333,1.0,1.0,0.5556,0.8889,1.0,0.8134,0.3333,0.9259,1.0,1.0,1.0,1.0,0,1.0
Charter Global,Communication Services,229,1.0,-0.0845,0.7462,0.9419,1.0,0.9869,0.8057,0.638,0.0871,0.9937,0.9487,0.9877,0.9891,0.8661,0.9623,1.0,0.2,0.9757
Check Point Software Technologies,Information Technology,2823,0,0,0,0,0,0,0,0,0,0,0,0,0,0,0,0,0,0
Cheniere Energy,Energy,243,1.0,0.4452,0.774,0.8602,0.8969,0.9659,0.9398,0.7911,0.6335,0.9835,0.8533,1.0,0.9923,0.875,0.973,1.0,0.6667,0.8977
Chevron,Energy,6947,0,0,0,0,0,0,0,0,0,0,0,0,0,0,0,0,0,0
Chiba Bank,Financials,5,0,0.8182,0,1.0,0,1.0,1.0,1.0,1.0,1.0,1.0,1.0,1.0,1.0,1.0,0,0,0.7576
China Airlines,Industrials,142,1.0,0.0294,0.8667,0.9697,0.8182,1.0,0.7071,0.6396,0.7143,0.8519,0.4841,0.9388,1.0,0.9474,0.9048,1.0,0,0.7619
China CITIC Bank,Financials,431,1.0,0.3837,0.7099,0.9261,0.7222,0.9839,0.8235,0.6741,0.5667,0.898,0.6341,0.9839,1.0,0.9623,0.9437,1.0,1.0,0.9298
China Coal Energy,Energy,4,1.0,1.0,0,0,0,1.0,1.0,-1.0,0,1.0,1.0,0,1.0,0,0,0,0,1.0
China Communications Services,Industrials,6,1.0,0,1.0,1.0,0,1.0,1.0,1.0,1.0,1.0,1.0,1.0,1.0,0.5,0,1.0,1.0,1.0
China Construction Bank,Financials,976,1.0,0.498,0.6805,0.9306,0.8019,0.9939,0.6894,0.7573,0.1604,0.9214,0.5858,0.9576,0.9988,0.9359,0.9713,1.0,0.2,0.9149
China Energy Engineering,Industrials,26,1.0,0.4286,0.5,1.0,1.0,1.0,1.0,0.7143,1.0,1.0,1.0,0.8961,1.0,1.0,0.8,1.0,0,1.0
China Everbright Bank,Financials,72,1.0,-0.0667,0.4898,1.0,1.0,0.9778,1.0,0.6923,0.4286,0.9167,0.1667,0.75,1.0,1.0,0.8,1.0,0,0.7778
China First Metallurgical Group,Industrials,3,0,0,0,1.0,0,1.0,1.0,0,0,0,0,0,0,1.0,0,0,0,0
China Gas Holdings,Utilities,3,1.0,0,1.0,1.0,1.0,1.0,1.0,1.0,0.4285,1.0,0,0,1.0,1.0,0,0,0,1.0
China Gold International Resources Ltd.,Materials,1,0,0,0,0,0,1.0,0.0,1.0,0,0,0,1.0,0,0,0,0,0,0
China Life Insurance,Financials,225,1.0,0.1964,0.7,0.9887,1.0,1.0,0.8814,0.6677,0.6667,0.958,0.5,0.8125,1.0,0.8261,1.0,1.0,1.0,0.8788
China Literature,Communication Services,7,0,0.0,0,0.0,0,1.0,0.5715,1.0,0,1.0,1.0,1.0,1.0,0,1.0,1.0,0,1.0
China Mengniu Dairy,Consumer Staples,14,1.0,1.0,1.0,1.0,1.0,1.0,1.0,1.0,1.0,1.0,0,0.8,1.0,1.0,1.0,1.0,0,1.0
China Merchants,Industrials,56,1.0,0.8182,1.0,1.0,1.0,1.0,0.5966,0.5789,1.0,1.0,0.0,1.0,1.0,1.0,0.75,1.0,1.0,1.0
China Merchants Bank,Financials,586,1.0,0.3563,0.5816,0.9079,0.9474,0.9715,0.8566,0.7823,0.3903,0.9247,0.641,0.9919,1.0,0.9596,0.9294,1.0,1.0,0.9506
China Merchant Securities,Financials,305,1.0,0.5828,0.6735,0.8976,1.0,0.9869,0.9459,0.5595,0.5366,0.9619,0.7931,0.9483,1.0,0.9412,0.9672,1.0,1.0,0.9583
China Minsheng Banking,Financials,205,1.0,0.537,0.5238,0.8714,1.0,0.9815,0.8382,0.6512,0.4783,0.9689,0.7857,1.0,1.0,0.9118,1.0,1.0,0,0.7778
China National Building Material,Materials,11,1.0,1.0,1.0,0,0,1.0,1.0,-1.0,0,1.0,1.0,0.6666,1.0,1.0,1.0,0,0,0
China National Chemical Engineering,Industrials,30,1.0,0.8,0.6,1.0,1.0,0.9179,0.9167,0.6667,1.0,1.0,0.3333,1.0,1.0,1.0,1.0,1.0,0,1.0
China Nonferrous Mining,Materials,2,1.0,0,-1.0,0,1.0,1.0,1.0,-1.0,0,1.0,1.0,1.0,1.0,0,0,1.0,0,0
China Oilfield Services,Energy,22,1.0,0.3333,0,1.0,0,1.0,1.0,0.0,0,1.0,1.0,1.0,1.0,0,1.0,1.0,0,1.0
China Overseas Land & Investment,Real Estate,12,0,0.0,0,1.0,0,1.0,0.3333,1.0,1.0,1.0,0,1.0,1.0,0,1.0,0,0,1.0
China Pacific Insurance,Financials,40,0,1.0,0.0,1.0,1.0,1.0,0.7937,0.5,1.0,1.0,0.625,1.0,1.0,1.0,1.0,1.0,0,1.0
China Power,Utilities,10,1.0,1.0,1.0,1.0,1.0,1.0,0.8928,0.3333,1.0,1.0,0.8334,1.0,1.0,1.0,1.0,1.0,0,0.3333
China Railway Group,Industrials,59,1.0,0.3333,0.5556,1.0,1.0,1.0,1.0,0.2063,0.3333,1.0,0.5,1.0,1.0,1.0,0.6667,1.0,0,1.0
China Resources Land,Real Estate,32,0,1.0,0.3333,0.7778,1.0,1.0,0.75,0.6,0.3333,1.0,1.0,1.0,1.0,1.0,1.0,1.0,0,0.0
China Resources Logic,Utilities,2,1.0,0,0,1.0,0,0,1.0,0,1.0,1.0,1.0,1.0,0,0,0,1.0,0,0
China Resources Micro,Information Technology,1,0,0,0,0,0,1.0,0,0,0,0,0,0,0,0,0,0,0,0
China Resources Power,Utilities,1,0,0,0,0,0,1.0,0,0,0,0,0,1.0,0,0,0,0,0,0
China Securities,Financials,198,1.0,0.7763,0.6923,0.7143,1.0,0.9612,0.9556,0.6753,-0.0909,1.0,1.0,1.0,1.0,1.0,0.9444,1.0,1.0,1.0
China Shenhua Energy,Energy,8,0,1.0,1.0,1.0,1.0,1.0,0.3333,1.0,0,1.0,0,0,1.0,1.0,0,1.0,0,0
China State Construction Engineering,Industrials,317,1.0,0.3529,0.6444,0.9485,0.8824,0.9667,0.8183,0.7222,0.495,0.9675,0.8229,1.0,1.0,0.8485,0.9829,1.0,0.8667,0.9444
China State Construction International Holdings,Industrials,16,0,1.0,0,0.3333,0,1.0,0,1.0,1.0,1.0,0,1.0,1.0,1.0,1.0,1.0,0,1.0
China Steel,Materials,29,1.0,0.3333,1.0,1.0,1.0,1.0,0.5568,0.8889,0.0,0.6667,0.8571,1.0,1.0,1.0,1.0,1.0,1.0,1.0
China Taiping Insurance Group,Financials,193,0.8182,-0.2381,0.7857,0.981,1.0,0.9608,0.7756,0.629,0.8235,0.9135,0.64,0.9643,1.0,0.8095,1.0,1.0,-1.0,0.9048
China Tower,Communication Services,3,1.0,-1.0,1.0,0.5,1.0,1.0,1.0,0.5,-1.0,1.0,-1.0,1.0,1.0,0,1.0,1.0,0,0.0
China Vanke,Real Estate,121,1.0,0.5429,0.5,0.8182,1.0,1.0,0.9394,0.3684,0.75,1.0,0.8182,1.0,1.0,0.875,1.0,1.0,1.0,1.0
China XD Group,Industrials,3,1.0,-1.0,-1.0,1.0,0,1.0,1.0,-1.0,1.0,1.0,1.0,1.0,0,0,1.0,0,0,1.0
China Yangtze Power,Utilities,2,0,0,0,1.0,0,0,0,1.0,0,1.0,0,0,1.0,0,1.0,0,0,0
China Zheshang Bank,Financials,25,1.0,1.0,0.0,1.0,1.0,1.0,1.0,1.0,0.0,1.0,1.0,1.0,1.0,1.0,1.0,1.0,0,1.0
Chocoladefabriken Lindt & Sprüngli AG Lindt & Sprüngli,Consumer Staples,1,0,0,-1.0,0,0.0,1.0,0,0,1.0,1.0,0,0,1.0,0,0,0,0,0
Cholamandalam Investment & Finance,Financials,408,1.0,-0.1184,0.354,0.966,1.0,0.9978,0.8887,0.7404,0.6577,0.9107,0.8108,0.9588,0.9722,0.974,0.9233,1.0,0.3333,1.0
Chongqing Rural Commercial Bank,Financials,4,0,0,1.0,0,0,1.0,1.0,0,0,0,0,0,1.0,0,0,0,0,0
Chow Tai Fook Jewellery,Consumer Discretionary,139,1.0,-0.2842,0.7356,1.0,0.6,1.0,0.8254,0.4909,1.0,0.5355,0.5652,1.0,1.0,0.6923,0.95,1.0,-1.0,0.8746
C.H. Robinson,Industrials,4074,0,0,0,0,0,0,0,0,0,0,0,0,0,0,0,0,0,0
Chroma ATE Inc.,Information Technology,57,1.0,0.4583,0.7167,0.956,0.0,1.0,0.619,0.7714,0.6591,0.92,0.6061,1.0,1.0,0.7582,0.7778,1.0,1.0,1.0
Chubb Insurance,Financials,332,1.0,0.2718,0.6355,0.9343,0.8485,0.9586,0.8024,0.5399,0.6289,0.9901,0.763,0.9547,1.0,0.8214,0.8774,1.0,0.3333,0.9231
Chubu Electric Power,Utilities,3,0,0.0,0,1.0,1.0,1.0,1.0,0,1.0,-1.0,0,1.0,1.0,1.0,1.0,1.0,0,1.0
Chugai Pharmaceutical,Health Care,90,1.0,0.6471,0.808,0.9398,0.974,0.9899,0.5765,0.4249,1.0,0.7645,0.7619,1.0,1.0,0.7778,0.76,1.0,0.3333,1.0
Chunghwa Telecom,Communication Services,170,1.0,0.5243,0.7668,0.9247,1.0,1.0,0.5045,0.8198,0.5346,0.649,0.3118,0.8539,1.0,0.7931,0.9333,1.0,0,0.9828
Church & Dwight,Consumer Staples,748,0.9963,0.3617,0.5864,0.8722,0.8196,0.9585,0.8374,0.8069,0.5921,0.9362,0.8716,0.9392,0.9915,0.7763,0.8418,1.0,0.6,0.9146
CIBEST,Financials,1,0,0,0,0,0,0,0,0,0,0,0,1.0,0,0,0,0,0,1.0
Ciena,Information Technology,1460,0.9851,-0.078,0.6427,0.8975,0.896,0.9925,0.821,0.2929,0.8127,0.9719,0.8725,0.9754,0.9877,0.7743,0.9481,1.0,0.7647,0.9459
CIMB Group,Financials,2105,0.9903,0.2618,0.529,0.9209,0.8578,0.9748,0.7329,0.7748,0.6052,0.9523,0.7141,0.9744,0.9847,0.925,0.9479,0.9643,0.6842,0.9372
Cintas,Industrials,6686,0,0,0,0,0,0,0,0,0,0,0,0,0,0,0,0,0,0
Cipla,Health Care,1765,0.9853,0.1382,0.5396,0.947,0.8975,0.9903,0.8558,0.751,0.7857,0.9802,0.8077,0.9812,0.9656,0.9295,0.9285,1.0,0.8571,0.9085
Cisco Systems,Information Technology,30,1.0,-0.2,0.25,1.0,1.0,1.0,0.5,0.5556,1.0,1.0,0.375,1.0,1.0,0.5,1.0,1.0,0,0.3333
CITIC Securities,Financials,604,1.0,0.6381,0.677,0.9034,0.7647,0.9914,0.9057,0.7158,0.4895,0.9807,0.6923,0.9739,1.0,0.9223,0.9467,1.0,1.0,0.9633
CITIGROUP MODULAR,Financials,1,0,0,1.0,0,1.0,0,0,0,0,0,0,1.0,1.0,0,0,0,0,0
Citizens Financial Group,Financials,37,1.0,0.6,0.5192,0.8824,0.3333,0.9286,0.8125,0.6,0.2841,1.0,0.8571,1.0,0.7641,0.625,0.8462,1.0,0,0.6667
CK Asset,Real Estate,41,1.0,0.3333,1.0,0.8571,-1.0,1.0,0.4286,0.5,1.0,0.2143,0.8333,1.0,1.0,-1.0,1.0,1.0,0,0.8333
CK Hutchison Holdings,Industrials,8,0,1.0,-1.0,1.0,1.0,1.0,1.0,1.0,1.0,1.0,0,0,1.0,1.0,1.0,1.0,0,1.0
Clicks Group,Consumer Staples,272,1.0,0.2241,0.7027,0.917,1.0,0.9631,0.9643,0.6548,0.6127,0.9657,0.8537,0.9677,1.0,0.8667,1.0,0.9,1.0,0.9771
Cloudflare,Information Technology,1013,1.0,0.3549,0.4248,0.8726,0.7743,0.9591,0.9212,0.6629,0.682,0.9828,0.9188,0.9606,0.9779,0.9245,0.9476,0.9907,0.8413,0.866
CLP Holdings,Utilities,147,1.0,0.1429,0.7692,0.9698,0.8214,1.0,0.375,0.7627,0.625,0.8171,0.475,0.9412,1.0,0.9,1.0,1.0,1.0,0.9231
CME Group,Financials,1704,0.9738,0.311,0.5159,0.9026,0.8497,0.9849,0.684,0.7258,0.6809,0.9542,0.7106,0.9654,0.9845,0.8388,0.9371,0.9758,0.8889,0.8303
CMOC International,Materials,36,1.0,0.0,0.3333,1.0,0.5,0.9669,1.0,1.0,0.2222,1.0,1.0,1.0,1.0,1.0,1.0,1.0,0,1.0
CMPC,Materials,38,1.0,0.7922,0.6667,1.0,0.7143,0.9444,0.2989,0.875,1.0,0.5381,0.8182,0.8182,1.0,1.0,1.0,1.0,0,1.0
CMS Energy,Utilities,28,1.0,0.6,0.5,1.0,0.6667,1.0,0.6364,0.6,1.0,0.7778,0.75,1.0,1.0,0.3333,0.625,1.0,1.0,0.7143
CNGR Advanced Material,Industrials,10,0,1.0,1.0,1.0,1.0,1.0,1.0,1.0,1.0,1.0,1.0,1.0,1.0,1.0,1.0,0,0,1.0
CNH Industrial,Industrials,1968,0.9947,0.3773,0.4953,0.9294,0.7987,0.9765,0.7568,0.6272,0.6762,0.9442,0.8058,0.9328,0.9864,0.946,0.9011,0.9828,0.7936,0.8308
Coal India,Energy,784,0.9788,0.3679,0.6443,0.9821,0.9843,0.9916,0.7129,0.89,0.2995,0.8811,0.4179,0.9171,0.9882,0.9099,0.9418,1.0,1.0,0.8622
Coca-Cola FEMSA,Consumer Staples,560,1.0,0.4554,0.4436,0.8901,1.0,0.9869,0.8002,0.7313,0.7117,0.9454,0.7659,0.9641,0.9864,0.7844,0.9744,1.0,1.0,0.9843
Coca-Cola HBC,Consumer Staples,1339,0.9854,0.2139,0.5506,0.9,0.8901,0.9865,0.9105,0.7933,0.6933,0.9702,0.897,0.9907,0.9961,0.9264,0.9508,0.9904,0.9048,0.9421
Cochlear,Health Care,715,0.995,0.4252,0.6127,0.9273,0.7645,0.9718,0.6472,0.6119,0.7415,0.9223,0.8978,0.9247,0.9822,0.8327,0.9349,0.9483,0.9355,0.9037
Cognizant Management Solutions,Information Technology,2,0,0,1.0,1.0,0,1.0,0.0,1.0,0,0,0,1.0,0,0,0,0,0,0
Coinbase,Financials,1275,0.9962,0.3084,0.4634,0.9517,0.8946,0.9627,0.9006,0.5551,0.7031,0.9897,0.959,0.9904,0.9668,0.9221,0.9471,0.9896,1.0,0.7312
Coles Group,Consumer Staples,7901,0,0,0,0,0,0,0,0,0,0,0,0,0,0,0,0,0,0
Colgate-Palmolive,Consumer Staples,3121,0,0,0,0,0,0,0,0,0,0,0,0,0,0,0,0,0,0
Coloplast,Health Care,570,1.0,0.5779,0.7565,0.8744,0.7951,0.9827,0.8661,0.6993,0.6192,0.9415,0.8443,0.9776,1.0,0.729,0.9348,1.0,0.8333,0.9474
Comcast,Communication Services,18922,0,0,0,0,0,0,0,0,0,0,0,0,0,0,0,0,0,0
Comfort Systems USA,Industrials,194,1.0,0.1241,0.263,1.0,0.9091,0.9524,0.7765,0.7632,0.7255,0.9747,0.6842,0.9773,0.9839,1.0,0.9407,0.9048,1.0,0.8743
Commercial International Bank,Financials,524,1.0,0.3239,0.663,0.9662,1.0,0.9836,0.7774,0.8727,0.6367,0.9565,0.6576,0.9762,1.0,0.9346,0.96,1.0,1.0,0.9355
Commerzbank,Financials,1058,1.0,0.4301,0.4929,0.9007,0.7961,0.9932,0.5532,0.7048,0.587,0.9075,0.5125,0.961,0.9828,0.9001,0.9493,0.9714,0.6,0.7455
Commonwealth Bank of Australia,Financials,2210,0,0,0,0,0,0,0,0,0,0,0,0,0,0,0,0,0,0
Compal Electronics,Information Technology,266,1.0,-0.0093,0.4868,0.9791,1.0,1.0,0.7227,0.7751,0.4545,0.8356,0.9024,1.0,1.0,1.0,1.0,1.0,0.3333,0.8938
Compass Group,Consumer Discretionary,6599,0,0,0,0,0,0,0,0,0,0,0,0,0,0,0,0,0,0
Computershare,Industrials,2720,0,0,0,0,0,0,0,0,0,0,0,0,0,0,0,0,0,0
Con Edison,Utilities,1764,0.9949,0.3274,0.5156,0.9351,0.8591,0.9818,0.5548,0.7001,0.7878,0.9157,0.6473,0.9819,0.9977,0.9041,0.9122,0.9936,0.8065,0.8534
ConocoPhillips,Energy,1782,0.9923,0.2639,0.5361,0.9265,0.8764,0.992,0.8149,0.7082,0.7293,0.929,0.7766,0.9706,0.9878,0.8753,0.9244,0.997,0.75,0.9486
Consolidated Contractors Company,Industrials,786,1.0,0.3788,0.3733,0.9751,0.8372,0.9814,0.8196,0.8739,0.3387,0.9955,0.6812,0.9676,1.0,0.8485,0.8561,0.9947,1.0,0.9483
Constellation Brands,Consumer Staples,778,0.9939,0.3674,0.5582,0.9259,0.9116,0.971,0.885,0.5809,0.6679,0.9676,0.8567,0.9792,0.9854,0.9301,0.9065,0.9265,0.7857,0.8617
Constellation Energy,Utilities,863,1.0,0.2889,0.539,0.9098,0.8565,0.9768,0.8851,0.6095,0.8341,0.9659,0.823,0.9905,0.9781,0.8574,0.946,0.9923,1.0,0.9121
Constellation Software,Information Technology,168,1.0,0.4333,0.5381,0.9149,0.8738,0.9545,0.8889,0.4286,0.4622,0.9593,0.7876,0.9538,0.9655,0.8919,1.0,0.9565,1.0,0.8791
Contact Energy,Utilities,82,0.8824,0.3319,0.6767,0.8893,0.7323,0.9621,0.8442,0.1424,0.4048,0.9174,0.974,0.9,0.9864,1.0,0.9627,1.0,1.0,0.8346
Contemporary Amperex Technology,Industrials,82,1.0,0.7,0.4231,0.971,0.4444,1.0,0.896,0.3383,0.5,1.0,0.8571,0.8958,1.0,1.0,1.0,1.0,0,0.6104
Continental,Consumer Staples,7291,0,0,0,0,0,0,0,0,0,0,0,0,0,0,0,0,0,0
Cooper Companies,Health Care,51,1.0,0.3286,0.4333,1.0,1.0,1.0,0.8824,0.7749,0.6057,1.0,1.0,1.0,1.0,0.7778,0.9316,1.0,1.0,0.8182
Copart,Industrials,1679,0.9697,-0.1568,0.4718,0.9565,0.7181,0.9558,0.8836,0.5925,0.5922,0.9728,0.9326,0.9597,0.9962,0.9185,0.8618,0.9665,0.8258,0.8559
Copec,Consumer Discretionary,22,1.0,1.0,0.3333,1.0,1.0,1.0,0.5555,1.0,1.0,0.6071,0.5,1.0,0,1.0,1.0,1.0,0,1.0
Corebridge Financial,Financials,242,1.0,0.3659,0.4548,0.8741,0.9231,0.9277,0.7467,0.4849,0.2459,0.9433,0.7704,0.9184,0.948,0.8016,0.9796,0.9,1.0,0.9691
CoreWeave,Information Technology,78,1.0,0.5622,0.2394,0.8836,0.6273,0.932,0.9246,0.45,0.5991,1.0,1.0,0.9767,0.9872,0.7455,0.8875,1.0,1.0,0.7551
Corning,Information Technology,1390,1.0,0.3986,0.5076,0.927,0.7913,0.9879,0.6791,0.6946,0.7598,0.9004,0.8244,0.9686,0.9941,0.8232,0.886,0.9763,0.8788,0.9236
Coromandel,Materials,333,1.0,0.3568,0.6,0.9216,0.9524,0.9975,0.6829,0.9244,0.7073,0.9137,0.7059,0.9885,0.9747,0.7949,0.9172,1.0,0,0.9643
Corpay,Financials,1207,0.9929,0.3184,0.4973,0.9297,0.8168,0.9273,0.9105,0.5999,0.5115,0.9893,0.883,0.9851,0.981,0.8669,0.9072,0.9786,0.761,0.8617
Corteva Agriscience,Materials,1296,0.991,0.3915,0.579,0.9432,0.8636,0.9813,0.7762,0.438,0.6354,0.9568,0.8321,0.9728,0.9937,0.7481,0.9177,0.9597,0.72,0.8757
COSCO Shipping,Energy,375,1.0,0.23,0.6554,0.9239,0.7449,0.9847,0.7874,0.5998,0.7209,0.8863,0.6485,0.8684,0.9899,0.8286,0.9683,0.8519,0.7143,0.8421
CoStar Group,Real Estate,3040,0,0,0,0,0,0,0,0,0,0,0,0,0,0,0,0,0,0
Costco Wholesale,Consumer Staples,19149,0,0,0,0,0,0,0,0,0,0,0,0,0,0,0,0,0,0
Coterra Energy,Energy,166,0.9903,-0.2835,0.6413,0.8203,0.6658,0.9718,0.9561,0.8004,0.8022,0.9576,0.9369,0.9474,1.0,0.9091,0.8913,0.9868,0.7143,0.9819
Couche-Tard,Consumer Staples,344,1.0,0.2147,0.4,0.9618,0.8824,0.9436,0.8507,-0.1536,0.2777,0.982,0.986,1.0,1.0,0.9333,0.7385,1.0,0.8182,0.777
Covivio,Real Estate,6,1.0,1.0,1.0,0,0,1.0,1.0,1.0,-1.0,1.0,0,1.0,1.0,0,1.0,0,0,0
Coway,Consumer Discretionary,116,1.0,0.4167,0.5,1.0,0.7381,0.9683,0.7208,0.6003,0.1111,0.9394,1.0,1.0,1.0,0.6923,0.8421,1.0,0,0.5556
CP ALL,Consumer Staples,40,1.0,1.0,0.8794,1.0,1.0,1.0,0.6,0.6667,1.0,0.7302,0.75,1.0,1.0,1.0,1.0,1.0,0,1.0
CP Axtra Public Company,Consumer Staples,36,1.0,0.225,0.4545,1.0,0.7143,1.0,0.7045,0.625,0.75,0.8636,0.6,1.0,1.0,1.0,1.0,1.0,0,1.0
CPFL Energia,Utilities,46,1.0,0.4444,1.0,1.0,1.0,1.0,0.6095,0.5714,0.8,0.8182,1.0,1.0,1.0,0.5,1.0,1.0,-1.0,1.0
Credicorp,Financials,26,1.0,1.0,0.1429,1.0,1.0,1.0,1.0,0.5,1.0,1.0,0.8095,1.0,1.0,1.0,1.0,1.0,0,1.0
Credit Agricole,Financials,9,1.0,-1.0,1.0,1.0,0,1.0,0,1.0,0,1.0,0,1.0,1.0,1.0,1.0,0,0,1.0
Credo,Information Technology,16,1.0,0.3333,0.3714,1.0,1.0,1.0,1.0,0.0,1.0,1.0,1.0,1.0,1.0,-0.3636,0.3846,1.0,0,1.0
CRH,Materials,1197,1.0,0.4596,0.4096,0.9684,0.8291,0.9698,0.8698,0.6339,0.6694,0.9635,0.8821,0.9442,1.0,0.9578,0.8403,0.8923,0.7037,0.8617
CrowdStrike,Information Technology,1332,0.9863,0.3397,0.4429,0.9057,0.8583,0.9581,0.9151,0.6329,0.6281,0.9769,0.9298,0.9532,0.9671,0.8769,0.909,1.0,0.7667,0.8087
Crown Castle,Real Estate,1358,0.9637,0.2649,0.5466,0.893,0.8256,0.9753,0.8433,0.5098,0.7628,0.9606,0.8992,0.9353,0.991,0.9241,0.9183,0.9767,0.9688,0.7848
CRRC MA,Industrials,30,1.0,0.6667,0.2,1.0,0.5,1.0,0.6364,0.3977,0.3714,1.0,1.0,0.7222,1.0,1.0,1.0,1.0,0,1.0
CSL,Health Care,823,0.9916,0.4949,0.5118,0.914,0.7141,0.9699,0.7923,0.6634,0.7597,0.9546,0.8103,0.9893,0.9825,0.7991,0.8983,1.0,0.7551,0.7646
CSPC Pharmaceutical Group,Health Care,2,0,0,0,1.0,1.0,1.0,0,0,1.0,0,0,0,1.0,0,1.0,1.0,0,0
CSX,Industrials,1554,0.9978,0.107,0.5137,0.9575,0.7686,0.9718,0.7826,0.8244,0.6069,0.96,0.8936,0.9682,0.9872,0.9825,0.7721,0.9735,0.9444,0.9105
CTBC Bank,Financials,565,1.0,0.5459,0.5769,0.9314,0.8807,0.9841,0.6885,0.8619,0.6832,0.8716,0.4814,0.985,1.0,0.8666,0.9578,1.0,1.0,0.9268
Cummins,Industrials,8504,0,0,0,0,0,0,0,0,0,0,0,0,0,0,0,0,0,0
CVC Capital Partners,Financials,79,1.0,-0.014,0.4643,0.7363,0.4444,0.9295,0.913,0.4615,0.5644,0.8095,1.0,1.0,0.9583,1.0,0.8609,1.0,0.0,0.8857
CVS Health,Health Care,28580,0,0,0,0,0,0,0,0,0,0,0,0,0,0,0,0,0,0
CyberArk,Information Technology,652,1.0,0.24,0.61,0.9126,0.8789,0.9656,0.8261,0.7362,0.8171,0.9746,0.8593,0.9722,0.983,0.7438,0.9729,1.0,0.8519,0.8351
Dabur India Limited,Consumer Staples,821,1.0,-0.1258,0.655,0.9707,0.9388,0.9978,0.8656,0.8398,0.8095,0.9335,0.7465,0.9701,0.9814,0.8417,0.9841,1.0,0.3333,0.9802
DAI,Industrials,672,0.9942,0.4617,0.59,0.906,0.8917,0.9797,0.8069,0.6352,0.6252,0.9812,0.7031,0.9939,0.9904,0.7287,0.9055,0.9961,0.8261,0.9357
Daifuku,Industrials,389,1.0,0.1593,0.5253,0.9528,0.696,0.9775,0.8148,0.4947,0.6131,0.8806,0.7516,0.8952,0.9825,0.8846,0.8348,1.0,0.1688,0.7519
Daiichi Sankyo,Health Care,688,0.984,0.7124,0.4738,0.9358,0.8373,0.9764,0.8758,0.5655,0.6887,0.9473,0.8805,0.9938,0.9938,0.7768,0.9445,1.0,0.7,0.8559
DAIKIN INDUSTRIES,Industrials,11,1.0,0.0,0,1.0,1.0,1.0,0.75,1.0,1.0,1.0,1.0,1.0,1.0,0.0,1.0,1.0,0,0.6
Daimler Truck AG,Industrials,306,0.9048,0.1754,0.6535,0.8889,1.0,0.9899,0.557,0.6245,0.8,0.9633,0.6735,0.9867,0.9928,0.8333,0.9802,0.9429,1.0,0.8491
Daito Trust Construction,Real Estate,5,0,0,0,1.0,0,1.0,0,1.0,1.0,0.0,1.0,0,0,0,0,0,0,0
Daiwa House Industry,Real Estate,17,1.0,-1.0,1.0,1.0,1.0,1.0,0.3333,0.3333,-1.0,0.5,1.0,1.0,1.0,1.0,1.0,0,0,1.0
Daiwa Securities Group,Financials,2,0,0,0,0,0,1.0,0,1.0,0,0,0,0,1.0,0,0,0,0,0
Dallah Hospital ,Health Care,23,1.0,1.0,0.3333,1.0,0.0,1.0,0.6667,0.7143,1.0,1.0,0.5,1.0,1.0,1.0,1.0,1.0,1.0,1.0
Danaher,Health Care,909,1.0,0.4213,0.5245,0.9082,0.8805,0.9732,0.8885,0.8395,0.6937,0.9727,0.8889,0.9733,0.99,0.9498,0.9295,0.979,0.7143,0.9839
Danone,Consumer Staples,2849,0,0,0,0,0,0,0,0,0,0,0,0,0,0,0,0,0,0
Danske Bank,Financials,1304,0.9867,0.3836,0.4113,0.9288,0.8132,0.99,0.5196,0.5754,0.4847,0.9268,0.6352,0.9736,0.9881,0.9041,0.9287,1.0,1.0,0.8373
Darden,Consumer Discretionary,2882,0,0,0,0,0,0,0,0,0,0,0,0,0,0,0,0,0,0
Dassault Aviation,Industrials,215,0.9667,0.3414,0.4474,0.9353,0.7824,0.9897,0.6285,0.8321,0.5012,0.9393,0.875,0.9787,0.993,0.9706,0.931,0.9811,1.0,0.8462
Dassault Systèmes,Information Technology,4044,0,0,0,0,0,0,0,0,0,0,0,0,0,0,0,0,0,0
Datadog,Information Technology,1691,0.994,0.3734,0.5113,0.9135,0.7838,0.9585,0.923,0.8234,0.6581,0.9751,0.888,0.9802,0.951,0.8251,0.9489,0.9756,0.9438,0.8877
DB INSURANCE,Financials,16,0,1.0,-1.0,1.0,0,1.0,0.4286,1.0,0.5,0.25,1.0,0.6,1.0,1.0,1.0,1.0,1.0,1.0
DBS Bank,Financials,10209,0,0,0,0,0,0,0,0,0,0,0,0,0,0,0,0,0,0
DCC,Industrials,67,1.0,0.7083,0.7341,1.0,0.1714,0.9213,0.7655,0.1954,0.9339,0.9835,0.9286,0.8333,1.0,0.8462,0.8933,1.0,1.0,0.9273
Delivery Hero,Consumer Discretionary,1669,0.9819,0.1986,0.1621,0.9156,0.8614,0.9789,0.8751,0.5162,0.7077,0.9838,0.906,0.9657,0.9822,0.9199,0.948,0.9896,0.7308,0.7572
Dell Technologies,Information Technology,8070,0,0,0,0,0,0,0,0,0,0,0,0,0,0,0,0,0,0
Delta Air Lines,Industrials,9089,0,0,0,0,0,0,0,0,0,0,0,0,0,0,0,0,0,0
Delta Electronics,Information Technology,834,1.0,0.2902,0.706,0.9694,0.8187,0.9759,0.7521,0.6311,0.6906,0.8579,0.8391,0.9608,0.9976,0.9044,0.9329,1.0,-0.1429,0.9042
Demant,Health Care,205,1.0,0.6367,0.6472,0.875,0.8205,0.9597,0.6317,0.538,0.7179,0.9139,0.7692,0.9545,1.0,0.92,0.9643,1.0,0.6667,0.7143
DENSO,Consumer Discretionary,2191,0,0,0,0,0,0,0,0,0,0,0,0,0,0,0,0,0,0
Desay SV Automotive,Consumer Discretionary,37,1.0,0.9333,0.8727,0.7778,0.75,1.0,0.875,0.3333,1.0,0.8947,1.0,1.0,1.0,0.8961,1.0,1.0,1.0,1.0
Descartes Systems,Information Technology,270,1.0,0.1629,0.6276,0.8911,0.7821,0.9689,0.7282,0.23,0.7735,0.9181,0.8121,0.9148,1.0,0.9455,1.0,1.0,0.4762,0.5978
Deutsche Bank,Financials,11468,0,0,0,0,0,0,0,0,0,0,0,0,0,0,0,0,0,0
Deutsche Börse Group,Financials,622,1.0,0.2475,0.6054,0.8411,0.8526,0.9794,0.5882,0.6073,0.7795,0.9465,0.5868,0.9676,1.0,0.8716,0.9882,1.0,-1.0,0.886
Deutsche Post,Industrials,25,1.0,0.5,0.65,1.0,1.0,1.0,0.68,0.5,0.4,1.0,1.0,1.0,1.0,1.0,1.0,1.0,0,1.0
Deutsche Telekom,Communication Services,1503,0.986,0.0673,0.4644,0.9156,0.9119,0.989,0.4947,0.5956,0.5911,0.9574,0.6753,0.9668,0.9959,0.8259,0.978,0.9902,0.7037,0.8683
Devon Energy,Energy,6,1.0,1.0,0,1.0,1.0,1.0,1.0,1.0,1.0,1.0,1.0,1.0,0,0,1.0,1.0,1.0,0
Dexcom,Health Care,1632,0.995,0.4331,0.5821,0.9294,0.84,0.9683,0.8908,0.7269,0.7075,0.9747,0.955,0.9646,0.9799,0.9124,0.8443,0.9791,0.7524,0.8331
Diageo,Consumer Staples,2340,0,0,0,0,0,0,0,0,0,0,0,0,0,0,0,0,0,0
Diamondback Energy,Energy,78,1.0,-0.25,0.4982,0.9316,0.8253,0.9668,1.0,1.0,0.5628,0.9683,1.0,0.9559,1.0,0.9091,0.9,1.0,1.0,0.8571
Dian Swastatika Sentosa,Energy,15,1.0,0,0.0,0.7143,1.0,1.0,1.0,1.0,1.0,1.0,1.0,0,1.0,1.0,1.0,1.0,0,1.0
DICK'S Sporting Goods,Consumer Discretionary,12535,0,0,0,0,0,0,0,0,0,0,0,0,0,0,0,0,0,0
D'Ieteren,Consumer Discretionary,6,1.0,1.0,1.0,1.0,-1.0,1.0,1.0,1.0,1.0,1.0,1.0,0,1.0,1.0,0,1.0,0,1.0
Digital Realty,Real Estate,666,1.0,0.456,0.5298,0.9208,0.7946,0.9866,0.8845,0.74,0.6191,0.9674,0.9032,0.9548,0.9751,0.908,0.9359,1.0,0.3878,0.8236
Dimensional Fund Advisors,Asset Management,525,0.9839,0.6505,0.3848,0.9236,0.7698,0.9803,0.6451,0.7901,0.2933,0.8734,0.6779,0.9567,0.9837,0.7967,0.9169,1.0,0.7778,0.8685
Dino Polska,Consumer Staples,1,0,0,1.0,0,0,0,0,0,0,1.0,0,0,1.0,0,0,1.0,0,0
DISCO,Information Technology,344,0.957,0.3549,0.1628,0.8867,0.8878,0.9221,0.9529,0.7572,0.4207,0.9898,0.92,0.9836,0.9531,0.8265,0.9375,1.0,0.8621,0.8361
Discount Bank,Financials,120,1.0,0.6091,0.0769,0.9867,0.9,1.0,0.2716,0.5357,0.6,0.8731,0.5625,0.7273,1.0,1.0,1.0,1.0,0,0.7778
"Discovery, Inc.",Financials,1973,0.9671,0.3827,0.5812,0.947,0.7844,0.9778,0.8391,0.5247,0.6326,0.9592,0.8572,0.9713,0.9882,0.7633,0.9395,0.9611,0.7551,0.7934
Divi's Laboratories (USA),Health Care,48,1.0,0.8333,0.7714,1.0,0.7143,1.0,0.9,1.0,1.0,1.0,1.0,1.0,1.0,1.0,1.0,1.0,0,0.3333
Dixon Technology,Consumer Discretionary,140,1.0,0.1429,0.7171,0.8464,1.0,0.996,0.9202,0.8667,0.5,0.978,0.913,0.9661,1.0,0.4643,1.0,1.0,0,1.0
DLF,Real Estate,330,1.0,0.1263,0.6673,0.9067,0.8537,1.0,0.8986,0.8571,0.5116,0.9411,0.4524,0.9882,1.0,0.7273,0.9709,1.0,1.0,0.9286
DNB,Financials,315,0.931,0.2875,0.5177,0.8496,0.8824,0.9891,0.4121,0.5753,0.7051,0.9468,0.6379,0.9623,1.0,0.9259,0.9515,1.0,1.0,0.8938
Docusign,Information Technology,930,0.9717,0.2742,0.513,0.9097,0.9174,0.9701,0.8814,0.5976,0.7247,0.9787,0.8914,0.9686,0.9345,0.7287,0.9615,0.9719,0.8979,0.8591
Dollarama,Consumer Discretionary,2341,0,0,0,0,0,0,0,0,0,0,0,0,0,0,0,0,0,0
Dollar General,Consumer Staples,16187,0,0,0,0,0,0,0,0,0,0,0,0,0,0,0,0,0,0
Dollar Tree,Consumer Staples,10031,0,0,0,0,0,0,0,0,0,0,0,0,0,0,0,0,0,0
Dominion Energy,Utilities,1331,1.0,0.4418,0.5465,0.9301,0.9067,0.9784,0.6724,0.5543,0.7293,0.8999,0.8288,0.9571,0.9911,0.9214,0.9143,1.0,0.7857,0.8155
Domino's,Consumer Discretionary,18170,0,0,0,0,0,0,0,0,0,0,0,0,0,0,0,0,0,0
Dongfang Electric,Industrials,8,0,-1.0,0.0,0.6666,1.0,1.0,1.0,0,0,1.0,0,1.0,1.0,1.0,1.0,1.0,0,0
Dongfeng Motor,Consumer Discretionary,33,1.0,0.3333,1.0,1.0,1.0,1.0,0.5714,1.0,0.0,1.0,0.619,1.0,1.0,1.0,1.0,1.0,0,1.0
Dongxing Securities,Financials,29,1.0,0.3333,1.0,0.8367,1.0,1.0,1.0,-0.2,0,0.3333,0.5,1.0,1.0,1.0,1.0,1.0,0,1.0
DoorDash,Consumer Discretionary,640,1.0,0.2452,0.2108,0.9139,0.7824,0.9684,0.7798,0.2997,0.5815,0.9908,0.9521,0.9897,1.0,0.7581,0.963,0.9706,0.8857,0.8447
Doosan,Industrials,429,1.0,0.2319,0.6095,0.9405,0.8784,0.9925,0.7504,0.8447,0.6951,0.9478,0.8906,0.971,1.0,0.906,0.9273,0.95,0.6,0.8549
Doosan Bobcat,Industrials,84,1.0,0.9318,0.325,0.8889,0.875,1.0,0.7143,0.8824,0.0909,0.9697,0.6,1.0,1.0,1.0,0.8182,1.0,1.0,0.8667
Dover Corporation,Industrials,526,0.9563,0.2664,0.5711,0.9463,0.917,0.9735,0.8709,0.537,0.7549,0.9591,0.8485,0.9271,1.0,0.895,0.9014,0.9787,1.0,0.8218
Dow,Materials,4067,0,0,0,0,0,0,0,0,0,0,0,0,0,0,0,0,0,0
DraftKings,Consumer Discretionary,981,1.0,0.2162,0.4536,0.9067,0.8985,0.9837,0.8773,0.5246,0.7128,0.9784,0.9316,0.9965,0.9788,0.8267,0.9308,0.9857,0.7143,0.7893
D.R. Horton,Consumer Discretionary,1287,0.9763,0.6278,0.5215,0.9571,0.6285,0.9639,0.8957,0.7122,0.631,0.9585,0.9489,0.9042,0.9924,0.8971,0.8263,0.9855,1.0,0.813
Dr. Reddy's,Health Care,2271,0,0,0,0,0,0,0,0,0,0,0,0,0,0,0,0,0,0
Dr. Sulaiman AL Habib Medical Group,Health Care,64,1.0,0.75,0.4706,0.9333,1.0,1.0,0.65,1.0,0.8961,1.0,0.8,1.0,1.0,0.4286,1.0,1.0,-1.0,1.0
dsm-firmenich,Materials,1325,1.0,0.378,0.664,0.9095,0.877,0.9915,0.5526,0.5608,0.7096,0.9237,0.7868,0.9704,0.983,0.8631,0.9728,0.9321,0.8462,0.8889
DSV,Industrials,1848,0.9812,0.1728,0.523,0.9236,0.7478,0.9492,0.8832,0.6015,0.6133,0.9636,0.9225,0.9646,0.9969,0.9117,0.9226,0.9964,1.0,0.8118
DTE Energy,Utilities,1322,0.9765,0.4766,0.615,0.9478,0.9351,0.9855,0.6471,0.5658,0.6379,0.9381,0.7497,0.9501,0.986,0.8563,0.9278,0.9879,0.7368,0.8898
Dubai Electricity & Water Authority (DEWA),Utilities,343,1.0,0.3613,0.6827,0.9655,0.8205,0.9929,0.712,0.7184,0.9429,0.9091,0.9474,0.9104,1.0,0.7388,0.7705,1.0,1.0,0.777
Dubai Islamic Bank,Financials,231,1.0,0.318,0.3805,0.9787,0.9,0.9925,0.8645,0.9375,0.735,0.9898,0.84,1.0,1.0,0.9333,0.8226,1.0,1.0,1.0
Duke Energy,Utilities,2595,0,0,0,0,0,0,0,0,0,0,0,0,0,0,0,0,0,0
Dukhan Bank,Financials,13,1.0,0,0.0,1.0,1.0,1.0,0.7143,1.0,1.0,1.0,0,1.0,1.0,1.0,1.0,1.0,0,1.0
DuPont,Materials,3592,0,0,0,0,0,0,0,0,0,0,0,0,0,0,0,0,0,0
Dynatrace,Information Technology,1582,0.9971,0.3674,0.5468,0.886,0.8528,0.9747,0.926,0.5859,0.6298,0.9777,0.9311,0.9761,0.9786,0.8495,0.9726,1.0,0.9032,0.8832
Eastern Company (Egypt),Consumer Staples,4,1.0,-1.0,1.0,1.0,0,1.0,1.0,1.0,0,1.0,0,1.0,1.0,0,0,0,0,0
East Japan Railway,Industrials,32,1.0,1.0,0.5938,0.85,-0.7272,1.0,0.7486,0.6,0.7333,0.7509,0.3182,1.0,1.0,1.0,0.9467,1.0,0,1.0
Eaton,Industrials,7368,0,0,0,0,0,0,0,0,0,0,0,0,0,0,0,0,0,0
Ebara,Industrials,52,1.0,0.1,0.7353,1.0,0.6,0.9543,0.9333,0.7692,0.6,0.7778,0.5714,0.9167,1.0,1.0,0.873,0.8889,1.0,1.0
eBay,Consumer Discretionary,6753,0,0,0,0,0,0,0,0,0,0,0,0,0,0,0,0,0,0
EchoStar,Communication Services,572,0.9611,0.2871,0.1336,0.9349,0.7704,0.9629,0.8274,0.5954,0.554,0.9244,0.8335,0.9354,0.967,0.9008,0.8211,0.9664,0.8503,0.7667
Eclat Textile,Consumer Discretionary,36,1.0,-0.5,0.4167,1.0,1.0,1.0,0.9487,0.75,0.7333,0.5177,0.3333,0.8,1.0,1.0,1.0,1.0,0,1.0
Ecolab,Materials,5599,0,0,0,0,0,0,0,0,0,0,0,0,0,0,0,0,0,0
Ecopro,Industrials,8,0,0,0.0,1.0,1.0,1.0,1.0,1.0,1.0,1.0,1.0,1.0,1.0,1.0,1.0,0,0,1.0
EcoPro Electric,Industrials,2,1.0,0,0,0,0,1.0,1.0,0,0.0,1.0,0,0,1.0,0,0,0,0,0
ECOVACS Robotics,Consumer Discretionary,29,1.0,0.2857,0.3333,0.9231,0.5,0.8824,1.0,0.7143,-0.0238,1.0,1.0,1.0,1.0,0.8182,1.0,0.5,1.0,1.0
Edenred,Financials,550,0.9848,0.4129,0.4682,0.8805,0.7919,0.9807,0.8478,0.5776,0.6047,0.9606,0.8271,0.9378,0.9935,0.7404,0.954,1.0,0.75,0.8776
Edison International,Utilities,54,1.0,0.4387,0.7308,0.913,0.6326,1.0,0.6325,0.7032,0.5385,0.8901,0.75,0.9706,1.0,0.75,0.8571,1.0,1.0,1.0
EDP,Utilities,443,1.0,0.5824,0.5201,0.9167,0.872,0.99,0.3665,0.7753,0.7657,0.9582,0.695,0.9756,0.9936,0.8696,1.0,1.0,0.3333,0.9243
EDP Renewables,Utilities,404,0.9683,0.4284,0.5058,0.8635,0.8719,0.9862,0.6893,0.651,0.6283,0.9755,0.8235,0.991,0.9703,0.9019,0.9205,0.9846,0.7333,0.8829
Edwards Lifesciences,Health Care,1916,0.9976,0.6298,0.5889,0.9232,0.8143,0.9812,0.8096,0.7539,0.7138,0.9646,0.838,0.9579,0.9915,0.8413,0.9472,0.9782,0.8529,0.9579
Eicher Motors,Consumer Discretionary,166,1.0,0.237,0.6346,1.0,1.0,0.9857,0.9096,0.7879,0.9059,0.9699,0.6667,0.9808,0.9763,0.92,0.9722,1.0,0.5,0.76
Eiffage,Industrials,82,1.0,0.4667,0.9375,1.0,1.0,1.0,0.5714,0.6154,0.5,1.0,0.5,0.8333,0.9333,0.7778,1.0,1.0,1.0,0.875
E Ink,Information Technology,117,1.0,0.4821,0.259,0.9714,0.5833,0.9923,0.7676,0.4308,0.4286,0.9145,0.8333,1.0,1.0,0.5966,0.9407,1.0,1.0,0.6842
Eisai,Health Care,537,0.9915,0.5403,0.6238,0.9038,0.729,0.9902,0.8388,0.5615,0.7492,0.972,0.8487,0.9847,0.9954,0.8485,0.9383,1.0,1.0,0.9216
Elbit Systems,Industrials,1189,1.0,0.5929,-0.023,0.964,0.9061,0.9943,0.4404,0.6926,0.7103,0.9076,0.6472,0.9737,1.0,0.9633,0.9309,1.0,1.0,0.8917
Electronic Arts,Communication Services,4743,0,0,0,0,0,0,0,0,0,0,0,0,0,0,0,0,0,0
Element Fleet Management,Industrials,505,0.9643,0.2486,0.4478,0.927,0.8373,0.9519,0.7948,0.5171,0.4249,0.9749,0.9113,0.9843,0.9904,0.8973,0.9234,0.9497,0.8519,0.847
Elevance Health,Health Care,7224,0,0,0,0,0,0,0,0,0,0,0,0,0,0,0,0,0,0
Elia,Utilities,37,1.0,1.0,1.0,1.0,0.9583,1.0,0.5556,0.3333,1.0,1.0,0.7778,1.0,1.0,1.0,1.0,1.0,0,1.0
Eli Lilly and Company,Health Care,3780,0,0,0,0,0,0,0,0,0,0,0,0,0,0,0,0,0,0
Elisa Corporation,Communication Services,165,1.0,0.1818,0.5114,0.9608,1.0,0.988,0.9111,0.1015,0.6797,0.9692,0.8196,1.0,1.0,1.0,0.9333,1.0,1.0,0.7778
Elite Material,Information Technology,8,0,-1.0,1.0,1.0,0,1.0,1.0,0.0,1.0,1.0,1.0,1.0,1.0,1.0,0,0,0,0
ELM Company,Information Technology,2,1.0,-1.0,0,1.0,0,1.0,0,0,0,0,0,0,0,0,0,0,0,0
Emaar Properties,Real Estate,635,1.0,0.1947,0.7424,0.9567,0.8159,0.9908,0.8697,0.8076,0.5238,0.9835,0.9251,0.978,0.979,0.9266,0.8786,1.0,0.6,0.9266
Embraer,Industrials,817,0.9672,0.5265,0.2752,0.9238,0.8481,0.9871,0.6632,0.8073,0.6773,0.9522,0.7489,0.9612,1.0,0.8879,0.9514,0.9839,0.8824,0.8666
EMCOR Group,Industrials,488,1.0,0.0708,0.532,0.9604,0.749,0.9842,0.809,0.4916,0.5007,0.985,0.9512,0.88,1.0,0.88,0.725,1.0,0.875,0.8942
eMemory Technology,Information Technology,8,1.0,0,1.0,1.0,0,1.0,0.0,-0.3333,1.0,1.0,1.0,1.0,1.0,1.0,1.0,0,1.0,1.0
Emera,Utilities,76,1.0,0.4615,0.6,0.9318,0.8571,0.9829,0.862,0.7857,0.4857,1.0,0.8,1.0,0.9746,0.5556,0.9441,1.0,-1.0,0.9286
Emerson Electric,Industrials,1,0,0,0,0,0,1.0,0,0,0,0,0,0,0,0,0,0,0,0
Emirates NBD,Financials,867,1.0,0.361,0.6389,0.9227,0.7271,0.9902,0.7652,0.8165,0.5944,0.9524,0.8,0.9725,0.998,0.9153,0.8249,1.0,0.2,0.9496
Empire Company,Consumer Staples,3,0,0,-0.5,1.0,0,0,0.0,1.0,-0.1429,1.0,0,0,1.0,0,0,0,0,1.0
Empyrean,Information Technology,8,0,-1.0,0.75,1.0,0,1.0,1.0,0.0,0,1.0,1.0,1.0,1.0,-1.0,1.0,1.0,0,1.0
EMS,Materials,72,1.0,0.2,0.6143,1.0,1.0,1.0,0.8571,0.1538,0.5,1.0,1.0,0.9286,1.0,1.0,1.0,1.0,1.0,0.3333
Enbridge,Energy,1720,0.966,0.4428,0.7284,0.8975,0.8658,0.9845,0.7293,0.6528,0.7731,0.9373,0.7215,0.9836,0.9913,0.8826,0.9214,0.9925,1.0,0.9119
Endeavour,Materials,30,1.0,1.0,-0.2,1.0,1.0,1.0,1.0,1.0,0.7576,0.8,1.0,1.0,1.0,1.0,1.0,1.0,0,1.0
Endesa S.A.,Utilities,60,1.0,0.3571,0.3333,0.9257,1.0,1.0,0.2941,0.7857,0.25,0.9643,0.4286,0.8667,1.0,1.0,1.0,1.0,0,0.8333
Enel,Utilities,704,0.9893,0.4153,0.5768,0.9321,0.821,0.9787,0.5986,0.7835,0.7225,0.9835,0.6996,0.9811,1.0,0.8793,0.9435,0.981,1.0,0.7906
ENEOS Group,Energy,44,1.0,0.6,0.9167,0.933,0.3333,0.9636,0.6875,0.8182,0.5,0.3125,0.4286,1.0,1.0,1.0,1.0,1.0,0,1.0
Energisa,Utilities,11,0,1.0,0,0,1.0,1.0,0.6667,1.0,1.0,1.0,1.0,1.0,1.0,1.0,1.0,1.0,1.0,1.0
Energy Assets,Utilities,84,1.0,0.3148,0.701,0.8205,0.5072,0.915,0.8964,0.1262,0.6448,1.0,0.9231,1.0,1.0,0.7826,1.0,0.8961,0.6,0.8182
Eneva,Utilities,7,0,0.0,-1.0,1.0,1.0,1.0,1.0,0,0,1.0,1.0,1.0,0,1.0,1.0,1.0,-1.0,1.0
ENGIE,Utilities,2471,0,0,0,0,0,0,0,0,0,0,0,0,0,0,0,0,0,0
Eni Spa,Energy,903,0.9444,0.5506,0.4828,0.9491,0.6974,0.9866,0.7067,0.8613,0.6512,0.9769,0.3981,0.9522,0.9961,0.9156,0.8906,0.989,0.8571,0.7808
ENN Group,Utilities,7,1.0,0,0.0,1.0,1.0,1.0,1.0,0.5,0,1.0,0.0,1.0,1.0,0,1.0,0,0,0
ENN Natural Gas,Utilities,1,0,0,0,0,0,0,1.0,1.0,0,0,0,0,1.0,0,0,0,0,0
Entain,Consumer Discretionary,1890,0.9778,0.2173,0.5152,0.8966,0.7356,0.9793,0.8625,0.2588,0.6303,0.9763,0.9483,0.9543,0.9869,0.9051,0.8202,0.9873,0.8824,0.7126
Entegris,Information Technology,783,1.0,0.4743,0.5548,0.9457,0.8299,0.978,0.9043,0.5798,0.7967,0.9546,0.8469,0.9825,0.9987,0.8098,0.9725,0.9664,0.7333,0.835
Entergy,Utilities,1086,1.0,0.5206,0.5536,0.9736,0.8179,0.9853,0.7091,0.8031,0.7093,0.9603,0.864,0.9888,0.9795,0.9734,0.9303,0.9886,0.5294,0.8622
EOG,Energy,435,1.0,0.384,0.3115,0.9116,0.886,0.9819,0.8676,0.486,0.7599,0.9362,0.7882,0.9545,0.9804,1.0,0.9388,0.974,1.0,0.552
Eoptolink Technology,Information Technology,2,0,0,0.0,1.0,0,1.0,1.0,0,0,1.0,1.0,0,1.0,0,0,1.0,0,1.0
Epiroc,Industrials,480,1.0,0.4149,0.635,0.896,0.9138,0.9891,0.6138,0.712,0.7931,0.9382,0.791,0.9692,1.0,0.87,0.9287,0.973,1.0,0.8462
EQT Group,Financials,147,1.0,0.6912,0.6167,0.834,0.8571,0.9663,0.9655,0.1099,0.92,1.0,0.9231,1.0,1.0,0.8025,0.9747,1.0,0.6,0.7778
Equatorial,Utilities,1,0,0,0,1.0,0,0,0,0,0,0,0,0,1.0,0,0,0,0,0
Equifax,Industrials,3387,0,0,0,0,0,0,0,0,0,0,0,0,0,0,0,0,0,0
Equinix,Real Estate,2735,0,0,0,0,0,0,0,0,0,0,0,0,0,0,0,0,0,0
Equinor,Energy,956,0.9861,0.3586,0.4366,0.8612,0.8586,0.9882,0.5899,0.6695,0.7659,0.9616,0.6425,0.9912,0.9856,0.7827,0.9494,0.9784,0.8182,0.7793
Equitable Holdings,Financials,946,0.9899,0.36,0.4592,0.9555,0.9142,0.9142,0.8533,0.474,0.3766,0.9554,0.8297,0.9512,0.9883,0.8463,0.9436,0.9589,1.0,0.8918
Equity LifeStyle Properties,Real Estate,555,1.0,0.3267,0.7512,0.9393,0.81,0.9394,0.8206,0.7559,0.5924,0.9845,0.8112,0.9136,0.9884,0.5172,0.9619,0.9744,0.64,0.801
Equity Residential,Real Estate,1154,0.9985,0.3289,0.7189,0.9094,0.916,0.9611,0.9079,0.7957,0.86,0.9783,0.9245,0.9903,0.9933,0.8656,0.9615,0.9901,0.7991,0.9383
Ericsson,Information Technology,6439,0,0,0,0,0,0,0,0,0,0,0,0,0,0,0,0,0,0
Erie Insurance Group,Financials,697,0.996,0.2211,0.6244,0.9447,0.884,0.9784,0.7355,0.6666,0.7917,0.9285,0.7132,0.9695,0.9906,0.8799,0.8376,0.9937,0.7,0.8487
Erste Group,Financials,393,1.0,0.4278,0.6934,0.8133,0.6923,0.9931,0.4483,0.5656,0.6246,0.9257,0.5689,0.9015,1.0,0.8696,0.9709,1.0,0.7778,0.7563
Essential Utilities,Utilities,23,1.0,0.5,0.7143,1.0,1.0,1.0,0.7143,1.0,1.0,0.8857,1.0,1.0,1.0,1.0,0.4667,1.0,1.0,1.0
Essex Property Trust,Real Estate,887,1.0,0.2209,0.7189,0.9132,0.8337,0.9697,0.8958,0.8301,0.6858,0.9675,0.9472,0.9912,0.9973,0.7989,0.914,0.9452,0.8667,0.9535
EssilorLuxottica,Health Care,703,1.0,0.4285,0.3943,0.9255,0.8162,0.9734,0.7752,0.5563,0.5877,0.9812,0.9155,0.9586,0.9784,0.7128,0.9553,0.9677,0.8667,0.8934
Essity,Consumer Staples,776,0.9835,0.5342,0.6584,0.8888,0.7737,0.9849,0.623,0.7535,0.7874,0.9618,0.8196,0.9785,1.0,0.8061,0.917,0.9747,0.7381,0.9568
Estée Lauder Companies,Consumer Staples,5430,0,0,0,0,0,0,0,0,0,0,0,0,0,0,0,0,0,0
E.Sun,Financials,3,0,0,0,0,0,0,0,0,0,0,1.0,1.0,0,0,1.0,1.0,0,0
Eternal,Consumer Discretionary,5,0,1.0,1.0,0,0,1.0,1.0,0,0,1.0,1.0,1.0,0,1.0,1.0,1.0,0,1.0
Eurazeo,Asset Management,34,1.0,1.0,0.0,0.25,1.0,1.0,1.0,0.6,0.0,1.0,0.5,1.0,1.0,-0.3333,1.0,1.0,0,1.0
Eurobank SA,Financials,356,1.0,0.3769,0.451,0.9113,0.7857,1.0,0.7626,0.8101,0.6675,0.9862,0.6795,0.9661,1.0,0.963,0.8065,0.9661,1.0,0.9
Eurofins,Health Care,5810,0,0,0,0,0,0,0,0,0,0,0,0,0,0,0,0,0,0
Euronext,Financials,228,1.0,0.3705,0.4768,0.882,0.8424,0.9942,0.666,0.8561,0.4684,0.9502,0.6245,1.0,1.0,0.7429,0.9808,1.0,0.6,0.806
EVA Air,Industrials,231,1.0,0.3676,0.3659,0.9798,0.8412,0.9937,0.841,0.7385,0.6804,0.8226,0.7642,1.0,1.0,0.9355,0.9024,1.0,0.0,0.9574
EVE Energy,Industrials,8,0,1.0,0,1.0,0,1.0,1.0,1.0,1.0,1.0,1.0,1.0,1.0,1.0,1.0,1.0,0,1.0
Everbright Securities,Financials,96,1.0,0.1316,0.9405,0.6429,1.0,1.0,0.88,0.5714,0.75,0.9474,1.0,1.0,1.0,1.0,1.0,1.0,0,0.8462
Everest Group,Financials,399,0.9835,0.1985,0.6023,0.8289,0.8481,0.9668,0.954,0.4047,-0.025,0.9709,0.8671,0.9859,0.9503,0.7277,0.9165,0.9876,0.5556,0.921
Evergreen Marine,Industrials,59,1.0,0.8182,0.0455,0.967,0.8333,0.9699,0.3043,0.6523,0.6,0.651,0.6444,0.8333,0.9444,1.0,1.0,1.0,0.5,0.8824
Evergy,Utilities,223,1.0,0.3821,0.5666,0.9041,0.8182,0.9817,0.5789,0.3665,0.9259,0.978,0.8537,0.9412,0.9571,0.7297,0.8794,1.0,0.3333,0.8816
Eversource Energy,Utilities,982,0.9744,0.3478,0.4784,0.9355,0.8721,0.965,0.7834,0.7002,0.7699,0.9259,0.7869,0.9476,0.999,0.8712,0.9057,0.9753,0.8947,0.9003
Evolution,Consumer Discretionary,1205,1.0,0.2408,0.278,0.9455,0.772,0.969,0.9161,0.3902,0.7311,0.9916,0.9509,0.9538,0.9909,0.9181,0.8675,1.0,0.777,0.9237
Evonik,Materials,1046,1.0,0.487,0.5953,0.9275,0.898,0.9831,0.5073,0.6022,0.7938,0.9282,0.8179,0.9474,0.9965,0.7521,0.9096,0.9793,0.5789,0.8946
Exelon,Utilities,1558,0.9943,0.3384,0.6156,0.926,0.9123,0.9871,0.7537,0.6678,0.735,0.9569,0.7864,0.9726,0.9956,0.8266,0.9344,0.9902,0.72,0.9461
EXOR,Financials,9,1.0,0.0,-1.0,1.0,1.0,1.0,1.0,1.0,0.3333,1.0,1.0,1.0,1.0,0,1.0,1.0,0,1.0
Expand Energy,Energy,657,1.0,0.083,0.6797,0.9504,0.8821,0.9822,0.8861,0.7558,0.6129,0.9703,0.8713,0.9845,0.9826,0.9663,0.9566,0.9808,0.7647,0.9294
Expedia Group,Consumer Discretionary,1900,0.9805,0.1973,0.6288,0.905,0.8229,0.9846,0.6712,0.6367,0.6975,0.959,0.8733,0.9637,0.9767,0.7544,0.962,0.9841,0.9048,0.8303
Expeditors,Industrials,1760,0.9937,0.2881,0.3221,0.9037,0.8585,0.9623,0.7623,0.7854,0.673,0.8556,0.522,0.9581,0.9946,0.9235,0.8022,0.9498,0.9394,0.945
Experian,Industrials,4316,0,0,0,0,0,0,0,0,0,0,0,0,0,0,0,0,0,0
Extra Space Storage,Real Estate,3407,0,0,0,0,0,0,0,0,0,0,0,0,0,0,0,0,0,0
Exxon Mobil,Energy,20,1.0,0.6,0.5,0.6667,1.0,1.0,0.9333,0.7524,0.7576,1.0,1.0,1.0,1.0,1.0,1.0,1.0,1.0,1.0
F5,Information Technology,2107,0.988,0.2527,0.5838,0.9209,0.8959,0.9838,0.8192,0.5357,0.7422,0.9417,0.8282,0.9696,0.9702,0.8621,0.9667,0.9705,0.7714,0.7181
Fairfax Financial Holdings,Financials,20,1.0,0,1.0,1.0,1.0,0.8182,1.0,1.0,1.0,0,0,1.0,1.0,1.0,1.0,1.0,0,1.0
Fair Isaac,Information Technology,9,1.0,0.1,1.0,1.0,0,1.0,1.0,1.0,0,1.0,1.0,1.0,1.0,0,1.0,1.0,0,0
Falabella,Consumer Discretionary,327,1.0,0.0554,0.3557,0.9196,0.9706,1.0,0.8772,0.62,0.5,0.9914,0.7556,1.0,1.0,0.9233,0.9643,1.0,1.0,0.9196
FANUC,Industrials,189,1.0,0.3621,0.6129,1.0,0.5263,1.0,0.7467,0.6981,0.6607,0.8786,0.7917,0.9778,1.0,0.875,0.7171,1.0,1.0,0.9091
Far East Horizon,Financials,15,1.0,1.0,0,1.0,0,1.0,1.0,1.0,0.0,0.5238,1.0,1.0,1.0,1.0,0,0,0,1.0
Far EasTone,Communication Services,24,1.0,1.0,0.6667,0.5714,0,1.0,0.3333,0.6857,1.0,1.0,1.0,1.0,1.0,1.0,1.0,1.0,0,1.0
Fastenal,Industrials,5714,0,0,0,0,0,0,0,0,0,0,0,0,0,0,0,0,0,0
Fast Retailing,Consumer Discretionary,301,1.0,0.2748,0.5588,0.913,0.8947,0.9631,0.9091,0.5667,0.7154,0.9198,0.8938,0.9792,1.0,0.9057,0.9111,1.0,1.0,0.9286
FDJ UNITED,Consumer Discretionary,94,1.0,0.375,0.3518,0.9188,0.9583,0.9828,0.7838,0.4242,0.7905,1.0,1.0,1.0,1.0,0.8824,0.9615,1.0,1.0,0.9048
Federated Hermes,Asset Management,184,1.0,0.6401,0.5301,0.9547,0.6752,0.991,0.4355,0.5744,0.6045,0.829,0.6068,0.9722,0.9914,0.6207,0.9513,1.0,0.5556,0.8009
FedEx,Industrials,21240,0,0,0,0,0,0,0,0,0,0,0,0,0,0,0,0,0,0
Feihe International,Consumer Staples,1,0,0,0,1.0,0,0,0,0,0,1.0,0,0,0,0,0,0,0,0
Feng Tay Enterprises,Consumer Discretionary,33,1.0,1.0,0.0,1.0,1.0,1.0,0.9231,1.0,0.6667,1.0,0.6,0.9,1.0,1.0,1.0,1.0,0,1.0
Ferguson,Industrials,2972,0,0,0,0,0,0,0,0,0,0,0,0,0,0,0,0,0,0
Ferrari,Consumer Discretionary,224,1.0,0.4686,0.4,0.9574,1.0,0.9663,0.8838,0.8602,0.216,0.9724,0.8,0.9474,1.0,0.8246,0.8974,1.0,0.7143,0.8333
Ferrovial,Industrials,318,0.9667,0.4195,0.4303,0.9247,0.8039,0.9773,0.8512,0.5029,0.6364,0.9806,0.8974,0.9216,1.0,1.0,0.9352,1.0,1.0,0.9665
Fidelity Information Services,Financials,163,1.0,0.127,0.6176,0.9459,1.0,0.978,0.8,0.6154,0.2571,0.9363,0.4622,0.9394,1.0,1.0,0.9259,1.0,0,0.8346
Fidelity International,Asset Management,3012,0,0,0,0,0,0,0,0,0,0,0,0,0,0,0,0,0,0
Fidelity Investments,Asset Management,20609,0,0,0,0,0,0,0,0,0,0,0,0,0,0,0,0,0,0
Fidelity National Financial,Financials,1194,1.0,0.1127,0.4135,0.9104,0.8106,0.9794,0.9056,0.5813,0.6011,0.9688,0.8987,0.967,0.9977,0.842,0.8462,1.0,0.9091,0.8808
Fifth Third,Financials,4307,0,0,0,0,0,0,0,0,0,0,0,0,0,0,0,0,0,0
FinecoBank,Financials,29,1.0,-1.0,0.1429,1.0,1.0,1.0,0.5238,0.6,-1.0,1.0,0.5,1.0,1.0,1.0,1.0,1.0,0,0.8
First Abu Dhabi Bank,Financials,218,1.0,0.4677,0.5244,0.7993,0.9474,0.9836,0.8095,0.7067,0.5714,0.9718,0.7222,1.0,0.9726,0.9429,0.8556,0.9259,1.0,0.9474
FirstEnergy,Utilities,725,0.9623,0.254,0.5883,0.9664,0.8676,0.9529,0.769,0.6427,0.6976,0.9458,0.8725,0.9419,0.9949,0.9736,0.889,0.9843,0.9091,0.8754
First Quantum Minerals,Materials,236,1.0,0.4184,0.6929,0.886,0.8824,0.9673,1.0,0.8447,0.6812,1.0,0.92,0.9683,1.0,1.0,0.9014,1.0,1.0,0.9194
FirstRand,Financials,208,1.0,0.0143,0.7,0.6591,0.7857,0.9915,0.9174,0.7431,0.4571,0.9818,0.6957,0.9383,1.0,1.0,0.9467,0.913,1.0,0.9785
First Solar,Information Technology,796,1.0,0.3257,0.4769,0.9563,0.7971,0.9775,0.809,0.5743,0.7628,0.9978,0.9655,0.9969,0.9612,0.8082,0.9295,1.0,0.7333,0.8186
Fiserv,Financials,9960,0,0,0,0,0,0,0,0,0,0,0,0,0,0,0,0,0,0
Fisher & Paykel Healthcare,Health Care,602,0.9529,0.5264,0.4997,0.8241,0.8623,0.9893,0.2753,0.7246,0.7843,0.8391,0.7989,0.9761,0.9964,0.8127,0.8855,0.9909,0.913,0.811
Flex,Information Technology,5307,0,0,0,0,0,0,0,0,0,0,0,0,0,0,0,0,0,0
Flutter Entertainment,Consumer Discretionary,820,0.9914,0.1273,0.5839,0.9202,0.8258,0.9833,0.7566,0.2451,0.8083,0.9848,0.9235,0.9814,0.9941,0.8676,0.9627,1.0,0.76,0.6967
Ford Motor Company,Consumer Discretionary,9987,0,0,0,0,0,0,0,0,0,0,0,0,0,0,0,0,0,0
Formosa Plastics,Materials,83,1.0,0.65,0.0,1.0,1.0,1.0,0.6857,0.75,0.7778,0.6733,0.7857,0.9231,1.0,1.0,1.0,1.0,1.0,0.8
Fortescue,Materials,491,0.9933,0.4902,0.6033,0.9047,0.7164,0.97,0.832,0.2792,0.8001,0.9601,0.9274,0.9353,0.9955,0.9405,0.8912,1.0,0.6364,0.6589
Fortinet,Information Technology,3003,0,0,0,0,0,0,0,0,0,0,0,0,0,0,0,0,0,0
Fortis,Utilities,39,1.0,0.25,0.4792,0.85,1.0,0.9709,0.95,1.0,0.7922,0.9375,1.0,1.0,1.0,0.7111,1.0,1.0,1.0,1.0
Fortis Healthcare,Health Care,419,1.0,0.3221,0.8031,0.9443,0.8824,0.9886,0.879,0.7931,0.6286,0.9914,0.8333,0.9918,0.9704,0.6786,0.9189,0.973,0,1.0
Fortive,Industrials,144,1.0,0.4593,0.2899,0.7971,0.7085,0.9798,0.9273,0.7667,0.625,0.9701,0.7949,0.9867,0.9615,0.8857,0.9312,1.0,0.6667,0.8621
Fortum,Utilities,156,1.0,0.3455,0.5133,0.8979,0.9731,0.9627,0.5504,0.5739,0.6607,0.9403,0.7136,0.9787,1.0,0.8,0.9286,1.0,1.0,0.7656
Fortune Electric,Industrials,7,1.0,0,0,1.0,1.0,1.0,0.5,1.0,0,0.5715,-1.0,0,1.0,1.0,1.0,1.0,0,1.0
Fosun,Industrials,224,1.0,0.8667,0.699,0.839,1.0,0.9806,0.8416,0.5932,0.9391,1.0,0.8182,0.9767,1.0,0.8947,0.9455,1.0,0,1.0
Founder Securities,Financials,77,1.0,-0.3,0.7647,0.5,1.0,1.0,1.0,-0.1765,0.5,1.0,1.0,1.0,1.0,0.8667,1.0,1.0,1.0,0.625
Foxconn Industrial Internet,Information Technology,172,0.92,0.0789,-0.1762,0.9385,0.9412,0.9731,0.7516,0.7007,0.6275,0.9889,0.8571,1.0,1.0,0.9,0.8378,1.0,1.0,0.8788
Fox Corporation,Communication Services,278,1.0,0.4563,0.4656,0.8326,0.7137,0.9709,0.8054,0.703,0.6132,0.9099,0.5741,0.9744,0.9549,0.7917,0.9065,0.9837,0.8571,0.8909
FRANCO,Materials,2,0,0,0,0,0,1.0,0,0,0,0,0,0,0,0,0,0,0,0
Franklin Templeton,Asset Management,2342,0,0,0,0,0,0,0,0,0,0,0,0,0,0,0,0,0,0
Freeport-McMoRan,Materials,1293,0.9863,0.1484,0.4638,0.9286,0.9193,0.9878,0.7798,0.7905,0.6862,0.9478,0.8211,0.9585,0.9916,0.9445,0.8931,0.9813,0.6552,0.9303
Fresenius,Health Care,190,1.0,0.3837,0.2744,1.0,0.6692,0.9595,0.7907,0.4899,0.7354,0.9946,0.8529,0.9565,1.0,0.875,0.9167,0.9091,0.5,0.9444
Fresenius Medical Care,Health Care,6055,0,0,0,0,0,0,0,0,0,0,0,0,0,0,0,0,0,0
Fresnillo,Materials,2,0,-1.0,0,0,0,1.0,0.0,1.0,0,1.0,0,1.0,1.0,0,0,0,0,0
FSN Capital,Consumer Discretionary,6,0,0,0,0,0,1.0,1.0,1.0,1.0,1.0,0,1.0,0,1.0,1.0,0,0,1.0
Fubon Financial,Financials,235,1.0,0.2477,0.5,0.9013,0.9529,0.9596,0.7259,0.5889,0.4966,0.838,0.4938,0.9651,0.9718,0.9102,1.0,1.0,-0.3333,0.8487
Fuji Electric,Industrials,210,1.0,0.2244,0.5517,0.9375,0.9,0.9758,0.7168,0.7983,0.5873,0.9106,0.9474,0.9545,1.0,0.9286,0.9062,1.0,1.0,1.0
FUJIFILM,Information Technology,629,0.9853,0.3269,0.4968,0.9227,0.7707,0.9566,0.7144,0.6759,0.6643,0.9139,0.8365,0.9313,0.9697,0.8965,0.9196,1.0,0.7,0.8153
Fujikura,Industrials,70,1.0,0.6538,0.4333,0.9231,0.5455,1.0,0.5338,0.758,0.8889,0.9167,0.7917,1.0,1.0,1.0,1.0,1.0,0,0.7582
Fujitsu,Information Technology,5200,0,0,0,0,0,0,0,0,0,0,0,0,0,0,0,0,0,0
Futu,Financials,14,0,0,0,0.6,0,1.0,1.0,0.0,0,1.0,1.0,1.0,1.0,1.0,1.0,1.0,0,0.7143
Fuzhou Rockchip,Information Technology,3,1.0,-1.0,1.0,1.0,1.0,1.0,0,0,0,1.0,1.0,1.0,1.0,0,0,1.0,0,0
GAIL,Utilities,432,1.0,0.2164,0.6646,0.918,0.9543,0.9864,0.6266,0.8852,0.5185,0.936,0.7111,0.9751,1.0,0.7561,1.0,1.0,0,0.9697
Galaxycore,Information Technology,1,0,0,0,0,1.0,1.0,1.0,0,0,0,0,1.0,1.0,1.0,1.0,0,0,0
Galaxy Entertainment,Consumer Discretionary,99,1.0,0.6551,0.4706,1.0,0.5333,0.9909,0.6345,0.8,0.8636,0.7469,0.5,1.0,1.0,1.0,0.8261,1.0,1.0,1.0
Galaxy Securities,Financials,153,1.0,0.7,0.6364,0.8333,0.8,1.0,0.8968,0.56,0.4286,0.9368,0.7692,0.9737,1.0,0.8667,1.0,1.0,0,0.75
Galderma,Health Care,763,0.9677,0.5092,0.5855,0.8943,0.8146,0.9596,0.9461,0.6802,0.685,0.9833,0.9372,0.9783,0.9813,0.7733,0.9827,0.9666,0.6214,0.9631
Galp,Energy,213,1.0,0.4537,0.5878,0.8909,0.9012,0.981,0.716,0.8639,0.8125,0.8973,0.6249,1.0,0.9826,1.0,0.913,1.0,0,0.907
Gamuda,Industrials,515,0.9647,0.1433,0.4239,0.9655,0.9296,0.9988,0.6488,0.6525,0.7838,0.9134,0.8665,0.952,1.0,0.8947,0.8673,0.9701,0.7143,0.9143
Garmin,Consumer Discretionary,2137,0.9873,0.2853,0.4924,0.892,0.8464,0.9887,0.7285,0.5932,0.7309,0.8993,0.8126,0.9621,0.9887,0.859,0.9376,0.9843,0.8056,0.642
Gartner,Information Technology,9817,0,0,0,0,0,0,0,0,0,0,0,0,0,0,0,0,0,0
Gazelle's Group of Companies,Consumer Discretionary,1,0,0,0,1.0,0,1.0,0,1.0,0,0,1.0,0,0,0,0,0,0,0
GCL Direct,Information Technology,37,1.0,0.0,0.675,0.8571,0.8571,1.0,0.7857,0.9167,-0.3333,1.0,0.2,0.8889,0.875,1.0,0.5,1.0,0,0.8
GDS Holdings,Information Technology,8,1.0,0,0.6667,1.0,1.0,1.0,1.0,0,1.0,1.0,1.0,1.0,1.0,1.0,1.0,1.0,0,1.0
GEA Group,Industrials,651,0.9911,0.2581,0.5437,0.9341,0.9133,0.9849,0.789,0.5446,0.572,0.9628,0.8954,0.9524,0.9902,0.9513,0.9404,0.9857,0.5,0.8295
Geberit,Industrials,101,1.0,0.44,0.6667,0.7997,0.6667,0.9725,0.6741,0.4751,0.7368,0.8304,1.0,0.9231,1.0,1.0,0.9412,1.0,1.0,0.7778
GECINA,Real Estate,2,0,0,1.0,0,0,1.0,1.0,0,0,0,0,0,1.0,0,1.0,1.0,1.0,0
Geely Automobile,Consumer Discretionary,58,1.0,0.2545,0.0182,1.0,0.8333,1.0,0.8947,0.625,1.0,0.9704,0.8182,1.0,1.0,0.8667,1.0,1.0,1.0,0.9048
GE HealthCare,Health Care,7990,0,0,0,0,0,0,0,0,0,0,0,0,0,0,0,0,0,0
GEM,Industrials,1,0,0,0,0,0,1.0,0,0,0,0,0,0,0,0,0,0,0,0
Gen,Information Technology,548,1.0,0.1857,0.5355,0.8921,0.9014,0.9826,0.7975,0.5157,0.7162,0.9872,0.8634,0.9729,0.9969,0.8857,0.9617,1.0,0.7551,0.8549
General Electric Company,Industrials,2,0,0,0,1.0,0,1.0,0,0.0,0,0,1.0,0,1.0,0,0,0,0,0
Generali,Financials,953,0.9885,0.4421,0.655,0.9065,0.7732,0.9867,0.6821,0.5442,0.5261,0.9265,0.6957,0.9858,0.9855,0.8312,0.9416,1.0,1.0,0.8581
General Mills,Consumer Staples,4203,0.9985,0.3961,0.5,0.913,0.8639,0.9811,0.6295,0.6114,0.7979,0.9228,0.8756,0.9667,0.9803,0.8249,0.9454,0.9508,0.7917,0.9442
General Motors,Consumer Discretionary,249,0.9487,0.3228,0.5175,0.9071,0.8258,0.9675,0.7094,0.6915,0.7669,0.9347,0.92,0.9672,0.9643,0.7737,0.9574,1.0,1.0,0.7594
Genmab,Health Care,135,1.0,0.5972,0.7355,0.8808,0.9136,0.9642,0.8852,0.7125,0.4825,1.0,0.9375,1.0,1.0,0.8098,1.0,1.0,1.0,0.8952
GenScript,Health Care,291,1.0,0.3684,0.477,0.9635,0.8792,0.9379,0.8578,0.6818,0.5032,0.975,0.9467,0.9912,0.9933,0.7761,0.8452,1.0,0.8571,0.8629
Genuine Parts Company,Consumer Discretionary,597,1.0,0.2181,0.4419,0.9151,0.7696,0.973,0.7311,0.5507,0.7172,0.8307,0.8068,0.9017,0.97,0.9063,0.8116,0.987,0.931,0.7621
George Weston,Consumer Staples,41,1.0,0.9429,0.6429,1.0,0.3333,1.0,0.8,0.5333,1.0,0.9333,0.7667,1.0,0.9583,0.6,1.0,1.0,0,0.7778
Gerdau,Materials,837,0.9667,0.2974,0.4505,0.9515,0.891,0.9673,0.8207,0.7946,0.6494,0.9562,0.9078,0.9367,1.0,0.9562,0.8821,0.9811,1.0,0.879
Getlink,Industrials,2,1.0,0,1.0,1.0,0,1.0,0.1429,1.0,1.0,1.0,1.0,1.0,0,0,0,0,1.0,0
GE Vernova,Industrials,2806,0,0,0,0,0,0,0,0,0,0,0,0,0,0,0,0,0,0
GFL Environmental,Industrials,706,0.9452,0.3016,0.4647,0.9894,0.8234,0.9243,0.837,0.5941,0.6941,0.982,0.9238,0.9044,1.0,0.8837,0.6644,0.9701,0.9091,0.6954
GF Securities,Financials,215,1.0,0.4489,0.7297,0.9459,1.0,0.9551,0.9351,0.5676,0.4783,1.0,0.8261,0.986,1.0,0.7449,0.9835,1.0,0,0.85
Giant Eagle,Communication Services,3492,0,0,0,0,0,0,0,0,0,0,0,0,0,0,0,0,0,0
Gigabyte,Information Technology,2,0,1.0,1.0,0,0,1.0,0,0,0,1.0,0,0.0,1.0,0,0,0,0,1.0
Gildan,Consumer Discretionary,382,1.0,0.4247,0.5935,0.968,0.6552,0.9572,0.8391,0.6849,0.7328,0.9739,0.8987,0.9741,1.0,0.9093,0.8311,0.9556,1.0,0.9477
Gilead Sciences,Health Care,2573,0,0,0,0,0,0,0,0,0,0,0,0,0,0,0,0,0,0
Givaudan,Materials,1225,0.9884,0.4078,0.5106,0.8716,0.8041,0.9738,0.7372,0.6062,0.6548,0.9363,0.7816,0.9397,0.9876,0.8631,0.9038,0.9887,0.75,0.9296
Gjensidige Forsikring,Financials,46,1.0,0.6,0.1111,1.0,1.0,1.0,0.5263,0.4095,0.8286,1.0,0.8462,1.0,1.0,1.0,1.0,1.0,0,1.0
Glencore,Materials,947,0.971,0.4381,0.586,0.788,0.7657,0.9649,0.8509,0.6411,0.747,0.9413,0.8087,0.9635,1.0,0.8444,0.9037,0.9881,0.7895,0.9485
Global Payments,Financials,1773,1.0,0.2766,0.492,0.9238,0.837,0.9665,0.8059,0.4896,0.5786,0.9658,0.8532,0.9571,0.9713,0.8652,0.9647,0.9903,0.6771,0.8386
Global Unichip Corporation,Information Technology,32,1.0,0.1,0.5,0.9365,1.0,1.0,0.6364,0.4,1.0,1.0,1.0,1.0,1.0,1.0,1.0,1.0,0,1.0
GlobalWafers,Information Technology,39,1.0,0.625,0.7,0.875,1.0,1.0,0.6364,0.6508,0.551,1.0,0.8572,1.0,1.0,0.7143,1.0,1.0,-1.0,0.7143
GMR Group,Industrials,505,1.0,0.3763,0.6839,0.9638,0.9375,0.9955,0.6757,0.9103,0.6601,0.9402,0.6304,0.9728,0.9938,0.7931,0.9008,1.0,0.0,0.8414
GoDaddy,Information Technology,3621,0,0,0,0,0,0,0,0,0,0,0,0,0,0,0,0,0,0
Godrej Consumer Products,Consumer Staples,389,1.0,0.3529,0.5325,0.9595,0.9891,0.9923,0.7205,0.756,0.8122,0.9254,0.8658,0.9848,0.9755,0.9385,0.9652,0.9286,1.0,0.9118
Godrej Properties,Real Estate,644,1.0,0.2136,0.5056,0.9622,0.7971,0.993,0.8471,0.675,0.537,0.9651,0.838,0.9831,0.9507,0.9185,0.9039,1.0,0.5,0.9459
GoerTek,Information Technology,83,1.0,-0.0607,0.6458,0.96,1.0,0.9848,1.0,0.127,0.3214,1.0,0.9783,1.0,1.0,1.0,0.9167,1.0,-0.1429,0.8462
Gold Circuit Electronics,Information Technology,4,0,0,0,-0.1429,0,0,1.0,0,1.0,-0.1429,0,0,1.0,1.0,0,0,0,1.0
Gold Fields,Materials,156,1.0,0.5265,0.4292,0.9545,1.0,1.0,0.7542,0.8529,0.4091,1.0,1.0,1.0,1.0,0.6842,0.8781,0.8986,1.0,1.0
Goldman Sachs Group,Financials,23313,0,0,0,0,0,0,0,0,0,0,0,0,0,0,0,0,0,0
Goldwind Global,Industrials,73,1.0,0.5714,0.5867,0.931,0.6667,1.0,0.9012,0.1024,0.4344,0.9899,0.9444,1.0,1.0,1.0,1.0,1.0,1.0,0.7582
Goneo,Industrials,1,0,0,0,1.0,0,0,1.0,0,0,-1.0,0,0,0,0,0,0,0,1.0
Goodman Group,Real Estate,68,1.0,0.375,0.5526,0.8411,0.8,0.9535,0.7895,0.0,0.5,1.0,0.9444,1.0,1.0,1.0,0.9333,1.0,1.0,0.8182
Gotion,Industrials,76,1.0,0.3459,0.3906,0.913,0.9545,0.9574,0.8687,0.5374,0.5279,0.9911,0.8571,1.0,0.9822,0.8947,0.9118,1.0,0.3333,0.7551
GoTo Group,Consumer Discretionary,91,1.0,0.2,0.4304,1.0,1.0,0.9701,0.8333,-0.2266,0.6667,0.8485,1.0,0.9355,1.0,0.75,1.0,1.0,0.5,0.75
Grab,Industrials,5494,0,0,0,0,0,0,0,0,0,0,0,0,0,0,0,0,0,0
Graco,Industrials,502,0.9445,0.2181,0.4467,0.9164,0.9615,0.992,0.7355,0.5671,0.6539,0.9582,0.8759,0.9394,0.9945,0.9108,0.8865,0.9726,0.4286,0.8857
Grainger,Industrials,5141,0,0,0,0,0,0,0,0,0,0,0,0,0,0,0,0,0,0
Grasim Industries,Materials,458,1.0,0.5256,0.717,0.9753,0.8649,0.9882,0.6962,0.8679,0.5663,0.9366,0.6786,0.9763,1.0,0.6765,0.96,0.96,0,0.925
GREat,Consumer Discretionary,57,1.0,-0.1429,0.7778,1.0,1.0,1.0,0.4286,0.3333,-1.0,1.0,1.0,1.0,1.0,-1.0,1.0,1.0,0,1.0
Great Wall Securities,Financials,18,1.0,0.6,0.5,1.0,1.0,1.0,1.0,1.0,0.3333,1.0,-1.0,1.0,1.0,1.0,1.0,1.0,0,1.0
Greatwall Supermarket,Information Technology,14,0,-1.0,1.0,1.0,0,1.0,1.0,-1.0,1.0,0.0,1.0,0,0,0,1.0,0,0,1.0
Gree Electrical Appliances,Consumer Discretionary,17,1.0,1.0,-0.3333,1.0,0,1.0,0.9259,0.0,1.0,1.0,0.0,1.0,1.0,1.0,1.0,1.0,0,1.0
Grifols,Health Care,2360,0,0,0,0,0,0,0,0,0,0,0,0,0,0,0,0,0,0
Groupe Bouygues,Industrials,118,1.0,-0.0278,0.4167,1.0,0.8872,0.9825,0.8316,0.7128,0.85,1.0,0.4386,1.0,1.0,1.0,0.6241,1.0,1.0,0.948
Gruma,Consumer Staples,48,1.0,0.6667,0.36,1.0,0.5,1.0,1.0,0.7778,0.8667,1.0,1.0,1.0,1.0,1.0,1.0,0.7143,0,0.75
Grupo ACS,Industrials,40,1.0,-0.125,0.7,0.8947,1.0,0.9153,0.6667,0.2619,0.5,0.832,1.0,0.6667,1.0,1.0,0.3333,1.0,1.0,0.8857
Grupo Aeroportuario del Centro Norte,Industrials,2,0,1.0,1.0,1.0,1.0,1.0,0,1.0,1.0,1.0,0,0,1.0,1.0,1.0,1.0,0,0
Grupo Bimbo,Consumer Staples,440,1.0,0.5781,0.4406,0.9538,0.8537,0.964,0.8228,0.7595,0.7143,0.9445,0.737,1.0,1.0,0.8,0.942,1.0,1.0,1.0
Grupo Carso,Industrials,3,0,1.0,1.0,0,0,1.0,0,1.0,0,1.0,0,0,1.0,0,0,0,0,0
GSK,Health Care,4460,0,0,0,0,0,0,0,0,0,0,0,0,0,0,0,0,0,0
Guangdong Investment,Utilities,5,0,1.0,0,1.0,0,1.0,0,0,0,-1.0,0,0,0,1.0,1.0,1.0,0,1.0
Guangzhou Automobile Group,Consumer Discretionary,13,0,1.0,0.5,-0.5,1.0,1.0,0.3333,0.5,0,1.0,1.0,0,1.0,1.0,1.0,1.0,0,0.0
Guangzhou Baiyunshan Pharmaceutical Holdings,Health Care,4,0,1.0,-1.0,1.0,0,1.0,0,1.0,0,1.0,0,0,1.0,0,0,0,0,1.0
Guangzhou Tinci Materials Technology,Materials,4,0,-1.0,1.0,1.0,0,1.0,1.0,1.0,0,1.0,1.0,0,1.0,1.0,1.0,1.0,0,1.0
Gulf Bank,Financials,31,1.0,0.0,1.0,1.0,1.0,1.0,0.8571,0.7778,0.5,1.0,1.0,1.0,1.0,0.5,1.0,1.0,0,1.0
Gulf Business Machines,Information Technology,196,1.0,0.5227,0.4544,0.7641,0.8889,0.9833,0.8696,0.665,0.2,0.9458,0.5768,0.9481,1.0,0.8083,0.9429,1.0,1.0,1.0
Guosen Securities,Financials,141,1.0,0.5059,0.6442,0.9134,0.8667,1.0,0.82,0.5848,0.3684,0.9407,0.5714,1.0,1.0,0.76,1.0,1.0,0,0.7143
Guoyuan Securities,Financials,31,1.0,1.0,1.0,1.0,1.0,1.0,0.7778,0.3333,1.0,0.6,1.0,1.0,1.0,1.0,1.0,1.0,0,1.0
HaiDiLao Hotpot,Consumer Discretionary,423,1.0,0.0217,0.595,0.9725,0.56,0.9716,0.8693,0.6485,0.8914,0.9886,1.0,0.9787,1.0,0.96,0.6494,1.0,1.0,1.0
Hainan Airlines,Industrials,101,1.0,0.4179,0.306,0.9444,0.7143,1.0,0.8462,0.6087,0.5612,0.9539,1.0,1.0,1.0,0.9474,0.7629,1.0,1.0,0.8571
Haitian,Consumer Staples,10,0,0.5,0.0,0.3333,0,1.0,0.6667,0.5,0,1.0,1.0,1.0,0.8,1.0,1.0,0,-1.0,1.0
Haleon,Health Care,970,0.9963,0.392,0.6324,0.8785,0.8761,0.9855,0.7408,0.555,0.6778,0.9443,0.8737,0.954,0.9746,0.7623,0.9751,0.956,0.931,0.8456
Halliburton,Energy,6676,0,0,0,0,0,0,0,0,0,0,0,0,0,0,0,0,0,0
Halma,Information Technology,178,1.0,0.2179,0.3928,0.7907,1.0,0.9938,0.8857,0.8,0.9102,0.9789,0.9032,0.9762,1.0,0.7429,0.9706,1.0,1.0,0.907
Hana Financial Group,Financials,131,1.0,0.5714,0.4,0.9757,0.8333,0.9841,0.8036,0.7,0.82,0.6957,0.5641,0.95,1.0,0.7778,0.9162,1.0,0,0.9048
Hankook Tire,Consumer Discretionary,328,0.9897,0.3603,0.2361,0.9835,0.8043,0.9717,0.8128,0.7884,0.7386,0.9261,0.9282,0.9041,1.0,1.0,0.7363,0.9841,0.1667,0.8983
Hankyu Hanshin Holdings,Industrials,3,0,0,1.0,1.0,0,1.0,0.5,0.3333,1.0,1.0,1.0,0,1.0,0,1.0,1.0,0,0
HANMI Semiconductor,Information Technology,1,1.0,0,0,1.0,-1.0,0,0,1.0,0,0.0,0,0,1.0,0,1.0,0,0,1.0
Hansoh Bio,Health Care,10,1.0,0.0,-1.0,1.0,1.0,0.9407,1.0,0.3333,0.5,1.0,1.0,1.0,1.0,0.3333,-0.3333,1.0,0,1.0
Hanwha Group,Industrials,516,1.0,0.5336,0.5536,0.9093,0.7727,0.9844,0.8024,0.7061,0.7734,0.8077,0.6398,0.9394,1.0,0.9398,0.9591,1.0,0.8,0.9424
Harmony Gold,Materials,60,1.0,0.6364,0.4091,1.0,0.6061,0.9355,0.7579,1.0,0.0,0.9778,0.4603,0.8496,1.0,-0.6154,0.2727,1.0,0,1.0
Hastings Water Works,Utilities,56,0.6,0.7143,0.7921,0.9,1.0,0.9444,1.0,-0.0833,0.7143,0.9429,1.0,0.8333,1.0,1.0,1.0,1.0,1.0,1.0
Havells India,Industrials,891,0.9726,0.2327,0.4536,0.9594,1.0,0.9875,0.8785,0.8407,0.6608,0.9732,0.8588,0.9779,0.9593,0.875,0.9502,0.9817,0.7143,0.9406
HCA Healthcare,Health Care,7440,0,0,0,0,0,0,0,0,0,0,0,0,0,0,0,0,0,0
HCL Technologies,Information Technology,4137,0,0,0,0,0,0,0,0,0,0,0,0,0,0,0,0,0,0
HDFC Asset Management,Financials,342,1.0,-0.1744,0.6941,0.9818,0.8824,0.9903,0.6715,0.9078,0.4286,0.9468,0.4583,0.9645,0.9766,0.7812,0.95,1.0,1.0,0.8462
HDFC Bank,Financials,10564,0,0,0,0,0,0,0,0,0,0,0,0,0,0,0,0,0,0
HDFC Standard Life Insurance,Financials,1792,0.9922,0.119,0.5525,0.9695,0.8874,0.985,0.8702,0.7872,0.5225,0.9532,0.7939,0.9836,0.9677,0.9416,0.8996,0.984,0.4286,0.9454
HD Hyundai Heavy Industries,Industrials,9,1.0,1.0,0.5,1.0,0,1.0,1.0,0.0,0.0,0.8182,0.75,0,1.0,1.0,1.0,0,0,1.0
HD Hyundai Infracore,Energy,13,0,-1.0,1.0,1.0,-1.0,1.0,1.0,0.037,1.0,0.8889,1.0,1.0,1.0,1.0,0.5,1.0,0,0.3333
HD Hyundai Marine Solution,Industrials,9,1.0,1.0,1.0,1.0,0.0,1.0,1.0,1.0,1.0,1.0,0.3333,1.0,1.0,1.0,-0.6,1.0,0,0
Healthpeak Properties,Real Estate,55,1.0,0.2418,0.4694,0.9325,0.875,1.0,0.9108,0.7579,0.2227,0.9231,1.0,1.0,0.9286,0.7,1.0,1.0,0.5143,0.9394
HEICO,Industrials,135,1.0,0.3112,0.3324,0.9508,0.9091,0.9866,0.9826,0.6641,0.6832,0.9638,0.8333,0.9773,1.0,0.9032,1.0,0.9861,0.8367,1.0
Heidelberg Materials,Materials,1050,1.0,0.5067,0.6027,0.9285,0.7248,0.9782,0.8211,0.5891,0.6653,0.9802,0.8826,0.9837,0.9892,0.8729,0.9716,0.9692,0.7692,0.9329
Heineken Holding,Consumer Staples,9,1.0,0,1.0,0,1.0,1.0,1.0,0,0,1.0,1.0,1.0,1.0,0,1.0,1.0,0,1.0
Hellenic Telecommunications,Communication Services,405,1.0,0.3583,0.6238,0.9498,0.8781,0.9896,0.7867,0.6759,0.6697,0.9545,0.6935,0.9124,0.9811,0.8603,0.7238,1.0,1.0,0.9553
Henderson Land Development,Real Estate,110,1.0,0.3,0.3333,1.0,1.0,1.0,0.2437,0.9111,1.0,0.1163,0.1667,1.0,1.0,1.0,1.0,1.0,0,1.0
Hengan,Consumer Staples,1,0,0,0,0,0,0,0,0,0,1.0,0,0,1.0,1.0,0,0,0,0
Hengli Petrochemical,Materials,24,1.0,0.0,0.9333,0.7059,1.0,1.0,1.0,1.0,0.4286,0.9091,0.75,1.0,1.0,0.6667,1.0,1.0,0,1.0
Hengtong Group,Information Technology,9,0,1.0,1.0,1.0,1.0,1.0,1.0,1.0,0,0.3333,1.0,1.0,1.0,0,1.0,1.0,0,1.0
Henkel,Consumer Staples,6589,0,0,0,0,0,0,0,0,0,0,0,0,0,0,0,0,0,0
HENSOLDT,Industrials,87,1.0,-0.15,0.4286,0.96,0.9467,0.9757,0.5553,0.5955,1.0,0.8129,0.875,1.0,1.0,1.0,0.8095,1.0,1.0,0.7647
Hermes,Consumer Discretionary,197,1.0,0.4444,0.6071,0.9183,0.7619,0.9318,0.9872,-0.3085,0.53,1.0,0.944,0.7857,0.9697,1.0,0.5556,1.0,1.0,0.4667
Hero MotoCorp,Consumer Discretionary,1881,0.9867,0.2799,0.0518,0.9508,0.9334,1.0,0.7515,0.7831,0.8147,0.9533,0.7488,0.9744,0.981,0.7727,0.9415,1.0,0.8462,0.8661
Hewlett Packard Enterprise,Information Technology,44,1.0,-0.1111,0.6429,1.0,1.0,0.9333,0.6526,0.4184,1.0,0.8571,0.8,1.0,1.0,1.0,0.8667,1.0,1.0,0.7143
Hexagon,Information Technology,2152,0.9933,0.2284,0.5609,0.9123,0.891,0.9936,0.7725,0.3329,0.5543,0.952,0.724,0.9622,0.9915,0.8228,0.9016,0.9886,0.7838,0.7923
HGTECH,Information Technology,2,0,0,1.0,1.0,0,1.0,1.0,1.0,0,1.0,1.0,0,0,0,1.0,0,0,0
Hikari Tsushin,Industrials,31,1.0,-0.2,0.7143,0.75,1.0,1.0,1.0,1.0,0.3714,1.0,1.0,1.0,1.0,1.0,0.68,1.0,1.0,0.8095
Hikma Pharmaceuticals,Health Care,1,0,0,0,0,0,1.0,1.0,0,0,0,0,1.0,0,0,0,0,0,1.0
Hilton,Consumer Discretionary,12229,0,0,0,0,0,0,0,0,0,0,0,0,0,0,0,0,0,0
Hindalco,Materials,699,1.0,0.5187,0.6093,0.946,0.9661,0.9964,0.6147,0.9417,0.7952,0.9581,0.8511,0.9678,0.9784,0.7867,0.9365,1.0,0.6,0.9291
Hindustan Aeronautics,Industrials,1040,1.0,0.0197,0.4392,0.9295,0.8537,0.9953,0.5062,0.8538,0.6769,0.9621,0.5859,0.9812,0.9981,0.912,0.9221,0.9921,0.3333,0.8875
Hindustan Petroleum,Energy,1274,1.0,0.3609,0.4655,0.9636,0.958,0.9939,0.6676,0.8687,0.7502,0.9248,0.6762,0.9529,0.9974,0.8413,0.9613,1.0,0.0,0.8643
Hindustan Unilever,Consumer Staples,320,1.0,0.2553,0.7519,0.8417,1.0,1.0,0.6228,0.7068,0.7243,0.9789,0.8857,1.0,0.9556,0.7714,0.9544,0.913,1.0,0.9512
Hitachi Energy,Industrials,1721,0.9872,0.3351,0.6112,0.8962,0.9365,0.9847,0.7048,0.4818,0.7269,0.9692,0.7842,0.9855,0.9949,0.8375,0.9511,1.0,0.56,0.8819
Hithink RoyalFlush Information Network,Financials,22,1.0,0,1.0,1.0,0,1.0,1.0,0,1.0,1.0,0,1.0,1.0,1.0,1.0,1.0,0,1.0
HLB,Health Care,28,1.0,0.0,1.0,1.0,1.0,1.0,0.7778,0.6667,0.2143,1.0,1.0,1.0,1.0,1.0,0.4286,1.0,0,1.0
H & M HENNES & MAURITZ,Consumer Discretionary,32,1.0,-0.5455,0.9444,1.0,1.0,1.0,0.8462,0.7922,0.8667,0.8333,1.0,1.0,1.0,0.3333,1.0,1.0,1.0,1.0
HOCHTIEF,Industrials,76,1.0,0.2,0.625,1.0,0.2857,1.0,0.9231,0.5333,0.9184,1.0,1.0,0.9524,1.0,1.0,1.0,1.0,1.0,1.0
Holcim,Materials,2086,0.9892,0.4767,0.5468,0.9066,0.8934,0.9874,0.7767,0.753,0.7291,0.9637,0.8272,0.9813,0.9883,0.853,0.9229,0.9866,0.7959,0.917
Holmen,Materials,40,1.0,0.3955,0.4875,0.7333,0.8,0.8841,0.7846,0.4444,0.0,1.0,1.0,0.9714,1.0,1.0,0.6794,1.0,0,0.6889
Hologic,Health Care,1572,0.9934,0.2961,0.5837,0.9094,0.7962,0.9798,0.8753,0.637,0.6813,0.9748,0.8916,0.9626,0.977,0.9119,0.8989,0.9741,0.75,0.9029
Honeywell,Industrials,15384,0,0,0,0,0,0,0,0,0,0,0,0,0,0,0,0,0,0
Hong Kong and China Gas,Utilities,62,1.0,0.3333,1.0,1.0,1.0,1.0,0.4706,1.0,0.5,0.5,-0.3333,1.0,1.0,1.0,1.0,1.0,0,1.0
Hong Kong Exchanges,Financials,572,1.0,0.2603,0.678,0.967,0.8701,0.9914,0.4008,0.8372,0.8148,0.8029,0.4023,0.8698,1.0,0.9262,0.9831,1.0,1.0,0.9753
Hongkong Land,Real Estate,74,1.0,1.0,0.4286,0.9097,1.0,1.0,0.3684,1.0,0.6364,0.5304,-0.0227,0.9,1.0,1.0,1.0,1.0,0,0.9686
Hong Leong Bank,Financials,1293,1.0,0.1779,0.4736,0.95,0.8055,0.972,0.7585,0.5955,0.7056,0.9504,0.7633,0.97,0.9974,0.8834,0.8651,1.0,0.875,0.9054
Hon Hai,Information Technology,283,1.0,0.4415,0.6134,0.9673,0.8462,0.9616,0.8053,0.8036,0.55,0.8905,0.7955,0.9737,1.0,0.9691,0.9565,1.0,0.3333,1.0
Horizon Robotics,Information Technology,26,1.0,0.9,0.5857,0.5,0,1.0,1.0,0.2,0.0,1.0,1.0,1.0,1.0,1.0,1.0,1.0,0,0.619
Hormel,Consumer Staples,730,0.9888,0.534,0.3384,0.9338,0.9289,0.958,0.8043,0.8203,0.6474,0.8371,0.8677,0.9521,0.9902,0.9333,0.9104,0.9859,0.9184,0.9698
Hotai Motor,Consumer Discretionary,26,1.0,0.0,1.0,0.9375,1.0,1.0,0.375,0.6667,1.0,0.5,0.7143,1.0,1.0,1.0,1.0,1.0,0,1.0
Howmet Aerospace,Industrials,714,0.9882,0.4463,0.4328,0.9564,0.8415,0.9509,0.853,0.7852,0.6939,0.9652,0.8564,0.9618,0.9813,0.9231,0.7772,0.9177,0.8889,0.8411
Hoya,Health Care,184,1.0,0.087,0.5875,0.9371,0.8841,0.9771,0.7041,0.8036,0.6488,0.8088,0.7812,0.9318,0.9259,0.8333,0.9444,1.0,1.0,0.8836
HP Inc.,Information Technology,2610,0,0,0,0,0,0,0,0,0,0,0,0,0,0,0,0,0,0
HSBC,Financials,32652,0,0,0,0,0,0,0,0,0,0,0,0,0,0,0,0,0,0
Huadian Power,Utilities,9,0,0.0,0,1.0,0,1.0,0,0,0,1.0,0,1.0,1.0,1.0,0,1.0,0,1.0
Hua Nan Financial Holdings,Financials,34,1.0,0.1,0.1111,0.9,0.7143,0.7778,0.5,0.8889,0.5,0.6531,0.3333,1.0,1.0,1.0,1.0,1.0,1.0,0.8889
Huaneng Power,Utilities,13,1.0,1.0,1.0,1.0,0.5,1.0,1.0,1.0,1.0,0.5,0,1.0,1.0,1.0,1.0,1.0,0,1.0
Huaqin Telecom Technology,Information Technology,13,0,0,0,1.0,1.0,1.0,1.0,1.0,1.0,0.3333,1.0,1.0,1.0,1.0,1.0,1.0,0,1.0
Huatai Securities,Financials,325,1.0,0.55,0.7371,0.8167,0.9121,0.9897,0.9481,0.6792,0.0612,0.9619,0.9394,0.9868,1.0,0.8776,1.0,1.0,1.0,0.913
Hua Xia Bank,Financials,52,1.0,0.1429,0.5325,1.0,1.0,1.0,0.8667,0.3636,0.2857,0.9167,0.3333,1.0,1.0,1.0,1.0,1.0,0,1.0
Huayou Cobalt,Industrials,8,0,0,1.0,-1.0,1.0,1.0,0,0,0.0,1.0,0,1.0,1.0,1.0,1.0,0,0,0
HUAYU Automotive Systems,Consumer Discretionary,3,0,0,1.0,1.0,0,1.0,0.0,1.0,1.0,1.0,0,1.0,1.0,1.0,0,0,0,0
Hubbell,Industrials,586,1.0,0.3506,0.5889,0.9659,0.7969,0.9795,0.7806,0.5816,0.7053,0.9427,0.8667,0.9843,1.0,0.8356,0.8025,1.0,0.5385,0.8224
HubSpot,Information Technology,4441,0,0,0,0,0,0,0,0,0,0,0,0,0,0,0,0,0,0
Humana,Health Care,7170,0,0,0,0,0,0,0,0,0,0,0,0,0,0,0,0,0,0
Hundsun Ayers Technologies,Information Technology,37,0,-0.8125,1.0,1.0,1.0,1.0,0.3333,1.0,0.2143,1.0,1.0,0.8333,0.9515,0.6667,1.0,1.0,0,1.0
Huntington Bank,Financials,3343,0,0,0,0,0,0,0,0,0,0,0,0,0,0,0,0,0,0
H World Group,Consumer Discretionary,13,1.0,1.0,0.75,1.0,0,1.0,1.0,-1.0,1.0,1.0,1.0,1.0,1.0,1.0,1.0,1.0,0,0.4285
Hyatt,Consumer Discretionary,7471,0,0,0,0,0,0,0,0,0,0,0,0,0,0,0,0,0,0
HYBE,Communication Services,41,1.0,0.3333,0.6667,0.7778,1.0,1.0,1.0,0.3333,1.0,1.0,1.0,1.0,1.0,1.0,0.6,1.0,0,1.0
Hydro One,Utilities,872,1.0,0.5041,0.5439,0.9566,0.9159,0.9843,0.2537,0.7767,0.7573,0.9044,0.6308,0.9168,1.0,0.88,0.9213,1.0,1.0,0.75
Hyundai Glovis,Industrials,307,1.0,0.2244,0.3214,1.0,0.8375,0.9596,0.8405,0.822,0.751,0.9126,0.6667,0.9513,1.0,0.9673,0.8847,1.0,1.0,0.9018
Hyundai Mobis,Consumer Discretionary,1221,1.0,0.0242,0.2359,0.9601,0.8035,0.9877,0.8476,0.7458,0.6205,0.9365,0.8063,0.9306,0.9925,0.941,0.9254,1.0,0.6923,0.9366
Hyundai Motor Company,Consumer Discretionary,2577,0,0,0,0,0,0,0,0,0,0,0,0,0,0,0,0,0,0
Hyundai Rotem,Industrials,80,1.0,0.0,0.4118,1.0,0.7778,0.9474,0.8667,0.625,0.8182,1.0,1.0,1.0,1.0,0.2,1.0,1.0,1.0,1.0
IA Group,Financials,6,0,-1.0,-1.0,1.0,0,1.0,0,1.0,0,1.0,0,1.0,1.0,0,1.0,1.0,0,1.0
Iberdrola,Utilities,196,1.0,0.5323,0.7222,0.9195,1.0,0.985,0.7231,0.6596,0.4762,0.9415,0.7536,1.0,1.0,0.9631,1.0,1.0,1.0,0.8857
ICICI Bank,Financials,8790,0,0,0,0,0,0,0,0,0,0,0,0,0,0,0,0,0,0
ICICI Lombard General Insurance Company Limited,Financials,1460,1.0,0.0324,0.6053,0.9481,0.9635,0.9858,0.8459,0.7559,0.5359,0.9441,0.8375,0.9579,0.9698,0.9572,0.844,0.9831,0.5385,0.9477
ICICI Prudential Life Insurance,Financials,5938,0,0,0,0,0,0,0,0,0,0,0,0,0,0,0,0,0,0
ICL Services,Materials,82,1.0,0.2938,-0.2419,0.9076,1.0,0.9788,0.7111,0.6298,0.2727,0.8824,0.5,1.0,1.0,1.0,0.9,1.0,0.3333,0.8889
Idemitsu Kosan,Energy,45,1.0,0.2778,0.6667,1.0,1.0,1.0,0.8182,0.5833,1.0,0.9524,1.0,1.0,1.0,1.0,1.0,1.0,1.0,1.0
IDEX,Industrials,379,0.9815,0.3724,0.4126,0.9275,0.9244,0.9867,0.9264,0.8061,0.8806,0.9408,0.9556,0.9496,0.9305,0.8555,0.961,0.9718,0.9259,0.9149
IDEXX Laboratories,Health Care,1546,0.9834,0.2583,0.5995,0.9033,0.7972,0.9522,0.8469,0.708,0.625,0.9648,0.9123,0.9611,0.985,0.8725,0.8184,0.9591,0.8684,0.9011
IDFC FIRST Bank,Financials,3218,0,0,0,0,0,0,0,0,0,0,0,0,0,0,0,0,0,0
iFLYTEK,Information Technology,111,1.0,-0.25,0.6842,1.0,1.0,1.0,0.9375,0.5789,1.0,1.0,0.7143,1.0,1.0,0.8667,1.0,1.0,0,0.75
IFT,Financials,24,1.0,-1.0,0.1429,1.0,1.0,1.0,1.0,-0.1667,1.0,1.0,1.0,0.9445,1.0,1.0,1.0,1.0,1.0,1.0
IGM Financial,Financials,88,1.0,0.3281,0.8125,0.9,1.0,0.96,0.5937,0.8421,0.2727,0.9286,0.6,1.0,1.0,0.9091,1.0,1.0,-1.0,1.0
IHH Healthcare,Health Care,228,1.0,0.2403,0.6577,0.8942,0.6308,0.9634,0.5876,0.7453,0.8037,0.9404,0.8214,0.9295,1.0,0.9375,0.8529,1.0,1.0,1.0
IHI,Industrials,79,1.0,0.3146,0.4762,0.92,1.0,0.9693,0.4362,0.8194,0.7778,0.7623,0.5714,1.0,1.0,0.8571,0.8788,1.0,1.0,1.0
Illumina,Health Care,2911,0,0,0,0,0,0,0,0,0,0,0,0,0,0,0,0,0,0
IMCD Group,Industrials,267,1.0,0.3612,0.5865,0.824,0.9095,0.949,0.8941,0.7764,0.4865,0.9826,0.7333,0.9452,0.9955,0.8776,0.9091,1.0,0.1429,0.9194
Imperial Brands,Consumer Staples,611,0.9748,0.4308,0.5236,0.915,0.7757,0.9672,0.7937,0.528,0.6327,0.943,0.8299,0.9742,1.0,0.8425,0.9043,0.9857,0.7051,0.8179
Imperial Oil,Energy,825,0.9817,0.4076,0.4795,0.9556,0.8892,0.9596,0.7675,0.8218,0.7536,0.915,0.58,0.9703,0.9839,0.917,0.9014,0.9835,1.0,0.9899
Incyte,Health Care,202,0.9722,0.7265,0.7405,0.9622,0.8276,0.973,0.9416,0.7485,0.7579,0.9934,0.675,0.9621,1.0,0.9394,0.8596,1.0,0.7778,0.9444
Indian Oil,Energy,2072,0.9926,0.215,0.5204,0.9679,0.959,0.9925,0.6195,0.8515,0.6997,0.9316,0.5434,0.9383,0.9928,0.7829,0.9499,0.9933,1.0,0.9288
Indu,Financials,4,0,0,0.0,1.0,0,1.0,1.0,0,0,1.0,0,0,0,0,0,0,0,0
IndusInd Bank,Financials,2471,0,0,0,0,0,0,0,0,0,0,0,0,0,0,0,0,0,0
Industrial and Commercial Bank of China,Financials,1318,1.0,0.2629,0.4979,0.9055,0.8795,0.9942,0.6867,0.7341,0.3873,0.9167,0.3684,0.9583,0.9982,0.8631,0.9601,1.0,1.0,0.8398
Industrial Bank,Financials,123,1.0,0.7273,0.625,0.9531,1.0,1.0,0.8333,0.5,0.125,0.8636,0.7333,0.6875,1.0,1.0,1.0,1.0,0,1.0
Industrial Securities,Financials,77,1.0,0.7778,0.7778,0.6923,0.5,1.0,1.0,0.2,0.7143,0.9259,0.7778,1.0,1.0,1.0,1.0,0.8182,0,1.0
Indutrade,Industrials,1,0,0,0,0,0,0,0,0,0,0,0,0,0,0,0,0,0,0
Infineon Technologies,Information Technology,4847,0,0,0,0,0,0,0,0,0,0,0,0,0,0,0,0,0,0
Info Edge,Communication Services,2183,0,0,0,0,0,0,0,0,0,0,0,0,0,0,0,0,0,0
Informa,Communication Services,1709,0.9582,0.2691,0.495,0.9127,0.8602,0.9728,0.8348,0.3015,0.5085,0.9739,0.8358,0.956,0.9608,0.832,0.9467,0.9914,0.75,0.7967
Infosys,Information Technology,27789,0,0,0,0,0,0,0,0,0,0,0,0,0,0,0,0,0,0
ING,Consumer Discretionary,4557,0,0,0,0,0,0,0,0,0,0,0,0,0,0,0,0,0,0
Inner Mongolia BaoTou Steel,Materials,14,0,1.0,1.0,1.0,0,1.0,-1.0,0.0,0,0.0,0.6,-1.0,1.0,1.0,0,1.0,0,0
INNOLUX,Information Technology,110,1.0,0.1111,0.8182,1.0,1.0,1.0,0.6295,0.7826,1.0,0.9877,1.0,1.0,1.0,1.0,1.0,1.0,1.0,0.8462
Innovent Biologics,Health Care,21,1.0,0.2,1.0,0.9184,-1.0,1.0,0.9167,-1.0,0.3333,1.0,1.0,1.0,1.0,1.0,1.0,1.0,0,1.0
INPEX,Energy,109,1.0,0.8235,0.5857,0.9444,0.7333,0.9939,0.6216,0.7488,1.0,0.9474,0.6,1.0,1.0,0.7143,0.9643,1.0,0,0.8462
InPost,Industrials,120,0.8986,0.4892,0.4012,0.9087,0.6394,0.9216,0.9025,0.3441,0.4632,0.9627,0.9464,1.0,0.9351,0.8117,0.8717,1.0,0.7381,0.6241
Insmed,Health Care,102,1.0,0.615,0.5455,0.9691,1.0,1.0,0.9864,0.2618,0.7778,0.9623,1.0,0.9583,1.0,0.8621,1.0,1.0,1.0,1.0
Insulet Corporation,Health Care,639,0.9973,0.55,0.528,0.9414,0.8415,0.9591,0.9074,0.6827,0.7496,0.9833,0.9028,0.9675,0.9717,0.8909,0.888,0.9889,0.9048,0.8985
Insurance Australia Group,Financials,1286,0.9877,0.2821,0.6358,0.9237,0.7829,0.9853,0.611,0.0596,0.8051,0.9511,0.9229,0.9761,0.9905,0.854,0.9313,0.9835,0.8333,0.8786
Intact,Financials,760,1.0,0.3449,0.6779,0.9331,0.8712,0.9702,0.728,0.5389,0.7973,0.9674,0.8739,0.9889,0.9966,0.7148,0.8685,1.0,0.7176,0.9212
Intel Corporation,Information Technology,38224,0,0,0,0,0,0,0,0,0,0,0,0,0,0,0,0,0,0
Interactive Brokers,Financials,784,0.9562,0.2037,0.3923,0.843,0.708,0.9792,0.7862,0.7348,0.3497,0.935,0.6476,0.9391,0.9922,0.8418,0.9106,0.9781,0.25,0.7451
Intercontinental Exchange,Financials,2011,0.989,0.2603,0.4285,0.8763,0.8254,0.9666,0.8301,0.7309,0.5841,0.9459,0.804,0.9583,0.9923,0.8674,0.9233,0.9867,1.0,0.837
Intercontinental Hotels & Resorts,Consumer Discretionary,490,1.0,0.1327,0.6129,0.9434,0.625,0.9728,0.7955,0.6824,0.4693,0.9659,1.0,0.9709,0.998,0.8789,0.9368,0.9623,0.8462,0.8905
Interglobe Aviation,Industrials,183,1.0,0.2833,0.7292,1.0,0.5,0.9948,0.9606,0.8,0.9273,1.0,1.0,0.9444,1.0,1.0,0.9148,1.0,0,0.9394
"International Container Terminal Services, Inc.",Industrials,56,1.0,0.9375,0.2,0.9,1.0,1.0,0.9273,0.9515,1.0,0.9365,1.0,1.0,1.0,1.0,0.8333,1.0,1.0,0.875
International Games System,Communication Services,23,1.0,0.6,-1.0,1.0,0.3333,1.0,0.7884,1.0,0.5714,0.6515,1.0,1.0,1.0,0,1.0,0.7714,-1.0,1.0
Intertek,Industrials,2736,0,0,0,0,0,0,0,0,0,0,0,0,0,0,0,0,0,0
Intesa Sanpaolo,Financials,418,0.931,0.5061,0.1556,0.8828,0.8874,0.9933,0.5878,0.6833,0.7065,0.91,0.5378,0.9861,1.0,0.9038,0.9481,1.0,0.6667,0.8623
Intuit,Information Technology,1460,0.993,0.2142,0.7505,0.8217,0.9243,0.9874,0.8931,0.0789,0.566,0.9827,0.9519,0.9928,0.978,0.7584,0.9636,0.9807,0.869,0.9244
Intuitive,Health Care,1850,0.999,0.6023,0.5983,0.902,0.9045,0.9781,0.894,0.8089,0.7201,0.9765,0.9327,0.9808,0.9851,0.7615,0.9506,0.9866,0.9078,0.962
Inventec,Information Technology,166,0.873,0.2273,0.6576,0.9667,0.8571,0.997,0.6956,-0.0988,0.6842,0.8475,1.0,0.9375,1.0,1.0,1.0,1.0,0,0.913
Invesco,Asset Management,2202,0,0,0,0,0,0,0,0,0,0,0,0,0,0,0,0,0,0
Investor AB,Financials,2,0,1.0,-1.0,-1.0,0,1.0,1.0,1.0,0,0,0,1.0,0,0,1.0,1.0,0,0
Invitation Homes,Real Estate,573,0.9898,0.1743,0.5641,0.9403,0.8081,0.9583,0.9142,0.5974,0.6278,0.9804,0.976,0.9473,0.9937,0.8992,0.8711,0.9789,0.7778,0.8894
IOI Corporation,Consumer Staples,137,1.0,0.3097,0.3854,0.879,0.6078,1.0,0.5655,0.5725,0.7416,0.8654,0.6667,0.9231,0.9922,0.9412,0.7619,1.0,1.0,1.0
IonQ,Information Technology,43,1.0,0.5165,0.3036,0.7313,1.0,0.931,0.961,0.8333,0.2273,1.0,1.0,1.0,1.0,0.7708,0.775,1.0,0.5,0.8182
IPSEN,Health Care,750,0.9842,0.5781,0.6116,0.8566,0.7503,0.9835,0.8565,0.6602,0.7839,0.9814,0.8994,0.978,0.993,0.7588,0.9673,0.9746,0.7778,0.9325
IQVIA,Health Care,2150,0.958,0.124,0.5264,0.8981,0.8077,0.9808,0.7759,0.3442,0.2861,0.9596,0.8829,0.9779,0.9931,0.8394,0.929,0.9903,0.5294,0.9259
IRCTC,Industrials,85,1.0,0.15,0.6727,1.0,1.0,1.0,0.7826,0.913,0.4286,1.0,0.6667,1.0,1.0,0.7143,1.0,1.0,0,0.7333
Iron Mountain,Real Estate,2994,0,0,0,0,0,0,0,0,0,0,0,0,0,0,0,0,0,0
ISA (Columbia),Utilities,11,1.0,1.0,0.0,1.0,1.0,1.0,0.8,0.7143,1.0,0.5,-1.0,1.0,1.0,1.0,1.0,1.0,0,0.7143
ISUZU MOTORS INDIA,Consumer Discretionary,57,1.0,0.25,0.2889,0.8462,0.8,1.0,0.7895,1.0,0.6,0.9456,1.0,0.9565,1.0,1.0,0.7143,1.0,1.0,1.0
Itaú Unibanco,Financials,912,1.0,0.5217,0.2554,0.904,0.9565,0.996,0.7886,0.857,0.6179,0.9688,0.5096,1.0,1.0,0.9017,0.9689,1.0,1.0,0.9401
ITC,Consumer Staples,3452,0,0,0,0,0,0,0,0,0,0,0,0,0,0,0,0,0,0
ITOCHU,Industrials,142,1.0,0.4167,0.4286,0.9091,0.8462,1.0,0.6292,0.8537,0.8571,0.7055,0.6167,0.8148,1.0,1.0,0.96,1.0,1.0,1.0
ITW,Industrials,1307,0.9889,0.4358,0.5593,0.9575,0.8061,0.968,0.8756,0.6977,0.7286,0.9349,0.8324,0.9536,0.9894,0.9026,0.9474,0.9908,0.8421,0.8546
Ivanhoe Mines,Materials,8,0,0,0,1.0,0,1.0,1.0,0.7333,1.0,1.0,0,0.3333,1.0,1.0,1.0,1.0,0,1.0
Jabal Omar Development,Consumer Discretionary,8,1.0,0,0,1.0,0,1.0,1.0,1.0,1.0,1.0,1.0,0,1.0,1.0,-1.0,1.0,0,1.0
Jabil,Information Technology,3413,0,0,0,0,0,0,0,0,0,0,0,0,0,0,0,0,0,0
Jack Henry & Associates,Financials,1365,0.9876,0.1656,0.5144,0.9214,0.8688,0.9766,0.802,0.4795,0.6088,0.9382,0.8818,0.9425,1.0,0.9253,0.9138,0.9949,0.7952,0.6088
Japan Airlines,Industrials,229,1.0,0.3469,0.5028,1.0,0.5275,1.0,0.4392,0.7344,0.8312,0.7324,0.7558,0.9524,1.0,0.8889,0.7795,1.0,1.0,0.92
Japan Exchange Group,Financials,11,0,0.0,1.0,1.0,1.0,1.0,1.0,0.6667,0,0.1905,0.0,1.0,1.0,1.0,1.0,1.0,0,1.0
Japan Post,Financials,8,1.0,1.0,0.3333,1.0,1.0,1.0,1.0,1.0,1.0,0.4667,-0.3333,1.0,1.0,0.0,1.0,0,0,1.0
Jardine Matheson,Industrials,201,1.0,0.4895,0.8583,0.9417,1.0,1.0,0.5641,0.7609,0.9404,0.7025,0.7774,0.9691,1.0,0.837,0.9509,1.0,0.7143,0.9259
Jarir Bookstore,Consumer Discretionary,89,1.0,-0.1273,0.2967,1.0,1.0,0.9857,1.0,0.3333,1.0,1.0,1.0,1.0,1.0,1.0,1.0,1.0,0,1.0
JA Solar,Information Technology,56,1.0,-0.0909,0.2381,0.913,0.9,1.0,0.8182,1.0,0.75,0.9545,0.6667,1.0,1.0,0.6,1.0,1.0,1.0,1.0
J.B. Hunt Transport,Industrials,4162,0,0,0,0,0,0,0,0,0,0,0,0,0,0,0,0,0,0
JBS,Consumer Staples,824,1.0,0.5321,0.4738,0.9417,0.7453,0.8966,0.9036,0.7566,0.6081,0.9545,0.9403,0.9528,0.9892,0.9277,0.7935,0.9877,0.7778,0.8462
JCET Group,Information Technology,29,1.0,0.1,0.5,1.0,1.0,0.8889,0.3333,0.6667,1.0,0.7692,1.0,0.4,1.0,1.0,1.0,0,0,1.0
JD.com,Consumer Discretionary,729,0.9809,0.4234,0.5662,0.8982,0.8379,0.9817,0.805,0.5274,0.556,0.9812,0.9243,0.9857,0.9962,0.8223,0.948,1.0,0.9455,0.8571
JDE Peet’s,Consumer Staples,53,1.0,-0.1667,0.5833,1.0,1.0,0.9615,1.0,0.3333,0.6667,1.0,0.75,1.0,1.0,0.8,0.8667,1.0,0,0.8
JD Group Construction Co. Inc.,Consumer Staples,3,0,0.0,1.0,0,0,1.0,1.0,0,-1.0,1.0,0,1.0,1.0,0,1.0,0,0,1.0
JD Logistics,Industrials,4,0,1.0,1.0,1.0,0,1.0,1.0,0,0.0,1.0,1.0,0,1.0,0,1.0,0,0,0
JD Sports Fashion,Consumer Discretionary,5,0,0,1.0,0,1.0,1.0,1.0,0,0,0,1.0,1.0,0,-1.0,1.0,0,0,0
Jéronimo Martins,Consumer Staples,205,1.0,0.4355,0.5106,0.9255,0.8947,0.9934,0.8521,0.5946,0.533,0.8571,0.7619,1.0,1.0,0.92,1.0,1.0,1.0,1.0
JFE Holdings,Materials,28,1.0,0.6667,0.5,0.75,1.0,0.9795,0.9091,1.0,1.0,0.86,1.0,1.0,1.0,1.0,1.0,1.0,0,1.0
Jiangsu Hengrui Medicine,Health Care,23,0,0.2,0.6,1.0,1.0,1.0,1.0,1.0,1.0,1.0,1.0,1.0,1.0,1.0,1.0,1.0,0,1.0
Jiangxi Copper,Materials,3,0,0,1.0,0,0,1.0,1.0,0,0,1.0,0,1.0,1.0,1.0,0,0,0,-1.0
Jindal Jindal Stainless,Materials,4,0,1.0,0,1.0,1.0,1.0,1.0,0,0,1.0,0,1.0,1.0,1.0,0.0,0,0,1.0
Jindal Steel,Materials,1,0,0,0,0,0,1.0,0.0,1.0,1.0,1.0,0,1.0,0,0,1.0,0,0,0
Jio Financial Services,Financials,12,1.0,0.3333,0.6364,1.0,0,1.0,1.0,1.0,1.0,1.0,1.0,1.0,1.0,1.0,0.6,1.0,0,1.0
John Deere,Industrials,7147,0,0,0,0,0,0,0,0,0,0,0,0,0,0,0,0,0,0
Johnson Controls,Industrials,10402,0,0,0,0,0,0,0,0,0,0,0,0,0,0,0,0,0,0
Jollibee,Consumer Discretionary,1935,1.0,-0.1169,0.6211,0.9232,0.8748,0.9585,0.8542,0.5313,0.8249,0.9523,0.9646,0.9897,0.9985,0.7601,0.8701,0.9808,1.0,0.9597
J.P. Morgan Chase,Financials,16651,0,0,0,0,0,0,0,0,0,0,0,0,0,0,0,0,0,0
JSW Steel,Utilities,2092,1.0,0.3741,0.3941,0.9501,0.9401,0.9889,0.7843,0.857,0.7717,0.9659,0.9033,0.9661,0.9767,0.9087,0.9274,0.992,0.4286,0.9746
J&T Express,Industrials,651,1.0,0.312,0.5615,0.9656,0.9219,0.9703,0.8965,0.4665,0.6658,0.9821,0.9517,0.9505,0.9841,0.845,0.7482,1.0,0.6364,0.7877
JTI - Japan Tobacco International,Consumer Staples,1753,0.9825,0.4162,0.6406,0.9045,0.8264,0.9872,0.745,0.7083,0.7326,0.9301,0.8388,0.9692,1.0,0.9175,0.9458,1.0,0.5,0.9378
Juan Kuang,Industrials,1,0,0,0,0,1.0,0,0,0,0,0,0,0,0,0,1.0,0,0,0
Jubilant FoodWorks,Consumer Discretionary,387,1.0,0.2188,0.8082,0.9031,0.9617,0.9702,0.8654,0.6088,0.7977,1.0,0.8033,0.9727,0.8623,0.806,0.9072,1.0,1.0,0.9839
Julius Baer,Financials,820,1.0,0.3428,0.6985,0.7721,0.9528,0.9901,0.7154,0.6608,0.403,0.9468,0.7591,0.975,0.9923,0.6309,0.9618,1.0,1.0,0.8709
Jumbo,Consumer Discretionary,51,1.0,-0.3333,0.3333,1.0,0.0,0.8421,0.7143,0.4286,0.6071,1.0,0.9167,0.75,1.0,1.0,0.6667,1.0,0,0.7333
"Jushi Group Co., Ltd",Materials,45,1.0,0.5555,0.25,1.0,1.0,0.7333,1.0,0.8857,1.0,1.0,1.0,0.8,0.8333,1.0,1.0,1.0,1.0,1.0
Kajima,Industrials,102,1.0,0.2917,0.8824,0.9459,0.8333,1.0,0.7689,0.75,1.0,0.9286,0.0,0.8864,1.0,0.6667,1.0,1.0,1.0,0.8182
Kakao,Communication Services,237,1.0,0.2816,0.0455,0.5111,0.9545,1.0,0.809,0.3343,0.9231,0.9688,0.7179,1.0,1.0,0.8919,1.0,1.0,1.0,0.6964
Kalyan Jewellers ,Consumer Discretionary,66,1.0,0.1111,0.0625,1.0,1.0,1.0,1.0,0.7143,0.0,1.0,1.0,1.0,1.0,0.8462,0.75,1.0,0,1.0
Kansai Electric,Utilities,2,0,1.0,0,1.0,0,1.0,0,1.0,0,1.0,1.0,0,0,1.0,0,0,0,0
Kao Corporation,Consumer Staples,446,0.9827,0.3134,0.6707,0.9108,0.8561,0.9859,0.5979,0.5964,0.7128,0.8751,0.7912,0.9482,1.0,0.5724,0.9501,1.0,1.0,0.9115
KASIKORNBANK,Financials,195,1.0,0.2,0.3956,0.9661,0.8261,0.9689,0.617,0.5688,0.7293,0.7468,0.8158,1.0,1.0,0.9677,0.9238,1.0,1.0,0.9412
Kawasaki Heavy Industries,Industrials,298,1.0,0.2886,0.0687,0.9717,0.6688,0.9541,0.7941,0.6249,0.7123,0.9232,0.8091,0.9127,0.9861,0.9091,0.8421,0.96,1.0,0.7212
Kawasaki Kisen,Industrials,8,1.0,1.0,1.0,1.0,0,1.0,-0.5,0.3333,0,1.0,1.0,1.0,1.0,0,1.0,0,0,1.0
KB Bank,Financials,12,1.0,0.2,1.0,1.0,1.0,1.0,0.6667,0.5,1.0,0.5,1.0,1.0,1.0,1.0,0,1.0,0,1.0
KBC,Financials,763,0.9706,0.3564,0.3758,0.9292,0.5842,0.9947,0.7011,0.5043,0.6446,0.9406,0.7126,0.9816,0.9938,0.86,0.9697,0.9688,1.0,0.6967
KDDI,Communication Services,247,1.0,0.1167,0.688,0.9611,0.6765,0.9764,0.6365,0.7647,0.5312,0.7685,0.7347,0.9016,1.0,1.0,0.8617,1.0,1.0,0.9545
KE Holdings,Real Estate,14,1.0,1.0,1.0,1.0,0,1.0,0.6667,0.6667,1.0,1.0,1.0,1.0,1.0,1.0,1.0,1.0,0,0
Kelun Group,Health Care,1,0,1.0,0,0,0,1.0,0,1.0,0,0,-1.0,0,1.0,0,0,0,0,0
Kenvue,Consumer Staples,884,0.9887,0.2961,0.5531,0.9314,0.797,0.9831,0.7651,0.4593,0.5273,0.9669,0.8192,0.958,0.9737,0.7831,0.9625,0.9804,0.84,0.8608
Keppel Corporation,Industrials,439,1.0,0.5392,0.5199,0.9148,0.7574,0.9813,0.6034,0.7632,0.7143,0.7785,0.5857,0.937,0.9973,0.6596,0.9795,1.0,0.4286,0.9595
Kering,Consumer Discretionary,445,1.0,0.2055,0.6262,0.898,0.961,0.9764,0.8818,0.3826,0.351,0.9518,0.8026,0.9246,0.9917,0.8571,0.8526,1.0,0.6667,0.8363
Kerry,Consumer Staples,2112,0.9926,0.3814,0.499,0.9043,0.7506,0.9543,0.8314,0.6267,0.7258,0.9722,0.9288,0.9571,0.9868,0.8912,0.8832,0.9325,0.8214,0.9017
Kesko,Consumer Staples,115,1.0,0.0457,0.3289,0.9654,0.6875,0.9811,0.7143,0.2826,1.0,0.9115,0.8,0.9333,1.0,1.0,1.0,1.0,1.0,0.9231
Keurig Dr Pepper,Consumer Staples,2044,0.9958,0.3325,0.3542,0.9417,0.82,0.9599,0.8624,0.5642,0.6939,0.964,0.8722,0.9623,0.9966,0.8288,0.9042,0.9708,0.8868,0.894
Keyence,Information Technology,1636,0.9741,0.2223,-0.0049,0.9688,0.8996,0.8606,0.9617,0.81,0.6337,0.9631,0.7622,0.9892,0.9682,0.9597,0.9461,0.9866,0.7959,0.975
Keyera,Energy,112,1.0,0.5278,0.6436,0.9545,0.8571,0.9551,0.7192,0.7931,1.0,0.9524,0.7368,1.0,1.0,0.7374,0.8182,1.0,1.0,0.6889
Keysight Technologies,Information Technology,2843,0,0,0,0,0,0,0,0,0,0,0,0,0,0,0,0,0,0
KGHM Polska Miedz,Materials,40,1.0,0.0,0.0,0.7222,1.0,1.0,0.7778,0.4,1.0,1.0,0.8889,1.0,1.0,1.0,1.0,1.0,1.0,0.8667
KGI Bank,Financials,21,1.0,0.2,0.0,1.0,0.3333,1.0,0.25,1.0,0.0,0.6667,1.0,1.0,1.0,1.0,1.0,0,0,1.0
Kikkoman,Consumer Staples,42,1.0,1.0,0.7222,1.0,1.0,0.8286,0.9273,0.625,0.75,0.875,0.8,1.0,1.0,1.0,1.0,1.0,1.0,0.8182
Kimberly-Clark,Consumer Staples,3530,0,0,0,0,0,0,0,0,0,0,0,0,0,0,0,0,0,0
Kimco Realty,Real Estate,141,1.0,0.0876,0.5148,0.9847,0.9259,0.9238,0.9524,0.7583,0.4891,1.0,0.8182,1.0,1.0,0.7544,0.875,0.869,0.5,0.7143
Kinder Morgan,Energy,1154,0.982,0.4021,0.5531,0.9602,0.8075,0.9598,0.8302,0.7779,0.7626,0.9279,0.7855,0.9415,0.9908,0.9704,0.8029,0.9645,0.8496,0.8435
Kingdee Software Philippine Corporation,Information Technology,1,0,1.0,0,0,0,0,0,0,0,0,0,0,0,0,0,0,0,0
Kingfa SCI & TECH CO LTD,Materials,6,1.0,0,0,1.0,0,1.0,1.0,0.0,0,1.0,1.0,1.0,0,1.0,1.0,1.0,0,0
Kingfisher,Consumer Discretionary,468,1.0,0.5387,0.5045,0.9223,0.8223,0.979,0.6771,0.3261,0.8308,0.9101,0.8537,0.9873,1.0,0.7948,0.9308,0.9583,0.8333,0.6806
Kingnet Network,Communication Services,1,0,0,0,0,0,0,0,0,0,1.0,0,0,1.0,0,0,0,0,0
King Slide Works,Information Technology,2,0,0,1.0,0,0,1.0,1.0,-1.0,0,0,1.0,0,0,1.0,0,0,0,0
Kingsoft,Communication Services,49,0.6667,-0.3125,0.7083,0.8857,0.5357,1.0,0.9286,0.4,1.0,0.9256,0.7778,0.9012,1.0,0.8,1.0,1.0,0,0.6667
Kingspan,Industrials,326,1.0,0.37,0.6325,0.9286,0.6181,0.954,0.8507,0.5602,0.6834,0.9839,0.8776,0.962,0.9451,0.92,0.8712,1.0,1.0,0.7447
King Yuan Electronics,Information Technology,34,1.0,0.0,0.3333,1.0,0.5,1.0,1.0,1.0,1.0,0.9184,1.0,1.0,1.0,1.0,1.0,1.0,0,1.0
Kinross Gold,Materials,267,1.0,0.1913,0.5496,0.9432,0.9493,0.9715,0.8699,0.9093,0.8439,1.0,0.8444,0.9853,0.9904,0.8333,0.9588,1.0,0.3333,0.9799
"KIOXIA America, Inc.",Information Technology,91,1.0,0.2048,0.51,0.9286,0.9231,1.0,0.5143,0.6578,0.7143,0.9254,0.6875,1.0,1.0,0.875,0.9444,1.0,0,0.4286
KKR,Financials,568,1.0,0.5295,0.5832,0.9126,0.8669,0.957,0.9356,0.8037,0.7858,0.9771,0.7476,0.9699,0.9882,0.6913,0.9853,1.0,0.5714,0.9409
KLA,Information Technology,2178,0,0,0,0,0,0,0,0,0,0,0,0,0,0,0,0,0,0
Klabin,Materials,21,1.0,-0.0625,1.0,0.8,0.5,0.9286,0.7143,1.0,1.0,0.8367,1.0,1.0,1.0,1.0,1.0,1.0,0,0.6667
Knorr,Industrials,2,0,0,0,1.0,0,0,1.0,0,0,1.0,0,1.0,0,0,0,0,0,1.0
Komatsu,Industrials,693,0.9668,0.4476,0.5607,0.972,0.7184,0.9829,0.7353,0.6043,0.7582,0.9221,0.7204,0.9682,1.0,0.9623,0.9214,0.9783,0.6,0.8333
Komerční banka,Financials,94,0.8333,0.5368,0.2532,0.9862,0.3788,1.0,0.3476,0.5123,0.3155,0.8771,0.6142,0.9213,0.9785,1.0,1.0,1.0,0.5,0.7524
Konami,Communication Services,25,1.0,-1.0,0.0,0.9286,1.0,1.0,1.0,1.0,0.5,1.0,-0.2,1.0,1.0,0,1.0,1.0,0,1.0
KONE,Industrials,2132,1.0,0.1641,0.6624,0.9186,0.9425,0.9859,0.8361,0.6458,0.6401,0.9666,0.9025,0.9768,0.9969,0.8198,0.924,0.9931,0.5758,0.946
Kongsberg Gruppen,Industrials,354,0.9512,0.0714,0.2808,0.9217,0.8929,1.0,0.6544,0.3932,0.5733,0.9779,0.859,0.9535,1.0,0.7727,0.9116,1.0,1.0,0.8424
Koninklijke Philips,Health Care,525,1.0,0.2599,0.3953,0.908,0.9322,0.9891,0.4397,0.6768,0.7153,0.9831,0.7375,0.9876,0.9978,0.8557,0.9618,1.0,0.7143,0.9474
Korea Aerospace Industries,Industrials,40,1.0,0.8125,0.25,1.0,1.0,1.0,0.5556,0.7802,0.3333,0.7905,0.7143,1.0,1.0,1.0,1.0,1.0,0,0.6
Korea Electric Power,Utilities,83,1.0,0.8125,1.0,0.9524,0.8571,1.0,0.8,0.8095,0.3333,0.371,0.6,0.9231,1.0,1.0,1.0,1.0,0,1.0
Korea Investment Holdings,Financials,3,0,1.0,0,1.0,0,1.0,1.0,1.0,0,0,0,0,1.0,0,1.0,0,0,1.0
Korean Air,Industrials,389,1.0,0.2727,0.3254,1.0,0.4643,0.9699,0.7423,0.6894,0.7166,0.8394,0.7576,0.8908,1.0,0.912,0.7707,1.0,1.0,0.9504
Kotak Mahindra Bank,Consumer Discretionary,6148,0,0,0,0,0,0,0,0,0,0,0,0,0,0,0,0,0,0
KPN,Communication Services,269,1.0,0.3678,0.3959,0.8923,0.9355,0.9905,0.4762,0.7053,0.6364,0.9951,0.5592,0.9718,0.9765,1.0,0.9839,0.9194,0.0,0.8276
Kraft Heinz,Consumer Staples,6410,0,0,0,0,0,0,0,0,0,0,0,0,0,0,0,0,0,0
Krafton,Communication Services,98,0.8831,0.4263,0.6771,0.9231,0.8036,0.9903,0.8291,0.6061,0.2564,1.0,0.913,1.0,1.0,0.875,0.8519,1.0,0.7143,0.8667
Kroger,Consumer Staples,14470,0,0,0,0,0,0,0,0,0,0,0,0,0,0,0,0,0,0
Krung Thai,Financials,63,1.0,1.0,0.0,1.0,0.8,1.0,0.3635,0.8295,0.5,0.5556,0.4074,1.0,1.0,1.0,1.0,1.0,0,1.0
KT&G,Consumer Staples,77,1.0,0.5,0.2755,1.0,0.9333,0.9757,0.9231,1.0,0.5795,0.6774,0.6923,1.0,1.0,1.0,0.875,1.0,1.0,1.0
Kuaishou Technology,Communication Services,376,0.92,0.3686,0.8333,0.9286,0.96,0.9963,1.0,0.3429,0.8889,0.9839,0.9706,1.0,1.0,0.8919,1.0,1.0,1.0,0.7696
Kuala Lumpur Kepong,Consumer Staples,140,1.0,0.1889,0.5972,0.8772,0.9286,0.984,0.88,0.8333,0.8333,0.8545,1.0,0.9787,1.0,0.7895,0.8182,1.0,1.0,0.8824
Kubota,Industrials,343,1.0,0.446,0.4085,0.984,0.7158,0.9675,0.8452,0.7738,0.8033,0.9143,0.8478,0.9436,0.9653,1.0,0.8491,1.0,1.0,1.0
Kunlun International Financial,Utilities,24,1.0,0.5,0.5,0.7905,1.0,1.0,0.7143,0.5,1.0,0.6,0.3333,1.0,1.0,1.0,1.0,1.0,0,0.3333
Kuwait Finance House,Financials,97,1.0,0.2245,0.7885,1.0,1.0,1.0,0.7429,0.7368,0.8,0.9823,0.6923,1.0,1.0,0.5,1.0,1.0,0,0.8
Kweichow Moutai,Consumer Staples,1,0,0,0,0,0,0,0,0,0,0,0,0,0,0,0,0,0,0
Kyocera,Information Technology,866,0.9848,0.2085,0.5601,0.9551,0.6385,0.9529,0.7137,0.6465,0.6967,0.8501,0.7415,0.9481,0.9865,0.9061,0.9014,0.9704,0.4118,0.7933
Kyowa Kirin,Health Care,204,0.9734,0.8015,0.6718,0.893,0.6593,0.9887,0.8,0.5908,0.7545,0.9655,0.8684,1.0,1.0,0.7736,0.9213,0.8824,1.0,0.9574
L3Harris,Industrials,1890,0.989,0.3748,0.5184,0.892,0.8143,0.976,0.7311,0.5176,0.8146,0.9675,0.8144,0.972,0.9794,0.8355,0.9405,0.9818,0.9077,0.8641
Labcorp,Health Care,2,0,0,0,1.0,0,0,0,0,0,0,0,0,0,0,1.0,0,0,0
Lam Research,Information Technology,2761,0,0,0,0,0,0,0,0,0,0,0,0,0,0,0,0,0,0
Largan Precision,Information Technology,23,1.0,0.0,1.0,1.0,-1.0,1.0,1.0,1.0,0.8182,0.8,1.0,1.0,1.0,1.0,1.0,1.0,1.0,1.0
Larsen & Toubro,Industrials,9296,0,0,0,0,0,0,0,0,0,0,0,0,0,0,0,0,0,0
Lasertec,Information Technology,14,0,1.0,1.0,1.0,1.0,1.0,1.0,0.0,1.0,1.0,1.0,1.0,1.0,1.0,1.0,1.0,1.0,1.0
Las Vegas Sands,Consumer Discretionary,208,1.0,0.3314,0.7783,0.9883,0.7286,0.9922,0.92,0.9235,0.6692,0.9608,0.7778,0.9768,0.9852,0.963,0.9355,0.9318,1.0,0.9412
LATAM AIRLINES GROUP,Industrials,68,1.0,0.3333,0.3333,1.0,1.0,1.0,0.8947,0.75,0.5,0.9034,0.6667,1.0,1.0,1.0,1.0,1.0,0,1.0
LB Group,Materials,14,1.0,1.0,0.6667,1.0,1.0,1.0,1.0,0.0,-1.0,1.0,0.6667,1.0,1.0,1.0,1.0,1.0,0,1.0
Legal & General Group,Financials,1261,0.9849,0.4831,0.6494,0.9221,0.6414,0.9792,0.6006,0.3126,0.7948,0.9313,0.7659,0.9849,0.9923,0.7194,0.9476,1.0,0.9683,0.8039
Legend Biotech,Health Care,156,1.0,0.3769,0.3004,0.9916,0.6875,0.9919,0.899,0.9093,0.5537,0.9612,0.9487,1.0,1.0,0.7838,0.659,1.0,1.0,1.0
Legrand,Industrials,840,1.0,0.398,0.5794,0.9602,0.9094,0.9883,0.8406,0.6238,0.6406,0.93,0.777,0.9495,1.0,0.8426,0.8535,0.9254,1.0,0.82
Leidos,Industrials,5736,0,0,0,0,0,0,0,0,0,0,0,0,0,0,0,0,0,0
Lennar,Consumer Discretionary,1375,0.9866,0.498,0.5319,0.9634,0.6643,0.9476,0.894,0.6678,0.6592,0.9745,0.9248,0.9603,0.9894,0.9232,0.8913,0.9821,0.9231,0.8662
Lennox International,Industrials,1160,1.0,0.2303,0.5277,0.9231,0.8964,0.9822,0.8185,0.533,0.6831,0.9208,0.8272,0.9533,0.9827,0.8574,0.8454,0.9064,0.8182,0.8957
Lenovo,Information Technology,380,0.9858,0.3812,0.6224,0.8592,0.9048,0.9978,0.7511,0.4213,0.742,0.9496,0.8714,0.9826,0.9839,0.7103,0.919,1.0,0.7333,0.8546
Lens Technology (China),Information Technology,1,0,0,0,0.0,0,0,1.0,0,0,1.0,0,0,0,0,1.0,0,0,1.0
Leonardo,Industrials,1503,0.9662,0.4357,0.4215,0.9264,0.7419,0.9901,0.4987,0.4412,0.6445,0.9475,0.7755,0.9511,0.9962,0.9367,0.8817,0.973,0.7073,0.7359
LG Group,Industrials,259,0.8947,0.3523,0.4884,0.9818,0.9294,0.9882,0.8983,0.625,0.7937,0.9123,0.8715,1.0,1.0,0.9737,0.9015,1.0,0.7778,0.9375
Li Auto,Consumer Discretionary,39,1.0,0.6,0.5,1.0,1.0,0.8824,1.0,0.8571,1.0,1.0,0.8571,1.0,1.0,1.0,1.0,1.0,0,1.0
Liberty Media,Communication Services,6,0,0,0.0,1.0,0,1.0,1.0,1.0,0,1.0,1.0,1.0,1.0,1.0,1.0,1.0,0,1.0
Lifco Hydraulics,Industrials,4,0,0,0,0,0,1.0,1.0,0.0,1.0,1.0,1.0,1.0,1.0,0,0,0,0,1.0
LIG Nex1,Industrials,19,1.0,1.0,1.0,1.0,1.0,1.0,0.8,1.0,0.0,0.5556,1.0,1.0,1.0,1.0,1.0,1.0,0,0
Linde,Materials,2422,0,0,0,0,0,0,0,0,0,0,0,0,0,0,0,0,0,0
Lingyi iTech,Information Technology,14,1.0,0.88,0.9286,1.0,1.0,1.0,1.0,0.9091,0.5714,1.0,0.6667,1.0,1.0,0.6,1.0,1.0,1.0,1.0
Li Ning,Consumer Discretionary,13,1.0,0,1.0,1.0,1.0,1.0,1.0,0.3333,1.0,1.0,1.0,1.0,1.0,0,1.0,0,0,-1.0
Link Reit,Real Estate,144,1.0,0.5385,0.6601,0.9326,0.8036,1.0,0.7667,0.6694,0.8039,0.8491,0.9,1.0,1.0,0.8,1.0,1.0,0.5,1.0
Lite,Information Technology,3,0,0,0.0,1.0,1.0,1.0,1.0,0.0,1.0,1.0,1.0,0,1.0,0,0,1.0,0,0
Lloyds Banking Group,Financials,8815,0,0,0,0,0,0,0,0,0,0,0,0,0,0,0,0,0,0
Loblaw Companies,Consumer Staples,6404,0,0,0,0,0,0,0,0,0,0,0,0,0,0,0,0,0,0
Lockheed Martin,Industrials,16551,0,0,0,0,0,0,0,0,0,0,0,0,0,0,0,0,0,0
Lodha,Real Estate,1053,1.0,-0.0349,0.6308,0.913,0.9664,0.9958,0.932,0.649,0.5719,0.983,0.8954,0.9852,0.9731,0.8808,0.9726,0.9558,0.2941,0.9747
Loews Corporation,Financials,70,1.0,0.275,0.4804,0.964,0.7512,0.958,0.9375,0.4706,0.8889,0.9619,0.8235,0.8333,1.0,1.0,0.75,1.0,1.0,0.6488
London Stock Exchange,Financials,10,0,0.0,1.0,0.8667,1.0,1.0,0.85,0.0933,0.0,1.0,1.0,1.0,1.0,1.0,1.0,1.0,0,1.0
Longfor,Real Estate,39,1.0,1.0,1.0,0.6273,1.0,1.0,1.0,0.3333,-0.5,1.0,1.0,1.0,1.0,1.0,1.0,1.0,-1.0,1.0
Lonza,Health Care,1967,1.0,0.3081,0.4641,0.9398,0.6866,0.9507,0.7889,0.67,0.6353,0.9709,0.8742,0.9653,0.9797,0.8895,0.8729,0.9692,0.4578,0.818
LOTES,Information Technology,4,0,1.0,0,1.0,0,1.0,1.0,0,0,1.0,0,1.0,1.0,0,0,1.0,0,0
Lotus Bakeries,Consumer Staples,25,1.0,0.3333,0.8182,0.8182,1.0,0.8815,0.7778,0.2857,0.3333,1.0,1.0,0.9059,1.0,1.0,1.0,1.0,0,1.0
LPL Financial,Financials,2426,0,0,0,0,0,0,0,0,0,0,0,0,0,0,0,0,0,0
LPP,Consumer Discretionary,188,1.0,0.9667,0.5036,0.9486,0.6667,0.9545,0.9829,0.25,0.5,0.9437,0.9744,0.9333,1.0,0.8667,1.0,1.0,1.0,0.7925
LS ELECTRIC,Industrials,20,1.0,1.0,0.3333,0.7714,0,1.0,0.1667,0.0,1.0,0.2,1.0,0,1.0,0.3333,1.0,1.0,0,1.0
LTIMindtree,Information Technology,11120,0,0,0,0,0,0,0,0,0,0,0,0,0,0,0,0,0,0
Lufthansa Group,Industrials,684,1.0,0.1911,0.5701,0.8608,0.8866,0.9911,0.7229,0.4343,0.7323,0.9269,0.8519,0.9595,0.9814,0.8571,0.8265,1.0,0.7647,0.9182
lululemon,Consumer Discretionary,11281,0,0,0,0,0,0,0,0,0,0,0,0,0,0,0,0,0,0
Lundin Gold,Materials,7,0,1.0,0.0,1.0,1.0,1.0,1.0,1.0,1.0,1.0,0,1.0,1.0,1.0,1.0,1.0,0,0
Lundin Mining,Materials,34,1.0,1.0,0.8367,0.75,1.0,1.0,0.8889,0.5,1.0,0.8462,0.6667,1.0,1.0,0.6667,1.0,1.0,0,0.8095
Lupin,Health Care,1200,0.9891,0.241,0.6319,0.9369,0.9605,0.9944,0.8836,0.7192,0.7465,0.9833,0.8897,0.9909,0.9808,0.8917,0.9197,1.0,0.4286,0.9179
Luzhou Laojiao,Consumer Staples,5,0,-1.0,0,1.0,0,1.0,1.0,0.0,0,0.7,0.0,1.0,1.0,0,1.0,0,0,1.0
Lynas Rare Earths,Materials,28,1.0,-1.0,0.7143,0.875,1.0,0.8667,0.7143,1.0,0.0,1.0,0.6,0.8571,1.0,1.0,0.7143,1.0,0,1.0
LyondellBasell,Materials,1279,0.9904,0.4056,0.5745,0.9173,0.8388,0.9588,0.797,0.8071,0.7029,0.9413,0.8345,0.9555,0.9948,0.9421,0.9535,0.9774,0.6364,0.9471
M3,Health Care,75,1.0,0.6053,0.6296,0.8117,0.8261,0.9508,0.973,0.5088,0.7356,1.0,0.9167,1.0,1.0,0.96,1.0,1.0,1.0,0.6667
MAA,Real Estate,772,1.0,0.1549,0.623,0.9248,0.715,0.9473,0.8815,0.8537,0.634,0.9789,0.8712,0.9847,0.9988,0.9545,0.8473,0.9772,0.8144,0.951
Mabanee,Real Estate,2,0,0,1.0,1.0,0,0,0,0,0,1.0,0,0,1.0,0,0,0,0,0
Macquarie Group,Financials,5547,0,0,0,0,0,0,0,0,0,0,0,0,0,0,0,0,0,0
Magna International,Consumer Discretionary,3732,0,0,0,0,0,0,0,0,0,0,0,0,0,0,0,0,0,0
Makita,Industrials,312,1.0,0.1293,0.2254,0.9577,0.7526,0.9347,0.8307,0.713,0.6977,0.9402,0.7857,0.8841,1.0,0.9865,0.7561,1.0,1.0,0.8519
Mankind Pharma,Health Care,387,1.0,-0.0262,0.4225,0.9669,1.0,0.9836,0.9314,0.8537,0.7619,1.0,0.9355,0.9858,1.0,0.8918,0.9756,1.0,1.0,1.0
Manulife,Financials,6341,0,0,0,0,0,0,0,0,0,0,0,0,0,0,0,0,0,0
Mapfre,Financials,397,1.0,0.133,0.5788,0.9022,0.5942,0.9663,0.8172,0.7492,0.503,0.9019,0.6505,0.9052,0.986,0.8902,0.9362,1.0,0.7143,0.8136
Marathon Petroleum,Energy,1927,0.9846,0.2897,0.533,0.9334,0.8801,0.9779,0.7797,0.6673,0.7533,0.8769,0.7969,0.9875,0.9982,0.8683,0.9459,0.9593,0.7826,0.9202
Marico Limited,Consumer Staples,701,1.0,0.252,0.5848,0.8493,0.899,0.9919,0.8359,0.668,0.7333,0.9781,0.8462,0.9922,0.9791,0.913,0.9101,1.0,1.0,0.9481
Markel,Financials,597,1.0,0.4473,0.618,0.8753,0.8796,0.9889,0.8392,0.4997,0.7324,0.9262,0.743,0.972,0.9772,0.878,0.9516,1.0,0.6552,0.7387
Marks & Spencer,Consumer Staples,12800,0,0,0,0,0,0,0,0,0,0,0,0,0,0,0,0,0,0
Marriott International,Consumer Discretionary,6033,0,0,0,0,0,0,0,0,0,0,0,0,0,0,0,0,0,0
Marsh & McLennan Companies,Financials,82,1.0,0.2778,0.6,0.96,0.551,0.9896,0.8966,0.4571,-0.2231,1.0,0.7778,1.0,1.0,0.5397,0.8947,1.0,1.0,1.0
Martin Marietta Materials,Materials,582,1.0,0.568,0.5321,0.956,0.8972,0.9878,0.8123,0.8653,0.7209,0.9499,0.6812,0.9634,0.9846,0.9452,0.8315,0.9615,0.875,0.9162
Marubeni,Industrials,197,1.0,0.46,0.6143,0.9681,0.8021,1.0,0.2948,0.7879,0.7753,0.5815,0.3529,0.9,1.0,0.8947,0.9826,1.0,1.0,0.9592
Maruti Suzuki,Consumer Discretionary,2925,0,0,0,0,0,0,0,0,0,0,0,0,0,0,0,0,0,0
Marvell Technology,Information Technology,2471,0,0,0,0,0,0,0,0,0,0,0,0,0,0,0,0,0,0
Masco,Industrials,306,1.0,0.6374,0.6026,0.8761,0.7842,0.9748,0.8255,0.5771,0.7216,0.9327,0.9191,0.8904,0.9947,0.7,0.9344,1.0,1.0,0.9771
Mastercard,Financials,8756,0,0,0,0,0,0,0,0,0,0,0,0,0,0,0,0,0,0
Max Healthcare,Health Care,204,0.9184,0.4231,1.0,0.9649,1.0,0.983,0.9528,0.648,0.7576,1.0,0.8571,0.9887,0.975,0.6032,0.8889,1.0,0.0,1.0
Maxis,Communication Services,1209,1.0,0.3146,0.5255,0.8813,0.9053,0.9781,0.7542,0.623,0.6333,0.9474,0.8828,0.9655,0.9893,0.8343,0.9032,1.0,0.875,0.901
Maybank,Financials,3466,0,0,0,0,0,0,0,0,0,0,0,0,0,0,0,0,0,0
mBank,Financials,127,1.0,0.2406,0.4433,0.9641,1.0,0.9663,0.9664,0.3968,0.3333,1.0,0.8261,0.9643,1.0,1.0,1.0,1.0,1.0,1.0
McCormick & Company,Consumer Staples,933,1.0,0.5729,0.6003,0.9197,0.913,0.968,0.7172,0.6603,0.6917,0.9395,0.7931,0.9749,0.9876,0.8753,0.918,0.9429,0.6923,0.9125
McDonald's,Consumer Discretionary,27750,0,0,0,0,0,0,0,0,0,0,0,0,0,0,0,0,0,0
McKesson,Health Care,1050,1.0,0.3331,0.4668,0.9271,0.8832,0.9798,0.8071,0.5901,0.6216,0.9388,0.9115,0.9698,0.9876,0.7868,0.8963,0.8901,0.7931,0.8666
MediaTek,Information Technology,1904,0.9643,-0.0038,0.6555,0.952,0.9023,0.9913,0.898,0.5087,0.646,0.9593,0.9283,0.9711,0.9949,0.9051,0.9676,0.9926,-0.2727,0.9708
Medibank,Financials,554,0.9781,0.4637,0.6643,0.929,0.6784,0.9616,0.7303,0.1572,0.6427,0.9774,0.8528,0.9491,0.984,0.8533,0.9565,1.0,0.8,0.8562
Medtronic,Health Care,7030,0,0,0,0,0,0,0,0,0,0,0,0,0,0,0,0,0,0
Mega Financial,Financials,1,1.0,0,0,0,1.0,0,0,0,1.0,0,0,1.0,1.0,0,1.0,0,0,0
Meitu,Communication Services,69,1.0,0.3438,0.5,1.0,0.8667,1.0,0.8634,0.58,0.6364,1.0,0.8824,1.0,1.0,1.0,1.0,1.0,1.0,0.5714
Meituan,Consumer Discretionary,532,1.0,0.5013,0.59,0.7746,1.0,0.9854,0.914,0.57,0.8182,1.0,0.9004,0.9914,1.0,0.9342,0.9753,1.0,0.0,0.7579
Melrose Industries,Industrials,1,0,0,0,0,0,1.0,0,0,0,0,0,0,0,0,0,0,0,0
Mercedes-Benz Group,Consumer Discretionary,2887,0,0,0,0,0,0,0,0,0,0,0,0,0,0,0,0,0,0
Merck,Health Care,2570,0.9986,0.4317,0.5865,0.9116,0.8532,0.9828,0.6156,0.6747,0.8261,0.9351,0.8152,0.9825,0.9896,0.6774,0.958,0.9784,0.9375,0.9406
Meridian Cooperative,Financials,163,1.0,0.3315,0.4792,0.9113,0.682,0.9474,0.8407,0.7594,0.438,0.948,0.8283,0.9722,0.9808,0.7562,0.9459,1.0,0.2857,0.75
Meridian Energy,Utilities,90,1.0,0.1429,0.8005,0.8095,1.0,1.0,0.8333,-0.4211,0.6762,1.0,0.8889,1.0,1.0,0.9286,1.0,1.0,1.0,0.8667
Meritz,Financials,3,0,-1.0,0,1.0,0,1.0,0,0.0,1.0,-1.0,1.0,0,1.0,0,1.0,0,0,0
Meta,Communication Services,1480,1.0,0.2441,0.5991,0.8267,0.8473,0.9748,0.9024,0.6651,0.5947,0.9837,0.9426,0.995,0.9405,0.8706,0.9862,1.0,0.9048,0.835
MetLife,Financials,7037,0,0,0,0,0,0,0,0,0,0,0,0,0,0,0,0,0,0
Metropolitan Bank and Trust,Financials,760,0.9846,0.3702,0.4284,0.9317,0.6864,0.9762,0.6919,0.8762,0.4886,0.6537,0.4549,0.9578,0.972,0.8376,0.9259,0.9643,0.5385,0.9524
Metso,Industrials,563,1.0,0.1619,0.6298,0.9465,0.8377,0.9836,0.7163,0.4675,0.7116,0.9208,0.7983,0.9532,1.0,0.791,0.9379,1.0,0.75,0.8497
M&G plc,Financials,936,0.9963,0.4156,0.6255,0.8419,0.819,0.9796,0.5674,0.3565,0.6062,0.9319,0.7674,0.961,0.9873,0.693,0.9487,0.982,1.0,0.7307
Microchip Technology,Information Technology,2746,0,0,0,0,0,0,0,0,0,0,0,0,0,0,0,0,0,0
Micron Technology,Information Technology,8728,0,0,0,0,0,0,0,0,0,0,0,0,0,0,0,0,0,0
Microsoft,Information Technology,14500,0,0,0,0,0,0,0,0,0,0,0,0,0,0,0,0,0,0
Mid-America Packaging,Materials,1,0,0,1.0,1.0,0,1.0,1.0,0,0,1.0,0,1.0,1.0,1.0,1.0,0,0,0
Midea Group,Consumer Discretionary,331,0.9707,0.4067,0.3385,0.9483,0.8123,0.9954,0.856,0.5591,0.8267,0.9735,0.9273,0.9759,1.0,0.9821,0.9073,0.9574,0.3333,0.8338
Minas Buenaventura,Materials,11,1.0,0.0,0.3333,0,0,1.0,1.0,1.0,1.0,1.0,1.0,1.0,1.0,0,1.0,1.0,0,1.0
MinebeaMitsumi,Industrials,174,1.0,0.0,0.45,0.9509,0.6364,0.9875,0.8667,0.8235,0.6452,0.9706,0.8519,0.9792,1.0,0.7143,0.9333,1.0,1.0,0.8393
Miniso,Consumer Discretionary,1067,0.9796,0.004,0.6502,0.9892,0.5346,0.927,0.8346,0.6228,0.7224,0.9919,0.935,0.902,0.9955,0.8039,0.7861,1.0,0.7647,0.7146
Minor International,Consumer Discretionary,102,1.0,0.6389,0.47,0.8889,1.0,0.9919,0.8472,0.6599,0.6364,1.0,0.913,1.0,1.0,1.0,1.0,1.0,-1.0,0.8095
Mirae Asset Securities,Financials,77,1.0,0.7143,0.3729,1.0,1.0,1.0,0.7888,1.0,0.5,0.913,0.6364,1.0,1.0,0.6364,1.0,1.0,0,1.0
MISC,Industrials,273,1.0,0.5918,0.6689,0.9115,0.8,0.9978,0.4652,0.7961,0.8154,0.9025,0.4394,0.9649,0.9821,0.8714,0.9148,1.0,0.6667,0.875
Mitsubishi,Industrials,2598,0,0,0,0,0,0,0,0,0,0,0,0,0,0,0,0,0,0
Mitsui & Co.,Industrials,220,0.92,0.6429,0.5652,0.9554,1.0,1.0,0.3969,0.7378,0.9744,0.711,0.5889,0.9841,1.0,0.8182,0.8538,1.0,1.0,1.0
Mitsui O.S.K. Lines,Industrials,189,1.0,0.008,0.5741,0.908,0.8681,1.0,0.539,0.9,0.4585,0.8929,0.6552,0.9848,1.0,0.913,0.9149,1.0,0.6,0.8947
Mizrahi Tefahot,Financials,101,1.0,0.5263,0.3571,1.0,1.0,0.9877,0.6735,0.6111,0.2063,0.7273,0.4167,0.9412,1.0,1.0,1.0,1.0,0,0.7333
Mizuho Financial Group,Financials,1395,0.9534,0.5302,0.6552,0.8962,0.7775,0.9847,0.5618,0.8067,0.6838,0.8017,0.4177,0.9538,0.9927,0.8527,0.8819,0.9892,0.3846,0.8567
MMG Insurance,Materials,26,1.0,0,0.7619,1.0,1.0,0.8824,1.0,0.3333,0.5,1.0,1.0,1.0,1.0,1.0,1.0,1.0,0.0,1.0
Mobile Telecommunications,Communication Services,10,1.0,1.0,0.6,0.8333,1.0,1.0,1.0,1.0,0,1.0,1.0,1.0,1.0,1.0,1.0,1.0,0,1.0
Modivo,Consumer Discretionary,15,1.0,0.0,-0.3333,1.0,0.8333,1.0,1.0,0,1.0,1.0,1.0,1.0,1.0,1.0,0.6667,1.0,0,1.0
MOL Group,Energy,370,1.0,0.2317,0.7488,0.9362,0.7085,0.9839,0.3231,0.776,0.575,0.9016,0.4601,0.9733,1.0,0.9412,0.9666,0.9819,0.5556,0.9346
Moncler,Consumer Discretionary,312,1.0,0.332,0.6346,1.0,0.3878,0.9742,0.7858,0.7104,-0.0787,0.9944,1.0,0.9565,1.0,0.9787,1.0,1.0,0.6,0.7403
monday.com,Information Technology,784,0.9903,0.3524,0.3393,0.9301,0.8747,0.9745,0.9464,0.7327,0.6636,0.9852,0.9487,0.9895,0.9911,0.854,0.9819,0.976,0.9638,0.8713
Mondelez Peru,Consumer Staples,1,0,0,0,0,0,1.0,0,0,0,0,0,0,0,0,0,0,0,0
MONETA Money Bank,Financials,33,1.0,0.3466,0.7143,1.0,1.0,1.0,1.0,0.4,0.4,0.9,0.8333,0.9259,1.0,1.0,0.5,1.0,0,0.6
MongoDB,Information Technology,2689,0,0,0,0,0,0,0,0,0,0,0,0,0,0,0,0,0,0
Monolithic Power Systems,Information Technology,77,1.0,0.0952,0.3062,0.9375,0.9091,1.0,1.0,0.6364,0.5385,0.9605,0.9565,0.9286,0.8421,1.0,1.0,1.0,1.0,0.7273
Monster Energy,Consumer Staples,814,1.0,0.172,0.3549,0.8638,0.69,0.94,0.8671,0.1037,0.7503,0.9776,0.9766,0.9354,1.0,0.9255,0.9152,0.9677,0.8,0.7475
Montage Technology,Information Technology,1,0,0,0,0,0,0,0,0,1.0,0,0,0,0,0,0,0,0,0
Montreal Informática,Financials,17,0,1.0,0.4285,1.0,1.0,1.0,0.7857,0.0,0.0,1.0,1.0,1.0,1.0,1.0,1.0,1.0,0,1.0
Moody's,Financials,4320,0,0,0,0,0,0,0,0,0,0,0,0,0,0,0,0,0,0
Morgan Stanley Inv. Mgmt.,Financials,23926,0,0,0,0,0,0,0,0,0,0,0,0,0,0,0,0,0,0
Motorola Solutions,Information Technology,5419,0,0,0,0,0,0,0,0,0,0,0,0,0,0,0,0,0,0
Mouwasat Medical Services,Health Care,33,1.0,0.7143,1.0,1.0,0.0,1.0,1.0,0.6488,1.0,1.0,1.0,1.0,1.0,1.0,-1.0,1.0,0,1.0
Mowi,Consumer Staples,119,1.0,0.7,0.2698,0.9257,0.8333,0.843,0.7701,0.7217,0.6288,0.9852,0.9506,0.9259,1.0,0.9,0.7143,1.0,1.0,1.0
Mphasis,Information Technology,12313,0,0,0,0,0,0,0,0,0,0,0,0,0,0,0,0,0,0
MR. DIY,Consumer Discretionary,46,1.0,0.0,0.5625,1.0,0.0,1.0,0.7778,0.75,0.5556,1.0,1.0,1.0,1.0,0.6,0.6,1.0,1.0,1.0
MRF,Consumer Discretionary,119,1.0,-0.1538,0.4152,0.9846,1.0,1.0,0.8485,0.92,0.6923,0.9459,0.5714,0.9697,1.0,0.9577,0.8435,1.0,0,1.0
MS&AD Insurance Group Holdings,Financials,40,1.0,0.7353,0.8059,0.8308,0.6923,1.0,0.6568,0.7302,0.7751,0.9085,0.6071,0.8571,0.9754,1.0,0.8462,1.0,1.0,0.875
M&T Bank,Financials,3109,0,0,0,0,0,0,0,0,0,0,0,0,0,0,0,0,0,0
MTN,Communication Services,105,1.0,-0.04,0.4375,0.7778,0.75,0.9778,0.932,0.4762,0.5325,1.0,0.9412,1.0,1.0,1.0,1.0,1.0,1.0,0.7143
MTR,Industrials,1067,0.9355,0.4522,0.6749,0.9807,0.9403,0.985,0.5931,0.7939,0.8571,0.8466,0.4706,0.9774,1.0,0.8959,0.9608,1.0,-0.1429,0.9772
MTU Aero Engines,Industrials,167,1.0,0.58,0.5143,0.8725,0.7255,0.9781,0.5476,0.3216,0.869,0.9412,0.8182,0.9815,1.0,0.9048,0.912,1.0,1.0,0.7183
Murata Manufacturing,Information Technology,395,1.0,0.2117,0.6266,0.946,0.9524,0.9881,0.2726,0.866,0.963,0.8204,0.7831,0.898,0.9588,0.6637,0.96,1.0,-1.0,0.9661
Muthoot Finance,Financials,731,1.0,-0.154,0.1932,0.9728,0.9231,0.9839,0.9471,0.9552,0.584,0.9742,0.8246,0.9958,0.9821,0.95,0.9091,1.0,1.0,0.9652
My Parcel Service,Industrials,3,0,1.0,1.0,0,0,1.0,0,0,1.0,1.0,0,0,1.0,0,0,0,0,0
Nan Ya Plastics,Materials,27,0,0.8,0.5,1.0,1.0,1.0,1.0,0.5,0.3333,0.4545,0.6,1.0,1.0,1.0,1.0,1.0,0,1.0
NARI Technology,Industrials,5,0,0,-1.0,1.0,0,1.0,0,1.0,0,1.0,1.0,1.0,1.0,0,0,1.0,0,0
Nasdaq,Financials,1661,0.9898,0.3012,0.6236,0.9058,0.8391,0.9771,0.7938,0.5838,0.6514,0.9695,0.7777,0.9727,0.9829,0.8062,0.9463,0.9913,0.7333,0.8758
Naspers,Consumer Discretionary,65,1.0,0.2759,0.5192,0.7714,0.4184,1.0,0.6471,0.6471,1.0,0.9026,1.0,1.0,1.0,0.6923,1.0,1.0,1.0,0.7333
Natera,Health Care,1163,1.0,0.4451,0.5382,0.9185,0.8288,0.964,0.9019,0.5492,0.5907,0.985,0.9865,0.9569,0.9819,0.8233,0.8824,0.9866,0.8608,0.848
National Bank of Greece,Financials,364,1.0,0.5718,0.594,0.9421,0.8377,0.9939,0.4771,0.8745,0.3202,0.9821,0.599,0.9348,1.0,0.8367,0.941,1.0,1.0,0.9137
National Bank Of Kuwait France SA,Financials,2,0,0,0,1.0,0,1.0,0.0,1.0,0,1.0,0,0,0,0,0,0,0,0
National Grid,Utilities,3174,0,0,0,0,0,0,0,0,0,0,0,0,0,0,0,0,0,0
Natixis Investment Managers,Asset Management,1740,0.9792,0.4083,0.4374,0.902,0.8687,0.9775,0.7385,0.6512,0.6155,0.9615,0.5818,0.9537,0.9899,0.7738,0.9553,0.9921,0.5789,0.8094
Naturgy,Utilities,22,0,1.0,0.0,1.0,1.0,1.0,0.1667,0.5714,-0.1429,0.5,1.0,1.0,1.0,0.0,1.0,1.0,1.0,1.0
NatWest Group,Financials,310,1.0,0.5312,0.7143,0.8772,0.9167,0.9746,0.3686,0.5381,0.6136,0.9753,0.7524,0.9765,1.0,0.8125,0.975,1.0,1.0,0.8846
NAURA,Information Technology,7,0,0,0,-1.0,0,1.0,0,1.0,1.0,1.0,1.0,1.0,0,0,1.0,1.0,0,0
Naver,Communication Services,524,1.0,0.5826,0.498,0.8949,0.9362,1.0,0.768,0.3687,0.7471,0.9352,0.7319,0.9545,0.995,0.8588,0.9767,1.0,1.0,0.8909
Nebius,Information Technology,50,1.0,-0.0333,-0.075,1.0,1.0,1.0,0.9286,0.9231,0.4286,0.9778,1.0,1.0,1.0,1.0,1.0,1.0,1.0,1.0
Nebras Technology,Utilities,15,1.0,1.0,0.9,1.0,0,1.0,0.6667,0.5,0,1.0,1.0,0.7143,1.0,1.0,0,1.0,0,0
NEC Corporation,Information Technology,2436,0,0,0,0,0,0,0,0,0,0,0,0,0,0,0,0,0,0
Nedbank,Financials,940,1.0,0.5783,0.5336,0.9248,0.9268,0.987,0.8113,0.6509,0.5024,0.9253,0.796,0.9712,1.0,0.8106,0.9616,1.0,0.7143,0.9559
Nemetschek Group,Information Technology,61,1.0,0.1923,0.7695,0.6623,0.9286,1.0,0.6471,0.5588,1.0,0.8825,1.0,1.0,1.0,0.5556,1.0,1.0,1.0,0.9481
NEPI Rockcastle,Real Estate,3,0,-1.0,1.0,1.0,0,1.0,1.0,1.0,0,1.0,0,1.0,1.0,1.0,-1.0,1.0,0,0
Neste,Energy,298,1.0,0.61,0.5552,0.8597,0.9504,0.9754,0.6101,0.6387,0.7818,0.9495,0.8246,0.9759,1.0,0.8367,0.9935,1.0,1.0,0.8431
Nestle Professional,Consumer Staples,48,1.0,0.7143,0.3333,0.8889,0.8095,0.9537,0.6296,0.3469,0.8367,1.0,1.0,1.0,1.0,0.7143,1.0,1.0,0,1.0
NetApp,Information Technology,3982,0,0,0,0,0,0,0,0,0,0,0,0,0,0,0,0,0,0
NetEase,Communication Services,21,1.0,0,0.6667,1.0,1.0,1.0,0.5,1.0,1.0,1.0,1.0,1.0,1.0,1.0,1.0,1.0,0,1.0
Netflix,Communication Services,1960,0.9884,0.2701,0.5072,0.8788,0.8517,0.9517,0.9064,0.572,0.7908,0.97,0.9683,0.9916,0.9904,0.8821,0.9631,0.9846,0.8806,0.8046
Neurocrine Biosciences,Health Care,139,1.0,0.4655,0.7871,0.8036,0.8651,0.9552,0.8817,0.5333,0.7292,0.971,0.9091,1.0,1.0,0.5802,0.8695,0.9722,0.6,0.7741
New Hope Liuhe,Consumer Staples,12,1.0,1.0,1.0,1.0,1.0,1.0,1.0,1.0,1.0,1.0,0,1.0,1.0,1.0,1.0,0,0,0
Newmont,Materials,696,0.974,0.3909,0.5838,0.9552,0.8969,0.9917,0.8517,0.6282,0.8092,0.9735,0.686,0.9803,0.994,0.8925,0.888,1.0,0.5385,0.9531
News Corp,Communication Services,1033,0.9845,0.3784,0.4526,0.9018,0.7547,0.9642,0.7547,0.4885,0.6028,0.9359,0.7545,0.9421,0.9903,0.892,0.8717,0.9817,0.6522,0.8613
Nexi Group,Financials,126,1.0,0.2667,0.6087,0.9303,0.5615,1.0,0.8214,0.4828,0.5714,0.9407,0.7097,0.9688,1.0,0.9684,1.0,0.875,1.0,0.8182
NEXON,Communication Services,173,0.931,0.3991,0.421,0.9119,0.8343,1.0,0.8503,0.5859,0.4857,0.8355,0.7976,0.9706,1.0,0.8391,0.8882,1.0,-1.0,0.9143
NEXT,Consumer Discretionary,8970,0,0,0,0,0,0,0,0,0,0,0,0,0,0,0,0,0,0
"NextEra Energy, Inc.",Utilities,1751,0.9973,0.4874,0.4692,0.9427,0.82,0.9589,0.8453,0.762,0.7279,0.9474,0.8564,0.9704,0.9718,0.8929,0.9329,0.9491,0.8571,0.9431
NH Investment & Securities,Financials,64,1.0,0.8182,-0.0769,0.7778,1.0,1.0,0.7516,0.75,0.2,0.8095,-0.3333,0.9231,1.0,0.75,0.9238,1.0,0,0.8667
NHPC,Utilities,168,1.0,0.3333,0.8261,0.9818,0.8571,0.9791,0.66,0.8649,0.6923,0.9184,0.8571,0.9487,1.0,0.8667,0.9167,1.0,0,0.9151
NHU,Materials,10,0,1.0,0.3333,1.0,0,1.0,-1.0,0.6666,0,1.0,1.0,1.0,1.0,0,1.0,1.0,0,1.0
Nibe Industrier,Industrials,1,0,0,0,0,0,1.0,1.0,0,0,0,0,0,0,0,1.0,0,0,0
NiCE,Information Technology,3110,0,0,0,0,0,0,0,0,0,0,0,0,0,0,0,0,0,0
Nidec,Industrials,463,1.0,0.298,0.4094,0.9569,0.8632,0.9663,0.8262,0.626,0.5915,0.9257,0.8734,0.9528,1.0,0.9726,0.8648,0.9241,1.0,0.85
Nien Made Enterprise,Consumer Discretionary,6,0,0.0,1.0,1.0,1.0,0.7576,0.3333,0.3333,1.0,1.0,1.0,0,1.0,1.0,1.0,0,0,1.0
NIKE,Consumer Discretionary,1140,1.0,0.3466,0.599,0.8789,0.8277,0.9859,0.8165,0.4265,0.9014,0.9751,0.9244,0.9737,0.9968,0.7798,0.9294,0.9762,1.0,0.8117
Ningbo Deye Inverter Technology,Industrials,4,0,0,0,1.0,0,1.0,0,1.0,0,1.0,0,0,0,0,0,0,0,0
Ningbo Sanxing Smart Electric,Industrials,1,0,0,0,0,0,0,0,0,0,0,0,0,0,0,0,0,0,0
Nintendo,Communication Services,136,1.0,0.3654,0.584,0.8961,1.0,0.9616,0.7722,0.5,0.8333,0.8526,0.8095,1.0,1.0,1.0,1.0,1.0,1.0,0.7075
NIO,Consumer Discretionary,506,0.9878,0.3156,0.0356,0.8713,0.9152,1.0,0.8369,0.1291,0.6014,0.9802,0.9912,0.9891,0.9867,0.8696,0.9661,1.0,0.7333,0.5648
Nippon Paint,Materials,107,1.0,0.4286,0.3913,0.898,1.0,0.9839,0.9549,0.5556,0.4444,0.8229,1.0,0.9425,1.0,0.9048,1.0,1.0,0,1.0
Nippon Sanso Holdings,Materials,3,0,0,0,1.0,0,1.0,1.0,0,0,0,0,1.0,0,1.0,1.0,0,0,0
Nippon Steel,Materials,64,1.0,0.0,0.6154,1.0,0.75,1.0,0.7101,0.873,0.6667,0.4706,0.375,0.8333,1.0,0.4286,1.0,1.0,0,1.0
NiSource,Utilities,455,0.9643,0.4058,0.4999,0.9057,0.9359,0.99,0.8203,0.7498,0.6472,0.9635,0.7612,0.9741,0.9712,0.9177,0.8873,1.0,0.7647,0.8128
Nissan Motor India,Consumer Discretionary,16,1.0,0.3333,1.0,1.0,1.0,1.0,1.0,0.75,1.0,1.0,1.0,1.0,1.0,1.0,1.0,1.0,0,1.0
Nitori Holdings,Consumer Discretionary,43,0.7143,0.2583,0.4813,0.9048,0.875,1.0,0.71,0.6561,0.875,0.8503,0.8667,0.9333,0.9572,1.0,0.6444,1.0,1.0,1.0
Nitto Denko,Materials,222,1.0,0.004,0.5667,0.9064,0.7102,0.9853,0.6901,0.7938,0.778,0.89,0.7857,0.9184,1.0,0.8387,0.6857,0.9333,1.0,0.9487
NMDC,Materials,141,1.0,0.0,0.5,1.0,1.0,1.0,0.5231,1.0,0.875,0.9359,1.0,0.908,1.0,1.0,0.9333,1.0,1.0,0.8814
NN Group,Financials,310,1.0,0.4056,0.5603,0.8449,0.8737,0.976,0.6184,0.463,0.7273,0.9706,0.661,0.974,1.0,0.9048,0.9538,1.0,1.0,0.7051
Nokia,Information Technology,2720,0,0,0,0,0,0,0,0,0,0,0,0,0,0,0,0,0,0
Nomura,Information Technology,3021,0,0,0,0,0,0,0,0,0,0,0,0,0,0,0,0,0,0
Nongfu Spring,Consumer Staples,3,0,0,0,1.0,0,0,-1.0,1.0,0,1.0,1.0,0,1.0,0,0,0,0,1.0
Nordea Bank,Financials,1769,0.9844,0.3948,0.4603,0.8663,0.8579,0.9993,0.4537,0.6315,0.733,0.9308,0.579,0.9624,0.9958,0.8566,0.9503,0.9735,0.9,0.8267
Nordson,Industrials,506,1.0,0.1915,0.5224,0.913,0.6512,0.9689,0.8306,0.6894,0.7972,0.9282,0.8014,0.9457,0.996,0.9341,0.8657,0.9889,0.8333,0.7097
Norfolk Southern,Industrials,2162,0.9839,0.32,0.3825,0.9623,0.8103,0.9801,0.7721,0.8581,0.7031,0.9562,0.7853,0.9888,0.9914,0.9604,0.8388,0.9759,1.0,0.9524
Norsk Hydro ASA,Materials,9,1.0,1.0,1.0,1.0,1.0,1.0,1.0,0.1556,0,1.0,0.6666,1.0,1.0,0.3333,1.0,0,0,1.0
Northam Platinum,Materials,23,1.0,0.1667,0.3333,1.0,0,0.9441,1.0,0.8571,1.0,1.0,1.0,0.8667,1.0,1.0,0.6,1.0,0,1.0
Northern Star Resources,Materials,122,1.0,0.3025,0.5938,0.8889,0.8333,0.9529,0.9111,0.8571,0.5579,0.9592,1.0,0.9333,1.0,1.0,0.9643,1.0,1.0,0.8916
Northern Trust,Financials,6867,0,0,0,0,0,0,0,0,0,0,0,0,0,0,0,0,0,0
Northrop Grumman,Industrials,15019,0,0,0,0,0,0,0,0,0,0,0,0,0,0,0,0,0,0
Novartis,Health Care,1920,0.982,0.4278,0.7117,0.9027,0.8742,0.9949,0.6715,0.5641,0.8114,0.9464,0.8623,0.9798,0.9719,0.7852,0.934,0.9826,0.9,0.955
Novatek Microelectronics,Information Technology,102,1.0,0.8077,0.9825,0.9333,1.0,0.9628,0.9691,0.8889,1.0,0.8537,0.125,0.9441,1.0,0.9412,1.0,1.0,1.0,1.0
Novo Nordisk,Health Care,4478,0,0,0,0,0,0,0,0,0,0,0,0,0,0,0,0,0,0
Novozymes,Materials,47,1.0,0.6667,0.8,0.76,1.0,0.9773,0.615,0.6364,1.0,1.0,1.0,1.0,1.0,1.0,0.913,1.0,0,1.0
NRG Energy,Utilities,150,0.9456,0.5,0.5395,0.8405,0.8333,0.9674,0.701,0.6682,0.8241,1.0,0.7391,1.0,1.0,0.7647,0.931,1.0,1.0,1.0
NTPC BHEL Power Projects,Utilities,58,1.0,0.1923,0.7143,1.0,1.0,1.0,0.7625,0.8333,0.6,1.0,0.5,0.9444,1.0,0.6,1.0,1.0,1.0,0.7143
NTT,Communication Services,7,0,1.0,0.0,0.6,0,1.0,0.0,1.0,0,1.0,1.0,1.0,0,1.0,1.0,0,0,1.0
Nucor,Materials,857,1.0,0.4783,0.5376,0.9334,0.9044,0.9763,0.8849,0.8446,0.7567,0.9207,0.9264,0.973,1.0,0.9356,0.8987,0.9743,1.0,0.9458
Nutanix,Information Technology,2751,0,0,0,0,0,0,0,0,0,0,0,0,0,0,0,0,0,0
Nutrien,Materials,1197,0.9824,0.5403,0.6255,0.9303,0.9281,0.9733,0.8129,0.6112,0.759,0.9736,0.8364,0.9948,0.9936,0.8656,0.8824,0.9874,0.7778,0.8612
Nuveen,Asset Management,458,0.9894,0.5322,0.5631,0.9091,0.871,0.9924,0.8113,0.5994,0.6611,0.9739,0.5456,0.9735,0.9759,0.8871,0.9758,1.0,0.6667,0.8519
NVIDIA,Information Technology,4766,0,0,0,0,0,0,0,0,0,0,0,0,0,0,0,0,0,0
NVR,Consumer Discretionary,625,0.9894,0.5553,0.4743,0.9862,0.7,0.9541,0.9267,0.7627,0.5393,0.9449,0.8459,0.9585,1.0,0.9483,0.8271,1.0,0.7778,0.9112
NXP Semiconductors,Information Technology,3115,0,0,0,0,0,0,0,0,0,0,0,0,0,0,0,0,0,0
Obayashi,Industrials,86,1.0,-0.0417,0.5,1.0,1.0,0.9444,0.625,0.8429,1.0,0.96,0.7143,1.0,1.0,1.0,0.92,1.0,1.0,1.0
Oberoi Realty,Real Estate,98,1.0,0.3333,0.4545,0.9388,0.9192,0.9762,0.7543,0.7692,0.6667,0.9048,1.0,0.9477,1.0,1.0,1.0,1.0,1.0,0.8429
Occidental Petroleum,Energy,1285,0.9694,0.399,0.5177,0.9222,0.7722,0.9812,0.7709,0.653,0.7564,0.9331,0.8436,0.9442,0.9911,0.9284,0.8774,0.9877,0.7,0.8228
Oersted Engineering,Utilities,1,0,0,0,0,0,0,-1.0,0,0,0,0,0,1.0,0,0,0,0,0
Oil and Natural Gas,Energy,1487,0.9718,0.1578,0.5873,0.9489,0.9535,0.9958,0.6103,0.8352,0.6917,0.9507,0.5728,0.9519,1.0,0.7846,0.9864,0.992,0.6071,0.9248
Oil India,Energy,124,1.0,0.3929,0.5526,0.9259,1.0,1.0,0.6538,0.6417,0.8333,1.0,0.6923,1.0,0.9615,1.0,0.9385,1.0,0,1.0
Okada Manila,Utilities,258,1.0,-0.3845,-0.051,0.899,0.913,0.9886,0.8362,0.9067,0.5918,0.9635,0.8426,0.9184,1.0,0.9333,1.0,1.0,1.0,0.9762
OKLO,Utilities,10,1.0,0.3333,0.0,0.8545,0,1.0,1.0,1.0,0,1.0,1.0,1.0,1.0,1.0,1.0,1.0,0,0
Okta,Information Technology,1747,0.9853,0.2859,0.4176,0.896,0.9034,0.9831,0.8902,0.6654,0.7298,0.9849,0.9004,0.9813,0.9306,0.8372,0.9777,0.9589,0.8427,0.8308
Old Dominion Freight,Industrials,1220,0.981,0.138,0.1562,0.8685,0.8597,0.9299,0.7709,0.8015,0.6864,0.965,0.9091,0.8938,0.9933,0.954,0.6111,0.9232,0.9286,0.866
Olympus Corporation,Health Care,1725,0.9893,0.4073,0.5771,0.9457,0.7569,0.9798,0.6959,0.6794,0.6561,0.9199,0.7233,0.958,0.9955,0.9124,0.909,0.9797,0.8621,0.8763
Omnicom Group,Communication Services,378,0.963,0.3832,0.4885,0.8683,0.8937,0.9594,0.7878,0.7778,-0.0147,0.9337,0.8415,0.8562,0.9793,0.7465,1.0,0.9503,0.7778,0.9474
OMV AG,Energy,6,1.0,1.0,0.75,1.0,1.0,1.0,1.0,-1.0,1.0,1.0,1.0,1.0,1.0,1.0,1.0,1.0,0,1.0
ONEOK,Energy,343,1.0,0.2692,0.467,0.9549,0.8117,0.9726,0.7177,0.6603,0.7444,0.9,0.9,1.0,1.0,0.9516,0.8395,0.9592,1.0,0.7656
ON Semiconductor,Information Technology,126,0.8,0.0,0.5926,0.8974,0.6923,0.9912,0.9704,0.528,0.9556,0.9327,0.8621,1.0,0.9176,0.8632,0.6522,1.0,1.0,1.0
Ooredoo Group,Communication Services,446,1.0,0.4488,0.6283,0.9357,0.9449,0.9949,0.7785,0.7841,0.5698,0.9877,0.7821,0.9597,0.9943,0.85,0.803,1.0,1.0,0.9509
Open Access Text,Information Technology,1,0,0,0,0,0,1.0,1.0,0,0,0,0,0,0,1.0,0,0,0,0
Oracle,Information Technology,9830,0,0,0,0,0,0,0,0,0,0,0,0,0,0,0,0,0,0
Orange,Communication Services,4562,0,0,0,0,0,0,0,0,0,0,0,0,0,0,0,0,0,0
Oriental Land,Consumer Discretionary,9,1.0,1.0,0,1.0,0,0.619,0.4545,1.0,1.0,0.2,1.0,1.0,1.0,1.0,1.0,0,0,1.0
Orient Overseas,Industrials,3,1.0,0,0,0,0,0,0,1.0,0,1.0,0,0,0,0,0,0,0,0
Orient Securities International Financial Group,Financials,2,0,1.0,0,1.0,0,1.0,0,1.0,0,1.0,1.0,0,0,0,0,0,0,1.0
Origin Energy,Utilities,872,0.9853,0.4434,0.5634,0.912,0.7496,0.9691,0.7624,0.3133,0.7035,0.9382,0.9122,0.965,0.9828,0.8329,0.9107,1.0,0.6429,0.8436
Orion,Health Care,53,0.8961,0.4952,0.2289,0.6867,0.768,0.9646,0.9444,0.2762,0.5641,0.9454,0.9674,0.8824,0.9941,0.8182,1.0,1.0,1.0,0.4253
ORIX,Financials,119,1.0,0.2286,0.2521,0.8866,0.4056,1.0,0.7196,0.6905,0.7647,0.6096,0.5714,0.9432,1.0,0.8125,0.7926,1.0,1.0,0.9545
Orkla,Consumer Staples,76,1.0,-0.1364,0.8462,0.5929,0.8857,0.9783,0.5833,0.9444,0.8667,1.0,0.6667,1.0,0.9333,0.8,1.0,0.8,0,0.6923
Orlen,Energy,11,0,1.0,1.0,1.0,1.0,1.0,1.0,0.3333,1.0,1.0,1.0,1.0,1.0,1.0,1.0,1.0,0,1.0
Osaka Gas,Utilities,26,1.0,0.2,1.0,1.0,1.0,1.0,0.0,0.875,1.0,0.7143,-0.2,0.8333,1.0,1.0,1.0,1.0,0,1.0
O'Steen Automotive Group,Consumer Discretionary,3,0,0,1.0,1.0,0,1.0,0,0,0,1.0,0,1.0,1.0,0,0,0,0,0
OTIS,Industrials,1693,0.9667,0.2349,0.6136,0.9593,0.7995,0.9674,0.7875,0.6855,0.6027,0.9354,0.7812,0.9435,0.9792,0.9643,0.8578,0.9737,0.7838,0.8642
OTP Bank,Financials,503,0.9592,0.4337,0.6068,0.9283,0.8696,0.9893,0.542,0.6265,0.6667,0.9398,0.5653,0.9785,0.9927,0.8961,0.974,1.0,1.0,0.92
Otsuka,Health Care,707,1.0,0.5718,0.6428,0.8742,0.8041,0.9864,0.8632,0.6108,0.7042,0.9504,0.9323,0.9691,0.9974,0.8568,0.9326,0.9804,0.7943,0.9093
Outsurance,Financials,274,1.0,0.3901,0.691,0.84,0.942,0.9745,0.9716,0.7105,0.4812,1.0,0.7879,1.0,1.0,0.9692,0.9544,0.8462,0.75,0.8333
Oversea,Financials,2,0,0,0,0,0,1.0,1.0,1.0,0,1.0,0,0,1.0,1.0,0,0,0,0
PACCAR,Industrials,1157,0.9863,0.503,0.4462,0.9542,0.7119,0.9725,0.6925,0.8033,0.6699,0.6038,0.5517,0.9336,0.9887,0.931,0.8788,0.979,0.9098,0.901
Page Industries,Consumer Discretionary,183,1.0,0.1184,0.5551,0.8768,0.9649,0.9958,0.9035,0.6667,0.7448,0.9636,0.7143,0.9516,1.0,0.8227,0.9545,1.0,1.0,1.0
Palantir Technologies,Information Technology,1008,0.989,0.4135,0.1816,0.5977,0.8211,0.9606,0.9402,0.4791,0.4166,0.9693,0.9415,0.9729,0.9948,0.9001,0.9547,0.9725,0.9643,0.5897
Palo Alto Networks,Information Technology,3031,0,0,0,0,0,0,0,0,0,0,0,0,0,0,0,0,0,0
Pan American Silver,Materials,17,1.0,0.0,0.3333,1.0,1.0,1.0,1.0,0.7714,0.5,1.0,0,1.0,1.0,0.6667,1.0,1.0,0,1.0
Panasonic,Consumer Discretionary,4741,0,0,0,0,0,0,0,0,0,0,0,0,0,0,0,0,0,0
Pandora,Consumer Discretionary,554,0.9919,0.3911,0.6121,0.9318,0.8518,0.9816,0.7907,0.6491,0.6096,0.9646,0.8413,0.9478,0.9719,0.847,0.95,0.9778,0.8889,0.7382
Pan Pacific International Holdings,Consumer Discretionary,5,0,0,0.0,1.0,1.0,1.0,-1.0,0,1.0,1.0,1.0,0,1.0,0,0,1.0,0,0
Parker Hannifin,Industrials,3445,0,0,0,0,0,0,0,0,0,0,0,0,0,0,0,0,0,0
Partners Group,Financials,520,0.99,0.6638,0.6286,0.8243,0.7999,0.9523,0.8242,0.8266,0.6138,0.9064,0.573,0.9805,0.9652,0.8547,0.9229,1.0,1.0,0.9055
Paychex,Industrials,3944,0,0,0,0,0,0,0,0,0,0,0,0,0,0,0,0,0,0
Paycom,Industrials,4971,0,0,0,0,0,0,0,0,0,0,0,0,0,0,0,0,0,0
PayPal,Financials,6830,0,0,0,0,0,0,0,0,0,0,0,0,0,0,0,0,0,0
PDD,Consumer Discretionary,24,1.0,-0.25,0.8571,1.0,0.7143,1.0,1.0,1.0,-0.5887,1.0,1.0,1.0,1.0,1.0,1.0,1.0,1.0,1.0
Pearson,Consumer Discretionary,8620,0,0,0,0,0,0,0,0,0,0,0,0,0,0,0,0,0,0
Pegatron,Information Technology,551,0.9556,0.0457,0.3945,0.9762,0.8718,0.9746,0.8189,0.6999,0.6347,0.9532,0.9294,0.9601,0.9962,0.8881,0.7898,0.993,1.0,0.8571
Pembina Pipeline Corp,Energy,307,1.0,0.4688,0.6514,0.9277,0.8478,0.9655,0.7335,0.6408,0.7735,0.988,0.9167,0.9909,1.0,0.9574,0.8657,1.0,1.0,0.9331
Pentair,Industrials,1168,0.9745,0.2896,0.5527,0.9547,0.7896,0.971,0.8571,0.723,0.6845,0.9773,0.8651,0.949,0.9878,0.9291,0.9504,0.9867,0.8986,0.8002
Pepkor,Consumer Discretionary,80,1.0,0.7143,0.2,1.0,0.7,0.9915,0.8216,0.4911,0.4545,0.8743,0.9091,0.9655,1.0,0.7143,1.0,1.0,1.0,0.7582
PepsiCo,Consumer Staples,19871,0.9952,0.3313,0.4181,0.9395,0.8651,0.9751,0.855,0.5707,0.7485,0.9703,0.9063,0.9729,0.9936,0.9044,0.9209,0.9726,0.8196,0.9237
Pernod Ricard,Consumer Staples,1323,0.9885,0.3185,0.5635,0.9078,0.8432,0.9867,0.7234,0.578,0.7429,0.9418,0.85,0.9622,0.9907,0.8792,0.9197,0.9467,0.5764,0.8604
Persistent Systems,Information Technology,4450,0,0,0,0,0,0,0,0,0,0,0,0,0,0,0,0,0,0
Petrobras,Energy,484,1.0,0.6735,0.735,0.9177,0.873,0.9929,0.5926,0.8752,0.1546,0.9035,0.3978,0.9518,1.0,0.9773,0.9275,0.9854,1.0,0.8854
Petrochina International,Energy,102,1.0,0.125,0.3506,0.9778,0.8333,1.0,0.68,0.8056,1.0,0.7333,-0.0909,0.9091,1.0,1.0,0.8815,0.9121,1.0,0.75
Petronas,Consumer Discretionary,5560,0,0,0,0,0,0,0,0,0,0,0,0,0,0,0,0,0,0
Petronet LNG,Energy,67,1.0,0.3929,0.3571,1.0,0.873,0.9722,0.8333,1.0,0.8857,1.0,1.0,1.0,1.0,0.8182,0.8571,1.0,0,1.0
Pfizer,Health Care,10645,0.9949,0.4386,0.6164,0.9096,0.8677,0.9875,0.7894,0.6048,0.7684,0.9613,0.8235,0.9777,0.9885,0.8402,0.9535,0.9866,0.8444,0.9256
PGE Polska Grupa Energetyczna,Utilities,11,0,1.0,-0.3333,1.0,1.0,1.0,1.0,0.6667,0,1.0,0.5,1.0,1.0,1.0,1.0,1.0,0,1.0
Pharmaessentia,Health Care,26,1.0,0.5,-0.0307,1.0,1.0,1.0,0.6891,0.1667,1.0,0.9844,1.0,1.0,1.0,0.875,1.0,1.0,1.0,0.3333
Philip Morris International,Consumer Staples,4283,0,0,0,0,0,0,0,0,0,0,0,0,0,0,0,0,0,0
Phillips 66,Energy,1492,0.9761,0.4005,0.5431,0.9434,0.8206,0.9753,0.7641,0.7154,0.6693,0.9126,0.7748,0.9685,0.9408,0.8938,0.8902,0.974,0.65,0.8818
Phoenix Group,Financials,732,0.9704,0.2364,0.7471,0.9376,0.766,0.9752,0.8543,0.1023,0.6576,0.9543,0.8935,0.9625,0.9955,0.8377,0.932,0.9718,1.0,0.866
PICC Property,Financials,16,0,1.0,0.3333,1.0,0,1.0,1.0,1.0,1.0,1.0,0,1.0,1.0,1.0,1.0,1.0,1.0,1.0
PICC Property & Casualty,Financials,5,1.0,0,0,1.0,0,1.0,0,0.0,0,1.0,1.0,0,0,0,0,0,0,1.0
Pidilite,Materials,814,1.0,0.2773,0.6239,0.9036,0.9737,1.0,0.5877,0.8879,0.8,0.896,0.6795,0.9689,0.9698,0.8867,0.9747,0.9677,1.0,0.9379
PI Industries,Materials,158,1.0,0.4134,0.6059,0.9464,0.8222,0.9945,0.9029,0.7,0.5,1.0,0.9394,0.9907,0.9512,1.0,0.9623,1.0,0.3333,1.0
PIMCO,Asset Management,1132,1.0,0.479,0.4971,0.8547,0.8474,0.9656,0.8338,0.8413,0.4448,0.9191,0.7072,0.9884,0.9905,0.7979,0.9606,1.0,0.7576,0.952
Ping An Bank,Financials,175,1.0,0.8,0.84,1.0,1.0,1.0,0.9583,0.5686,0.3117,0.873,1.0,0.963,1.0,0.9688,1.0,1.0,1.0,1.0
Ping An Insurance,Financials,399,1.0,0.4561,0.6163,0.9406,0.8824,0.9846,0.8611,0.6847,0.6759,0.9938,0.806,0.9747,1.0,0.8906,1.0,1.0,1.0,0.74
Pinterest,Communication Services,1139,0.993,0.4351,0.4674,0.8829,0.8535,0.9815,0.7091,0.6772,0.6481,0.9684,0.9361,0.9666,0.9419,0.6185,0.9163,0.9623,0.9395,0.8668
PioTech,Information Technology,4,1.0,0.5,0.6667,1.0,1.0,1.0,1.0,0,1.0,1.0,0,1.0,1.0,0.0,1.0,1.0,1.0,1.0
Piraeus Bank S.A.,Financials,328,1.0,0.5528,0.4986,0.9664,0.8974,0.9952,0.6349,0.7242,0.5429,0.9756,0.8,0.9677,0.9813,0.9474,0.7473,0.9852,1.0,0.924
PKO Bank Polski,Financials,108,1.0,0.4737,0.0612,0.7667,0.6667,1.0,0.5338,0.7407,-0.3333,0.9171,0.8958,0.9444,1.0,1.0,1.0,1.0,1.0,1.0
PNC Financial Services Group,Financials,10415,0,0,0,0,0,0,0,0,0,0,0,0,0,0,0,0,0,0
Polycab India Limited,Industrials,290,1.0,0.2043,0.4056,0.934,0.8991,0.9981,0.8839,0.8125,0.6241,0.925,0.7308,0.9808,0.9692,0.95,0.9595,1.0,0.0,0.9535
POP MART,Consumer Discretionary,110,1.0,0.5769,0.5731,0.9552,0.7128,0.8998,0.787,0.7044,0.527,0.9956,1.0,0.9375,0.9917,0.9709,0.6646,1.0,1.0,0.7857
Porsche,Consumer Discretionary,571,0.9722,0.4729,0.4362,0.806,0.963,0.9922,0.7144,0.6679,0.532,0.9235,0.8529,0.9439,1.0,0.7926,0.9483,0.9667,1.0,0.8723
POSCO International,Industrials,87,1.0,0.35,0.6429,1.0,1.0,0.9796,0.8696,0.6923,0.9167,0.5898,0.4286,1.0,1.0,0.8462,0.842,1.0,1.0,1.0
Postal Savings Bank of China,Financials,39,1.0,1.0,0.4,1.0,1.0,1.0,0.8889,1.0,0.3333,1.0,1.0,1.0,1.0,1.0,1.0,1.0,0,1.0
Poste Italiane,Financials,85,1.0,0.7143,0.1,0.85,1.0,0.9512,0.8362,0.8,-0.2,0.9231,0.6,1.0,1.0,1.0,1.0,1.0,0,0.6364
Power Construction Corporation of China,Industrials,52,1.0,0.3333,0.7143,1.0,1.0,1.0,0.9808,1.0,0.8788,0.75,0.2,1.0,1.0,0.8333,0.8667,1.0,1.0,0.8857
Power Finance,Financials,46,1.0,1.0,0.7778,0.9231,0.6,1.0,0.3333,1.0,0.2143,1.0,0.6,0.95,1.0,0.7778,1.0,1.0,0,1.0
Power Grid Corporation of India,Utilities,455,1.0,0.0253,0.6772,0.9763,0.8333,0.9913,0.8239,0.9048,0.4224,0.9922,0.5714,0.9898,0.9744,0.9259,0.9255,1.0,1.0,0.9692
Power of Canada,Financials,10,1.0,-1.0,-1.0,0.5,0,1.0,1.0,0.4285,0.3333,0.5,1.0,1.0,1.0,1.0,1.0,1.0,0,1.0
PPC (Public Power Corporation),Utilities,64,1.0,0.3421,0.6667,0.92,1.0,1.0,0.7,0.8346,0.75,0.9167,0.8182,1.0,1.0,1.0,1.0,1.0,0,1.0
PPG,Materials,2931,0,0,0,0,0,0,0,0,0,0,0,0,0,0,0,0,0,0
PPL,Utilities,671,0.9767,0.2886,0.6036,0.9593,0.8346,0.9542,0.7091,0.6635,0.6705,0.9446,0.8718,0.9378,0.9722,0.9154,0.9287,1.0,1.0,0.8211
President Chain Store,Consumer Staples,1023,1.0,-0.0804,0.4732,0.9032,0.7852,0.9139,0.8276,0.1018,0.7246,0.9672,0.9702,0.9424,1.0,0.9138,0.8462,1.0,1.0,0.6521
Press Metal Aluminium Australia,Materials,2,0,0,0.5,1.0,1.0,1.0,0.1429,1.0,-1.0,1.0,1.0,1.0,1.0,0,0,1.0,0,0
Prestige Group (Bangalore),Real Estate,180,1.0,0.1818,0.8594,0.9089,1.0,0.9911,0.8443,0.6333,1.0,0.8377,0.9556,0.8958,1.0,0.7905,0.9037,1.0,0,0.9697
Principal Financial Group,Financials,2965,0,0,0,0,0,0,0,0,0,0,0,0,0,0,0,0,0,0
PRIO,Energy,11,0,0.75,-1.0,1.0,0,1.0,1.0,0.8333,0,1.0,1.0,1.0,1.0,1.0,0.6,1.0,0,0
Procter & Gamble,Consumer Staples,17018,0,0,0,0,0,0,0,0,0,0,0,0,0,0,0,0,0,0
Progressive Insurance,Financials,9212,0,0,0,0,0,0,0,0,0,0,0,0,0,0,0,0,0,0
Prologis,Real Estate,543,1.0,0.5928,0.6672,0.7703,0.9394,0.9699,0.8443,0.6804,0.8116,0.9378,0.8862,0.9475,0.9936,0.6745,0.9564,0.9894,0.9167,0.9498
Pro Medicus,Health Care,4,0,1.0,1.0,0.7576,0,0.8333,1.0,1.0,0.3334,1.0,0,0,1.0,1.0,1.0,1.0,0,1.0
Prosus,Consumer Discretionary,3,0,1.0,0,1.0,0,0,1.0,0,0,1.0,1.0,0,1.0,1.0,1.0,0,0,0
Province of Nova Scotia,Information Technology,174,1.0,0.0952,0.8194,0.9245,0.8889,0.9488,0.277,0.4341,0.5789,1.0,0.641,1.0,1.0,1.0,1.0,1.0,1.0,0.7561
Prudential,Financials,6120,0,0,0,0,0,0,0,0,0,0,0,0,0,0,0,0,0,0
Prysmian,Industrials,682,1.0,0.4335,0.6396,0.973,0.8911,0.9658,0.7449,0.7068,0.8579,0.959,0.8533,0.9471,1.0,0.9223,0.8932,0.9802,0.8095,0.8747
PT. Bumi Resources Minerals,Materials,3,0,0,0,0,1.0,1.0,0,0,0,1.0,0,1.0,1.0,0,0,0,0,0
PTC Holding,Information Technology,1,0,0,0,0,0,1.0,0,0,0,0,0,0,0,0,0,0,0,0
PTT,Energy,132,1.0,0.6688,0.6136,0.9771,1.0,1.0,0.4735,0.7561,0.6,0.7433,0.8571,0.9583,1.0,0.8889,1.0,1.0,1.0,1.0
PTTEP,Energy,154,1.0,0.3981,0.5714,0.9123,1.0,0.9873,0.4554,0.9147,0.9444,0.8611,0.4444,1.0,1.0,0.875,0.936,1.0,0,0.8889
Publicis Groupe,Communication Services,4616,0,0,0,0,0,0,0,0,0,0,0,0,0,0,0,0,0,0
Public Storage,Real Estate,2172,0,0,0,0,0,0,0,0,0,0,0,0,0,0,0,0,0,0
PulteGroup,Consumer Discretionary,1049,1.0,0.5277,0.7598,0.9615,0.8464,0.9775,0.881,0.7142,0.8044,0.9826,0.8632,0.9636,0.9912,0.8147,0.9348,0.9955,0.8654,0.8804
Punjab National Bank,Financials,745,1.0,0.3626,0.2652,0.9813,0.9216,0.9842,0.8384,0.8397,0.6797,0.8843,0.6408,0.9619,1.0,0.9338,0.9914,0.9643,0.619,0.9286
Pure Storage,Information Technology,1276,0.99,0.3654,0.4551,0.9061,0.8857,0.9801,0.9264,0.7092,0.6551,0.9839,0.8206,0.9677,0.9922,0.8514,0.9569,0.9958,0.9365,0.7537
PwC Canada,Financials,2901,0,0,0,0,0,0,0,0,0,0,0,0,0,0,0,0,0,0
PZU Group,Financials,80,1.0,0.6364,0.7333,0.8803,1.0,0.9683,0.7883,0.5668,0.0757,0.9733,0.72,0.9412,1.0,0.8462,0.7333,1.0,1.0,1.0
Qantas,Industrials,1537,0.9889,0.3272,0.5802,0.9434,0.7581,0.9747,0.6146,0.4842,0.7326,0.9667,0.7919,0.9586,0.9988,0.7469,0.9434,1.0,0.7073,0.9226
Qatar Airways,Industrials,3572,0,0,0,0,0,0,0,0,0,0,0,0,0,0,0,0,0,0
Qatar International Islamic Bank,Financials,11,1.0,1.0,1.0,1.0,1.0,1.0,1.0,0.5,0.0,1.0,1.0,1.0,1.0,1.0,1.0,1.0,0,0.3333
Qatar Islamic Bank,Financials,27,1.0,0.2,0.5714,0.959,1.0,1.0,1.0,0.6667,0.3333,0.9394,1.0,1.0,1.0,1.0,0.0,1.0,0,1.0
Qatar National Bank,Financials,570,1.0,0.4549,0.656,0.9581,0.7914,0.9862,0.7672,0.6638,0.5418,0.9609,0.6349,0.9692,1.0,0.8947,0.8764,1.0,1.0,0.8513
QBE,Financials,1990,0.9737,0.2624,0.6325,0.9331,0.74,0.9805,0.7384,0.3293,0.6461,0.9664,0.8503,0.9388,0.9779,0.8359,0.9145,0.9671,0.8667,0.8316
QIAGEN,Health Care,918,0.952,0.3398,0.6133,0.9028,0.8495,0.99,0.7725,0.4909,0.7012,0.9908,0.8586,0.9879,0.9963,0.9065,0.8934,1.0,0.7619,0.8771
QL RESOURCES,Consumer Staples,47,1.0,1.0,0.6364,1.0,1.0,1.0,0.6667,1.0,1.0,0.875,0,1.0,1.0,0.6667,1.0,1.0,0,1.0
Qnity,Information Technology,4,0,1.0,1.0,1.0,0.8333,1.0,1.0,0.7778,0.4667,1.0,1.0,1.0,1.0,1.0,1.0,1.0,0,0.0
Qualcomm,Information Technology,12316,0,0,0,0,0,0,0,0,0,0,0,0,0,0,0,0,0,0
Quanta Computer,Information Technology,600,1.0,0.2154,0.4202,0.969,0.8668,0.9662,0.711,0.748,0.7172,0.889,0.7561,0.9808,1.0,0.9683,0.9485,1.0,1.0,0.8107
Quanta Services,Industrials,267,0.9474,0.3291,0.501,0.9358,0.7976,0.9881,0.8402,0.5954,0.5985,0.9292,0.7902,0.9656,1.0,0.9443,0.8136,0.9444,1.0,0.7732
Quest Diagnostics,Health Care,880,1.0,0.3988,0.5267,0.9303,0.6946,0.9385,0.8727,0.5663,0.5549,0.9525,0.9207,0.9508,0.9986,0.852,0.8045,0.9326,0.8261,0.9666
Raia Drogasil,Consumer Staples,42,1.0,0.9,0.6,0.7143,1.0,1.0,1.0,1.0,0.6071,1.0,1.0,1.0,1.0,1.0,0.8,1.0,1.0,1.0
Raiffeisen Bank International,Financials,767,0.9661,0.2683,0.5076,0.916,0.8293,0.9967,0.5633,0.638,0.4886,0.9271,0.7187,0.9829,0.992,0.9609,0.9904,1.0,0.4286,0.9066
Rail Vikas Nigam,Industrials,174,1.0,0.2,0.44,1.0,1.0,0.9768,0.8061,0.75,0.5882,0.9592,1.0,0.9268,1.0,0.8151,1.0,1.0,-1.0,1.0
Rakuten Group,Consumer Discretionary,52,1.0,0.3333,0.2041,1.0,0.6883,1.0,0.6485,0.8052,0.8667,0.8896,0.4603,1.0,1.0,0.7727,0.9231,1.0,1.0,0.6508
Randstad,Industrials,7781,0,0,0,0,0,0,0,0,0,0,0,0,0,0,0,0,0,0
RATIONAL,Industrials,58,1.0,0.4857,0.8469,1.0,1.0,0.9647,0.8945,0.725,0.7302,0.874,0.803,1.0,1.0,1.0,1.0,1.0,1.0,0.7143
Raymond James Financial,Financials,2940,0,0,0,0,0,0,0,0,0,0,0,0,0,0,0,0,0,0
RB Global,Industrials,25,1.0,0.2667,0.7143,1.0,1.0,0.8571,0.9,0.4286,1.0,1.0,0.6,1.0,0.6,1.0,1.0,1.0,0,0.2
REA Group,Communication Services,536,0.9654,0.2771,0.6759,0.9289,0.835,0.9817,0.7644,0.2819,0.6825,0.9688,0.9098,0.9727,0.9861,0.8103,0.982,0.9675,0.7292,0.7916
RealTek Semiconductor Corp,Information Technology,278,1.0,0.048,0.5966,0.8964,0.6897,0.9904,0.814,-0.0465,0.8087,0.9463,0.9722,0.9891,1.0,1.0,0.8864,1.0,-0.3333,0.7576
Realty Income,Real Estate,86,1.0,0.0162,0.3529,0.8719,1.0,0.986,0.6296,0.6607,1.0,0.9026,1.0,1.0,1.0,1.0,1.0,1.0,1.0,1.0
REC Group,Financials,281,1.0,0.2732,0.4509,0.8425,0.9058,0.9746,0.8182,0.6818,0.5225,0.9899,0.9005,0.9831,1.0,0.9296,0.9198,1.0,-0.2,0.8958
Reckitt,Consumer Staples,4944,0,0,0,0,0,0,0,0,0,0,0,0,0,0,0,0,0,0
"Recruit Holdings, Co., Ltd.",Industrials,217,1.0,0.32,0.3732,0.9568,0.9286,0.9754,0.8877,0.4439,0.3093,0.9194,0.8291,0.95,0.9035,0.9024,0.8953,1.0,1.0,0.9396
Reddit,Communication Services,395,1.0,0.4981,0.4204,0.9223,0.8295,0.9779,0.8094,0.575,0.7678,0.9741,0.7624,0.9642,0.9659,0.7481,0.9402,0.9816,0.931,0.7017
Rede D'Or,Health Care,34,0,0.3333,1.0,0.8572,1.0,0.8182,0.5,0.7143,0.6667,1.0,0.2,1.0,1.0,0.3333,1.0,1.0,1.0,1.0
Regency Centers,Real Estate,149,1.0,-0.0393,0.4221,0.9071,0.9205,0.966,0.9119,0.4935,0.9375,0.956,0.9048,0.9412,0.9737,0.7778,0.924,1.0,1.0,1.0
Regeneron,Health Care,2575,0,0,0,0,0,0,0,0,0,0,0,0,0,0,0,0,0,0
Regions Financial,Financials,4360,0,0,0,0,0,0,0,0,0,0,0,0,0,0,0,0,0,0
Reliance Industries,Energy,3280,0,0,0,0,0,0,0,0,0,0,0,0,0,0,0,0,0,0
RELX,Industrials,838,0.9795,0.383,0.5924,0.8773,0.8278,0.9842,0.7654,0.4492,0.6021,0.9764,0.8256,0.9835,0.9958,0.856,0.9278,0.981,0.931,0.9079
Renault Group,Consumer Discretionary,1480,1.0,0.3592,0.4513,0.9051,0.9094,0.9944,0.6337,0.723,0.5401,0.9556,0.7776,0.9825,0.9956,0.8968,0.9653,0.988,1.0,0.901
Renesas,Information Technology,927,0.9509,0.3225,0.4364,0.924,0.8202,0.9873,0.6296,0.4881,0.7235,0.9242,0.8142,0.9606,0.9636,0.8915,0.9449,0.9899,0.4286,0.9209
Rentokil Initial,Industrials,1772,0.9828,0.1589,0.5975,0.9307,0.8347,0.9728,0.9028,0.6098,0.5275,0.9765,0.9414,0.982,0.9928,0.8965,0.901,0.9311,0.8776,0.9371
Repsol,Energy,736,0.988,0.4219,0.5456,0.9271,0.801,0.9801,0.6474,0.7039,0.6977,0.9406,0.6945,0.9551,0.9895,0.9286,0.8954,0.9662,0.6667,0.9542
Republic Services,Industrials,3562,0,0,0,0,0,0,0,0,0,0,0,0,0,0,0,0,0,0
Resmed,Health Care,1283,0.9755,0.3242,0.6615,0.8887,0.8029,0.9743,0.7551,0.4832,0.6844,0.9588,0.9188,0.9541,0.9942,0.7904,0.9501,0.9767,0.84,0.9012
Resona,Financials,7,1.0,1.0,0,1.0,1.0,1.0,0,1.0,-1.0,1.0,0,1.0,1.0,0,0,1.0,0,0
Restaurant Brands International,Consumer Discretionary,924,0.9917,0.131,0.083,0.8426,0.8762,0.9629,0.9313,0.6123,0.7169,0.977,0.9314,0.9714,0.9737,0.8532,0.9132,0.9932,0.8345,0.7673
Rexel Group,Industrials,861,1.0,0.3209,0.4214,0.9485,0.6577,0.9619,0.8556,0.6427,0.638,0.9595,0.8615,0.9234,0.9823,0.9079,0.8647,0.9149,0.84,0.8611
RHB Group,Financials,1389,1.0,0.3517,0.6068,0.937,0.8441,0.9829,0.5503,0.6738,0.5483,0.9251,0.6724,0.9624,0.996,0.8531,0.9449,1.0,0.6429,0.8071
Rheinmetall,Industrials,336,1.0,0.3651,0.5608,0.927,0.6199,0.9826,0.668,0.7855,0.4934,0.9469,0.8085,0.9651,0.9937,0.8936,0.9875,1.0,0.8333,0.931
Richter Gedeon,Health Care,13,1.0,-1.0,0.3333,0.7,1.0,1.0,1.0,0.25,0,1.0,0.6,1.0,1.0,0,1.0,1.0,0,1.0
Rio Tinto,Materials,2866,0,0,0,0,0,0,0,0,0,0,0,0,0,0,0,0,0,0
Rivian,Consumer Discretionary,2135,0.9876,0.4457,0.1372,0.9257,0.8446,0.9709,0.9012,0.6533,0.6788,0.9795,0.9515,0.9748,0.9722,0.7655,0.8971,0.9939,0.9077,0.7351
Riyad Bank,Financials,138,1.0,-0.3333,0.2903,0.9162,0.8571,0.9798,0.78,0.4737,0.5,1.0,0.9034,1.0,0.9798,1.0,0.9333,1.0,1.0,0.6
Robeco,Asset Management,135,1.0,0.5592,0.4868,0.6039,0.913,0.9918,0.7985,0.3333,0.3809,0.981,0.6667,1.0,1.0,0.6471,1.0,1.0,1.0,0.7215
Robinhood,Financials,996,0.9813,0.1395,0.291,0.9226,0.8869,0.9735,0.8544,0.516,0.533,0.9788,0.9654,0.9752,0.964,0.7525,0.9656,0.941,0.7095,0.753
Roche,Health Care,8011,0.9946,0.5123,0.6112,0.8681,0.8548,0.9879,0.6125,0.6016,0.7531,0.938,0.8378,0.9721,0.9907,0.7949,0.9548,0.9752,0.7804,0.931
Rocket,Financials,6103,0,0,0,0,0,0,0,0,0,0,0,0,0,0,0,0,0,0
Rockwell Automation,Industrials,4086,0,0,0,0,0,0,0,0,0,0,0,0,0,0,0,0,0,0
ROCKWOOL,Industrials,7,1.0,0.6667,1.0,1.0,0.6667,0.8,1.0,0.6,1.0,1.0,0.6667,1.0,1.0,0.5,1.0,1.0,0,1.0
Rogers Communications,Communication Services,7915,0,0,0,0,0,0,0,0,0,0,0,0,0,0,0,0,0,0
Rollins,Industrials,342,1.0,0.3303,0.6426,0.976,0.7679,0.9838,0.921,0.7294,0.5976,0.7765,0.6646,0.99,1.0,0.9464,0.8827,0.9474,0.8571,0.8847
Rongsheng Petrochemical,Materials,2,0,0,0,0,0,1.0,0,0,0,1.0,0,1.0,0,0,0,0,0,1.0
Roper Technologies,Information Technology,44,1.0,0.2857,0.2917,0.6599,0.9407,1.0,0.904,0.7778,0.7121,1.0,1.0,1.0,1.0,1.0,0.875,1.0,-1.0,1.0
Ross Stores,Consumer Discretionary,11155,0,0,0,0,0,0,0,0,0,0,0,0,0,0,0,0,0,0
Royal Caribbean Group,Consumer Discretionary,3091,0,0,0,0,0,0,0,0,0,0,0,0,0,0,0,0,0,0
Royal Mail,Financials,5560,0,0,0,0,0,0,0,0,0,0,0,0,0,0,0,0,0,0
Royalty Pharma,Health Care,3,0,0,1.0,1.0,1.0,1.0,1.0,-1.0,0.0,1.0,1.0,0,0,0,1.0,1.0,0,-1.0
RPM International,Materials,63,1.0,-0.1429,0.1958,0.9697,1.0,0.973,0.6842,0.3333,0.75,0.9592,1.0,0.6667,1.0,1.0,0.9365,1.0,1.0,0.75
RTX,Industrials,8431,0,0,0,0,0,0,0,0,0,0,0,0,0,0,0,0,0,0
Rumo,Industrials,15,1.0,0.0,1.0,1.0,1.0,1.0,1.0,1.0,1.0,1.0,1.0,1.0,1.0,1.0,1.0,1.0,0,1.0
Ruyi Holdings,Communication Services,9,0,0.0,1.0,1.0,0.0,1.0,1.0,1.0,0,1.0,1.0,1.0,1.0,0,0,1.0,0,0
RWE,Utilities,501,0.9718,0.4144,0.5371,0.9211,0.8689,0.9846,0.6333,0.5298,0.8793,0.9647,0.7378,1.0,1.0,0.9088,0.9932,1.0,0.6667,0.9365
Ryanair,Industrials,2184,0,0,0,0,0,0,0,0,0,0,0,0,0,0,0,0,0,0
Ryohin Keikaku,Consumer Discretionary,1,0,0,0,0,0,1.0,0,0,0,1.0,0,0.3333,1.0,0,0,0,0,0
Saab Group,Industrials,427,1.0,0.3087,0.5295,0.8622,0.9177,0.9912,0.4688,0.6968,0.7857,0.9298,0.6163,0.9684,0.9905,0.8088,0.9919,1.0,1.0,0.6352
Safran,Industrials,2287,0,0,0,0,0,0,0,0,0,0,0,0,0,0,0,0,0,0
Sagax,Real Estate,1,1.0,1.0,0,0,0,0,1.0,1.0,0,1.0,1.0,0,0,0,0,0,0,0
Sage,Information Technology,5537,0,0,0,0,0,0,0,0,0,0,0,0,0,0,0,0,0,0
SAIC Motor,Consumer Discretionary,81,1.0,0.5429,0.6,0.8933,1.0,1.0,0.5782,0.8056,0.4286,0.9198,1.0,1.0,1.0,1.0,0.8571,1.0,0.0,0.8462
Sailun Group,Consumer Discretionary,13,0,1.0,1.0,0.8333,0,1.0,1.0,-0.0476,1.0,0.9048,1.0,1.0,1.0,0.3333,1.0,1.0,0,1.0
Saint-Gobain,Industrials,770,1.0,0.2779,0.5929,0.9314,0.831,0.9874,0.6594,0.6699,0.7964,0.9698,0.8119,0.9736,0.9903,0.6853,0.9437,1.0,0.8824,0.9362
Salesforce,Information Technology,24474,0,0,0,0,0,0,0,0,0,0,0,0,0,0,0,0,0,0
Salik,Industrials,4,0,0,1.0,0,0,1.0,0,1.0,0,0,0,1.0,1.0,0,0,0,0,0
SalMar,Consumer Staples,13,1.0,1.0,0.3333,1.0,1.0,0.8095,0.6,1.0,1.0,1.0,1.0,0,1.0,1.0,1.0,0,0,0
SAL Saudi Logistics Services,Industrials,5,0,1.0,1.0,1.0,0,1.0,-0.2,0.0,0,0.0,1.0,0.0,0,0,0,0,0,0
Sampo,Financials,2,0,0,0,0,1.0,1.0,0,-1.0,0,1.0,1.0,0,0,0,0,0,0,0
Samsara,Information Technology,1470,0.9911,0.4335,0.3385,0.9204,0.8705,0.9386,0.9543,0.7016,0.7255,0.9842,0.9768,0.9838,0.9611,0.8547,0.9633,0.9728,0.8141,0.9134
Samsung BioLogics,Health Care,144,1.0,0.4338,0.5395,0.8108,0.9615,0.9872,0.7792,0.7241,0.4429,0.92,0.9268,1.0,1.0,1.0,0.8824,1.0,0,1.0
Samsung C&T,Industrials,327,1.0,0.1579,0.5832,0.9901,0.8282,0.9659,0.7163,0.8415,0.6774,0.6749,0.6061,0.9408,1.0,0.8824,0.885,0.9545,0.6667,0.9712
Samsung Electro-Mechanics,Information Technology,351,1.0,0.3348,0.2152,0.9412,0.8896,0.9949,0.7581,0.8008,0.6717,0.9189,0.812,0.9915,0.9975,0.8571,0.8871,1.0,0.8286,0.9931
Samsung Electronics,Information Technology,11560,0,0,0,0,0,0,0,0,0,0,0,0,0,0,0,0,0,0
Samsung Fire & Marine Insurance,Financials,64,0.7143,0.1667,0.0,0.9545,0.75,0.9894,1.0,0.3611,1.0,0.629,0.7692,0.8,1.0,0.8182,1.0,1.0,1.0,0.75
Samsung Heavy Industries,Industrials,154,1.0,0.5688,0.4765,1.0,0.6,0.9917,0.8158,0.6667,0.0,0.9332,0.7059,0.9722,1.0,0.5556,0.8941,1.0,1.0,0.8109
Samsung Life Insurance,Financials,50,1.0,1.0,0.8929,1.0,0.6667,1.0,0.6864,0.8214,0.75,0.5124,0.3,1.0,1.0,0.7778,0.875,1.0,0,1.0
Samsung SDI,Information Technology,406,1.0,0.4354,0.5082,0.984,0.825,0.9828,0.8138,0.5154,0.7059,0.8893,0.7778,0.9467,1.0,0.9048,0.893,1.0,0.5,0.8919
Samsung SDS,Information Technology,1399,0.9677,0.1582,0.515,0.9302,0.8529,0.9786,0.7892,0.6274,0.5585,0.8749,0.7344,0.9197,0.9983,0.9216,0.8723,1.0,0.7895,0.9306
Samvardhana Motherson International Limited,Consumer Discretionary,10,0,0.3333,1.0,1.0,0,1.0,0.7143,0.5,0,1.0,1.0,1.0,1.0,1.0,1.0,1.0,0,1.0
Samyang Foods,Consumer Staples,12,1.0,-1.0,1.0,1.0,1.0,1.0,1.0,0.0,1.0,-0.2,1.0,0.6667,1.0,1.0,1.0,0,0,1.0
San'an Optoelectronics,Information Technology,4,1.0,1.0,1.0,1.0,0,0,0.3333,1.0,0,1.0,-1.0,0,0,0,1.0,0,0,1.0
Sandoz,Health Care,1005,0.9874,0.386,0.6271,0.9048,0.806,0.9828,0.8154,0.5484,0.5846,0.9892,0.8894,0.9685,0.987,0.901,0.9613,1.0,0.75,0.878
Sands China,Consumer Discretionary,88,1.0,0.2,1.0,0.9355,1.0,1.0,0.7048,0.875,1.0,0.9286,0.5385,1.0,1.0,1.0,1.0,1.0,0,1.0
Sandvik,Industrials,1072,1.0,0.3582,0.6137,0.909,0.8453,0.9846,0.6538,0.6731,0.8041,0.9409,0.7831,0.9777,0.9792,0.9412,0.9368,0.989,0.913,0.9368
Sanlam,Financials,794,1.0,0.4112,0.521,0.9001,0.8372,0.9853,0.8299,0.5571,0.2084,0.9277,0.8556,0.9714,0.9911,0.8258,0.948,1.0,0.8333,0.8987
Sanofi,Health Care,7965,0,0,0,0,0,0,0,0,0,0,0,0,0,0,0,0,0,0
Sanrio,Consumer Discretionary,100,1.0,-0.04,0.7059,1.0,0.3333,0.974,0.4815,0.6158,0.517,0.9286,0.963,0.8333,1.0,0.8889,1.0,1.0,1.0,0.75
Santander,Financials,6407,0,0,0,0,0,0,0,0,0,0,0,0,0,0,0,0,0,0
Santos,Energy,402,0.9643,0.1975,0.5205,0.9218,0.7727,0.9416,0.8127,0.5142,0.7145,0.9472,0.8533,0.963,0.9837,0.9667,0.8999,1.0,0.5714,0.8554
Sany Heavy Industry,Industrials,137,1.0,-0.0104,0.5398,0.8889,0.8,0.9841,0.7952,0.7333,0.9441,0.9269,1.0,0.9722,0.9136,0.7778,0.9259,1.0,1.0,1.0
SAP,Information Technology,29115,0,0,0,0,0,0,0,0,0,0,0,0,0,0,0,0,0,0
Saputo,Consumer Staples,853,0.9874,0.4316,0.5803,0.909,0.6118,0.9451,0.7696,0.7582,0.7948,0.9602,0.8622,0.9679,0.9962,0.9091,0.7787,1.0,0.8889,0.8837
Sartorius,Health Care,795,1.0,0.293,0.5515,0.8906,0.7799,0.9802,0.8013,0.5713,0.6668,0.9716,0.8561,0.9813,0.9875,0.8813,0.9501,1.0,1.0,0.8582
Sasol,Materials,917,0.9806,0.4795,0.4699,0.9665,0.8457,0.9907,0.8723,0.8411,0.6038,0.9583,0.7567,0.9829,0.9733,0.952,0.8641,0.982,1.0,0.9485
Satellite Petrochemical,Materials,5,0,0,-1.0,0,0,1.0,1.0,0,0,1.0,1.0,0,1.0,1.0,0,1.0,0,1.0
Saudi Aramco,Financials,2457,0,0,0,0,0,0,0,0,0,0,0,0,0,0,0,0,0,0
Saudi Awwal Bank,Financials,7,1.0,1.0,1.0,1.0,0,1.0,1.0,0.3333,1.0,1.0,1.0,1.0,1.0,1.0,1.0,1.0,0,1.0
Saudi Electricity Company,Utilities,332,1.0,0.3136,0.7087,0.9556,0.8949,0.9974,0.7087,0.6898,0.5652,0.9832,0.925,0.9728,1.0,0.8889,0.8839,1.0,1.0,0.9512
Saudi Investment Bank,Financials,28,1.0,0.5,1.0,0.8,1.0,1.0,0.8929,0.8,0.5,0.7778,0.6,0.8,1.0,1.0,1.0,1.0,0,1.0
Saudi Research and Media Group,Communication Services,17,1.0,1.0,0.1875,1.0,0.3333,1.0,0.6061,0.619,-1.0,1.0,0.8788,1.0,1.0,1.0,1.0,1.0,0,1.0
Saudi Telecom,Communication Services,629,1.0,0.2158,0.7411,0.9784,1.0,0.9967,0.7184,0.5983,0.7143,0.9884,0.8063,0.9613,1.0,0.9062,0.8568,1.0,1.0,0.8571
SBA Communications,Real Estate,564,0.9941,0.363,0.5078,0.8942,0.8891,0.995,0.9776,0.6866,0.6713,0.982,0.9563,0.9939,0.9903,0.8607,0.9633,1.0,0.84,0.9483
SBI Holdings,Financials,94,0.8182,0.2924,0.0577,1.0,0.9394,0.9411,0.8258,0.623,0.5223,0.8414,0.9643,0.9762,1.0,0.931,0.9572,1.0,1.0,0.5522
SCB X,Financials,6,1.0,0.75,0.5715,0.2857,1.0,1.0,0.7333,0.3333,0,1.0,0.7143,1.0,1.0,1.0,1.0,1.0,0,1.0
Scentre Group,Real Estate,395,1.0,0.4286,0.7796,0.914,0.7051,0.9831,0.7053,0.29,0.6875,0.9158,0.9126,0.9195,0.9695,0.8009,0.9356,0.9608,0.8036,0.6885
Schindler,Industrials,1626,1.0,0.2761,0.6138,0.9642,0.8851,0.9714,0.8311,0.7021,0.6313,0.9349,0.8495,0.9646,0.9782,0.9013,0.9014,0.983,0.6429,0.9263
Schneider Electric,Industrials,15192,0,0,0,0,0,0,0,0,0,0,0,0,0,0,0,0,0,0
Schroders,Financials,1418,0.99,0.5188,0.6057,0.7783,0.7521,0.9951,0.5833,0.5275,0.5749,0.9123,0.7646,0.9419,0.9867,0.7028,0.9714,0.9875,0.7576,0.7517
Scout24 SE,Communication Services,25,1.0,0.0893,0.8077,1.0,1.0,0.9699,0.9559,0.0,0.8571,0.8333,1.0,1.0,1.0,0.8,1.0,1.0,0.3333,1.0
SCREEN,Information Technology,6,1.0,0,-0.0476,0.0,0,1.0,1.0,1.0,1.0,1.0,0,0,1.0,0,0,1.0,0,1.0
SD Guthrie,Consumer Staples,121,1.0,0.5347,0.7319,1.0,0.5588,0.9884,0.7037,0.6387,0.5714,0.9586,1.0,1.0,1.0,0.7143,0.3882,1.0,0,1.0
SDIC Services,Utilities,1,0,0,-1.0,0,0,0,0,0,0,0,0,0,0,0,0,0,0,0
Seagate Technology,Information Technology,3385,0,0,0,0,0,0,0,0,0,0,0,0,0,0,0,0,0,0
"SEA, Ltd.",Consumer Discretionary,82,1.0,0.4645,0.6807,0.8687,0.9018,1.0,0.9645,0.693,0.4004,0.9634,0.9091,1.0,1.0,0.7895,1.0,1.0,1.0,0.9474
Secom,Industrials,1,0,0,1.0,1.0,0,1.0,1.0,1.0,1.0,1.0,1.0,1.0,1.0,0,1.0,1.0,0,-1.0
SEGRO,Real Estate,33,1.0,0.8776,0.7857,0.6205,0.75,0.96,0.8,0.75,1.0,1.0,0.875,0.8333,1.0,0.6667,1.0,1.0,1.0,1.0
Seibu Holdings,Industrials,1,0,0,0,0,0,0,0,0,0,0,0,0,0,0,0,0,0,0
Sekisui Chemical,Industrials,97,1.0,0.5,0.0536,1.0,0.4615,0.9245,0.7407,0.5362,0.4872,0.7481,0.8125,1.0,0.8182,1.0,0.7967,0.9238,1.0,0.8333
Sekisui House,Consumer Discretionary,54,1.0,0.6,0.8462,0.9615,0.75,1.0,0.9,0.8462,0.4,0.9643,1.0,1.0,0.9704,0.8571,1.0,1.0,0,1.0
SembCorp,Utilities,768,0.9883,0.33,0.6147,0.9262,0.7709,0.9753,0.6405,0.701,0.7143,0.9446,0.7628,0.9883,0.9958,0.9483,0.9135,1.0,0.7778,0.8553
Sempra,Utilities,257,1.0,0.534,0.681,0.9472,0.8679,0.9857,0.6319,0.8333,0.7215,0.9027,0.7167,1.0,1.0,0.8512,0.8315,1.0,0.7143,0.9367
Seres Therapeutics,Consumer Discretionary,112,1.0,0.7267,0.6475,0.9848,0.6667,0.8654,0.8821,0.646,0.7812,1.0,0.8261,1.0,1.0,0.5844,0.961,1.0,1.0,1.0
ServiceNow,Information Technology,6387,0,0,0,0,0,0,0,0,0,0,0,0,0,0,0,0,0,0
Seven & I,Consumer Staples,1,0,0,0,0,0,0,0,0,0,0,0,0,0,0,0,0,0,0
SF Investment Holding,Industrials,1,0,-1.0,0,0,0,1.0,0,0,0,0,0,0,1.0,0,0,0,0,0
SGH Holdings,Industrials,1,0,1.0,-0.2727,1.0,1.0,1.0,1.0,0,-1.0,0,1.0,0,1.0,1.0,0,1.0,0,0
SG Micro,Information Technology,4,0,0,1.0,1.0,0,1.0,1.0,1.0,0,1.0,1.0,1.0,1.0,0,1.0,0,0,1.0
SGS,Industrials,3804,0,0,0,0,0,0,0,0,0,0,0,0,0,0,0,0,0,0
Shanghai Airport,Industrials,3,0,0,0,1.0,0,1.0,1.0,0,0,1.0,0,0,0,1.0,1.0,0,0,1.0
Shanghai Allist Pharmaceuticals,Health Care,1,0,0,0,0,0,0,0,0,0,0,0,0,0,0,0,0,0,1.0
Shanghai Electric,Industrials,60,1.0,0.5714,1.0,1.0,0.6,1.0,0.6714,0.8182,0.8095,0.8333,0.0,1.0,1.0,1.0,0.8365,0.8462,0,0.8182
Shanghai Pharmaceuticals Holding,Health Care,1,0,0,0,0,0,1.0,1.0,0,0,0,0,0,0,1.0,0,1.0,0,0
Shanghai Zhangjiang Group,Real Estate,3,1.0,0,0,1.0,1.0,1.0,1.0,0.0,1.0,1.0,1.0,1.0,0,1.0,0,1.0,0,0
Shell,Energy,15717,0,0,0,0,0,0,0,0,0,0,0,0,0,0,0,0,0,0
Shenergy Group,Utilities,2,1.0,1.0,0,1.0,0,1.0,1.0,1.0,0,1.0,0,0,0,0,1.0,1.0,0,1.0
Shennan Circuits,Information Technology,2,0,0,0.0,1.0,1.0,1.0,1.0,0,1.0,1.0,1.0,1.0,0,0,1.0,1.0,0,1.0
Shenwan Hongyuan,Financials,121,1.0,0.875,0.5807,0.9231,0.75,1.0,0.7391,0.4375,0.8462,0.8996,0.8,0.9643,1.0,0.9048,1.0,1.0,0,0.8836
Shenzhen New Industries Biomedical Engineering,Health Care,8,1.0,0.55,0.1429,1.0,1.0,0.9428,1.0,0.4667,1.0,1.0,1.0,1.0,1.0,0.8182,1.0,0,0,-1.0
Shenzhou International Group Holdings,Consumer Discretionary,1,0,0,0,0,0,0,0,0,0,1.0,0,0,1.0,0,0,0,0,0
Sherwin,Materials,19,0,-1.0,0.5,1.0,0,1.0,1.0,0.0,1.0,1.0,1.0,1.0,1.0,1.0,0.3333,1.0,0,0.0
Shimadzu,Information Technology,120,1.0,0.4222,0.5882,0.9592,0.7333,0.945,0.3789,0.8627,0.9487,0.7827,0.5455,1.0,1.0,0.5714,0.8333,1.0,-1.0,1.0
Shimano,Consumer Discretionary,411,1.0,0.2292,0.3673,0.9778,0.6726,0.9743,0.5401,0.8683,0.6276,0.91,0.7143,0.9657,1.0,0.7297,0.7607,1.0,1.0,0.9646
Shin-Etsu Chemical,Materials,71,0.8367,-0.3333,0.8889,1.0,1.0,1.0,0.6482,0.6111,1.0,0.9103,0.697,1.0,1.0,0.1111,0.3333,1.0,0,0.8571
Shinhan Financial Group,Financials,238,1.0,0.3912,0.3937,0.9953,0.6,0.9812,0.8187,0.7485,0.654,0.6799,0.7143,0.9024,1.0,0.7302,0.8712,1.0,1.0,0.9394
Shionogi & Co.,Health Care,64,1.0,0.6639,0.4079,0.9487,0.7968,1.0,0.8889,0.8384,1.0,0.9792,0.8333,1.0,0.948,1.0,1.0,0.9,1.0,1.0
Shiseido,Consumer Staples,1072,0.9817,0.2991,0.5741,0.9469,0.8336,0.9812,0.7589,0.6278,0.7521,0.9004,0.8566,0.9642,1.0,0.7602,0.9187,0.9847,0.9259,0.9193
Shopify,Information Technology,60,0.8571,0.625,0.8,0.8824,0.8571,0.932,0.828,0.2308,0.7143,0.9728,1.0,0.9765,1.0,1.0,1.0,1.0,1.0,0.5556
Shoprite Group,Consumer Staples,263,1.0,0.2381,0.4615,0.8476,0.8462,0.9425,0.8935,0.0055,0.8265,0.9363,1.0,0.9744,0.9928,0.8824,0.8889,1.0,1.0,0.8571
Shree Cement,Materials,244,1.0,0.3131,0.6383,0.9794,0.9545,1.0,0.8402,0.9487,0.6087,0.9351,0.9048,0.974,1.0,0.7183,0.9333,1.0,1.0,1.0
Shriram Transport Finance,Financials,813,1.0,-0.0017,0.3798,0.9925,1.0,0.9942,0.8786,0.8178,0.5468,0.9868,0.8696,0.9956,1.0,0.8938,0.9552,1.0,1.0,0.9271
Siam Cement,Materials,64,1.0,0.0,0.625,0.9677,1.0,1.0,0.1778,0.7857,0.4243,0.788,0.1667,1.0,1.0,0.8,1.0,1.0,-1.0,1.0
Sibanye Stillwater ,Materials,197,1.0,0.7773,0.1552,1.0,0.95,0.9818,0.7976,0.8333,0.6638,1.0,0.7011,1.0,0.9556,1.0,0.718,0.9048,1.0,1.0
Sichuan Road & Bridge (Group),Industrials,1,0,0,0,0,0,1.0,0,0,0,1.0,0,0,1.0,0,0,0,0,0
Siemens,Industrials,12530,0.9615,0.3255,0.469,0.9041,0.8859,0.9899,0.4817,0.5448,0.8108,0.9184,0.564,0.9753,0.9944,0.7857,0.9828,1.0,1.0,0.9412
Sigma Foods,Consumer Staples,4,0,-1.0,0,1.0,1.0,1.0,1.0,0,1.0,1.0,0,1.0,1.0,0,0,0,0,0
Sigma Healthcare,Health Care,46,1.0,0.5,0.8889,0.875,-0.0476,0.972,0.7143,0.3506,0.6071,1.0,1.0,1.0,1.0,1.0,1.0,1.0,1.0,0.1429
Sika,Materials,576,1.0,0.3164,0.5747,0.9033,0.8814,0.9621,0.8974,0.7085,0.6511,0.9569,0.8171,0.9609,0.9947,0.8373,0.8845,1.0,0.6,0.8846
Simon Property Group,Real Estate,888,1.0,0.2057,0.4614,0.9709,0.7806,0.9409,0.8373,0.5937,0.634,0.9528,0.8212,0.9286,0.9905,0.8992,0.8254,0.9804,0.7391,0.9053
Singapore Airlines,Industrials,3106,0,0,0,0,0,0,0,0,0,0,0,0,0,0,0,0,0,0
Singapore Exchange,Financials,524,1.0,0.3745,0.5606,0.8493,0.8615,0.9847,0.3528,0.8848,0.6564,0.9035,0.5798,0.9775,0.9887,0.7123,0.9542,1.0,0.5,0.8602
Sino Biopharmaceutical,Health Care,3,0,1.0,-1.0,1.0,0,1.0,1.0,0.5,0,1.0,1.0,0,1.0,0,0,1.0,0,1.0
Sino Land,Real Estate,43,1.0,0.3333,1.0,1.0,1.0,1.0,0.7778,0.8,0.5,0.2346,-0.6667,1.0,1.0,-0.3333,1.0,1.0,0,1.0
Sinolink Securities,Financials,77,1.0,0.5385,0.4412,0.8182,1.0,1.0,0.8,0.1667,0.873,0.9394,0.8,1.0,1.0,1.0,1.0,1.0,0,0.7778
SinoPac,Financials,122,1.0,0.1429,0.7308,0.9874,1.0,0.99,0.6738,0.7329,1.0,0.8972,0.8333,0.9378,1.0,0.8346,0.9,1.0,0,1.0
Sinopharm Group,Health Care,11,0,0,1.0,1.0,0,1.0,1.0,0.3333,0,1.0,1.0,1.0,1.0,0,1.0,1.0,0,0
SITC International Holdings,Industrials,11,0,1.0,0.6,1.0,1.0,1.0,1.0,0.7576,1.0,1.0,0.0,1.0,1.0,1.0,1.0,1.0,0,1.0
SK,Industrials,4,0,1.0,1.0,1.0,1.0,1.0,1.0,1.0,1.0,1.0,0,0,1.0,0,1.0,1.0,0,0
Skanska,Industrials,1292,1.0,0.4432,0.5784,0.9267,0.8983,0.9843,0.7325,0.628,0.8036,0.9585,0.783,0.9818,0.997,0.9036,0.8632,0.9901,0.6977,0.8871
SKF,Industrials,1108,0.9867,-0.0061,0.5896,0.8648,0.8639,0.9937,0.6758,0.7589,0.7463,0.9274,0.7808,0.9785,0.9882,0.8675,0.959,1.0,0.7143,0.9186
SLB,Energy,8890,0,0,0,0,0,0,0,0,0,0,0,0,0,0,0,0,0,0
SMC Corporation,Industrials,699,1.0,0.1979,0.4674,0.9455,0.8391,0.9927,0.8187,0.7559,0.758,0.9406,0.892,0.9465,0.9918,0.9496,0.923,1.0,0.6667,0.7805
SM Investments,Industrials,146,1.0,0.1783,0.1304,0.8328,0.75,0.9708,0.5317,0.8871,0.8889,0.75,0.6923,0.9655,1.0,0.3846,0.8667,1.0,0.0,1.0
Smiths Group,Industrials,128,1.0,0.1304,0.6222,0.8653,0.9091,0.974,0.8701,0.5252,0.7921,1.0,0.7037,1.0,1.0,0.9412,1.0,1.0,0.5,1.0
Smoore,Consumer Staples,24,1.0,0.0,0.3333,1.0,0.4285,1.0,1.0,1.0,1.0,1.0,0,1.0,1.0,1.0,1.0,0,0,1.0
SM Prime Holdings,Real Estate,148,1.0,0.0476,0.3905,0.8522,1.0,0.9937,0.7317,0.7745,0.6667,0.9098,0.6571,0.9677,1.0,0.8947,0.8261,0.8889,1.0,1.0
Smurfit Westrock,Materials,143,1.0,0.1548,0.1239,0.9079,0.7,0.9872,0.9303,0.5571,0.7857,0.9806,0.9229,1.0,0.931,0.9,0.7857,1.0,1.0,1.0
Snam,Utilities,33,1.0,0.6667,-0.2,0.75,1.0,1.0,0.5089,0.9048,1.0,0.9143,1.0,1.0,1.0,1.0,1.0,1.0,0,1.0
Snap,Communication Services,1433,0.9788,0.344,0.5104,0.9003,0.81,0.9626,0.8956,0.5394,0.6198,0.9863,0.9657,0.9812,0.98,0.8422,0.9341,0.9909,0.8396,0.7263
Snowflake,Information Technology,1182,0.9913,-0.088,0.5116,0.915,0.8535,0.9758,0.9333,0.7475,0.6829,0.9923,0.933,0.9811,0.9739,0.8653,0.9668,1.0,0.863,0.817
Sobi,Health Care,153,1.0,0.7372,0.6284,0.8634,0.7658,0.9128,0.9573,0.4578,0.8485,0.9956,0.9664,0.9891,1.0,0.9356,0.9846,1.0,0.8,0.828
SOCIETE GENERALE ASSURANCES,Financials,15,1.0,0.0,0.8286,0.6,1.0,1.0,0.1667,0.6,0,0.7143,0.8,1.0,1.0,1.0,1.0,1.0,0,1.0
Sodexo,Consumer Discretionary,7191,0,0,0,0,0,0,0,0,0,0,0,0,0,0,0,0,0,0
Sofina,Financials,17,1.0,1.0,0.0,1.0,0,1.0,1.0,1.0,1.0,1.0,1.0,1.0,1.0,0,1.0,1.0,0,1.0
SoFi Stadium,Financials,27,1.0,0.4,0.1429,0.9,0.7193,0.9583,0.7143,0.4963,0.8,1.0,0.75,0.7778,1.0,1.0,1.0,1.0,0,0.3333
SoftBank,Communication Services,302,1.0,0.5365,0.3574,0.9489,0.85,1.0,0.7657,0.4978,0.6832,0.8011,0.8116,0.9798,0.973,0.8873,0.9722,1.0,1.0,0.8494
S-Oil,Energy,14,1.0,0,0.3333,1.0,1.0,1.0,0.5714,1.0,1.0,0.2,0.6667,1.0,1.0,1.0,1.0,1.0,0,1.0
Solar Industries India,Materials,90,1.0,0.3846,0.7778,1.0,1.0,0.9845,0.7701,0.8333,0.8333,0.871,1.0,0.9714,1.0,0.2,1.0,1.0,0,1.0
Solventum,Health Care,292,1.0,0.493,0.3904,0.8492,0.9194,0.9639,0.8075,0.6333,0.166,0.9764,0.8357,0.9383,1.0,0.7619,0.93,0.7629,0.9333,0.953
Sompo Holdings,Financials,147,1.0,0.4545,0.5535,0.8992,0.6475,0.9775,0.7652,0.6898,0.6048,0.7987,0.7857,0.8649,1.0,0.8396,0.9778,0.8667,1.0,0.9048
Sonic Healthcare,Health Care,344,0.9583,0.4089,0.4116,0.9192,0.6135,0.9457,0.6734,0.4103,0.7218,0.9861,0.835,0.9431,0.9746,0.9255,0.8631,0.8947,0.75,0.7628
Sonova,Health Care,589,1.0,0.4404,0.6297,0.8934,0.7927,0.9691,0.7536,0.6084,0.5955,0.9522,0.8495,0.9947,0.9895,0.8219,0.9406,0.9655,0.8022,0.8183
Sony,Consumer Discretionary,690,1.0,0.1078,0.6096,0.8061,0.7843,0.9979,0.6799,0.4628,0.6613,0.9599,0.8478,1.0,1.0,0.8214,0.9605,1.0,1.0,0.8854
Soochow Securities,Financials,44,1.0,1.0,0.6104,1.0,1.0,1.0,1.0,0.8,1.0,1.0,0.6667,1.0,1.0,1.0,1.0,1.0,0,1.0
South32,Materials,316,0.9649,0.583,0.5657,0.7928,0.7262,0.9914,0.8892,0.2851,0.821,0.931,0.9476,0.9795,0.9744,0.9474,0.9462,1.0,1.0,0.9143
Southern Company,Utilities,1281,0.989,0.4297,0.5988,0.9686,0.8555,0.9818,0.7005,0.7098,0.6929,0.8718,0.7423,0.9467,0.9946,0.9358,0.9036,0.9884,0.8919,0.886
Southern Copper,Materials,7,0,1.0,0,1.0,0,1.0,1.0,1.0,0,1.0,1.0,0,1.0,1.0,1.0,1.0,0,1.0
S&P Global,Financials,9403,0,0,0,0,0,0,0,0,0,0,0,0,0,0,0,0,0,0
Spring Airlines,Industrials,21,0,0.0,1.0,1.0,1.0,1.0,1.0,1.0,1.0,1.0,0,1.0,1.0,0,1.0,1.0,0,1.0
SRF,Materials,387,1.0,0.1389,0.6088,0.9648,1.0,0.9909,0.7777,0.8546,0.9412,0.9094,0.8947,0.979,0.9197,0.8723,0.9,0.9583,1.0,0.8983
SS&C Technologies,Industrials,438,1.0,0.1245,0.5767,0.8938,0.777,0.941,0.7926,0.2926,0.4621,0.9716,0.8854,0.9386,1.0,0.6981,0.9309,1.0,0.4,0.8464
SSE,Utilities,1564,0.9751,0.2583,0.5973,0.9461,0.6398,0.9733,0.6838,0.3284,0.6694,0.9545,0.8062,0.9693,0.9875,0.9003,0.8941,0.9454,0.8636,0.852
Standard Bank Group,Financials,2350,0,0,0,0,0,0,0,0,0,0,0,0,0,0,0,0,0,0
Standard Chartered Bank,Financials,12163,0,0,0,0,0,0,0,0,0,0,0,0,0,0,0,0,0,0
Stantec,Industrials,3959,0,0,0,0,0,0,0,0,0,0,0,0,0,0,0,0,0,0
Starbucks,Consumer Discretionary,39604,0,0,0,0,0,0,0,0,0,0,0,0,0,0,0,0,0,0
State Bank of India,Financials,77,1.0,0.2727,0.3846,0.9286,1.0,0.9273,0.7938,0.8889,0.8,0.8947,0.2,0.9592,1.0,1.0,1.0,1.0,1.0,1.0
State Street,Financials,11699,0,0,0,0,0,0,0,0,0,0,0,0,0,0,0,0,0,0
Steel Dynamics,Materials,245,1.0,0.6683,0.518,0.8975,0.881,0.97,0.9512,0.8785,0.7083,0.9897,0.8987,0.9825,1.0,0.9592,0.9512,1.0,1.0,1.0
Stellantis,Consumer Discretionary,3186,0,0,0,0,0,0,0,0,0,0,0,0,0,0,0,0,0,0
STERIS,Health Care,1173,1.0,0.3689,0.4661,0.928,0.722,0.9688,0.8321,0.6347,0.709,0.9402,0.8509,0.9508,0.9986,0.9524,0.8451,0.9467,0.8,0.896
STMicroelectronics,Information Technology,3067,0,0,0,0,0,0,0,0,0,0,0,0,0,0,0,0,0,0
Stockland,Real Estate,290,1.0,0.233,0.6938,0.9362,0.7318,0.979,0.5422,0.4619,0.812,0.9238,0.7812,0.9692,0.9931,0.7955,0.9419,1.0,0.75,0.902
Stora Enso,Materials,223,0.9487,0.5282,0.3173,0.8286,0.7371,0.9932,0.3527,0.764,0.8712,0.9689,0.8036,1.0,0.9877,0.9286,0.9302,1.0,0.2,0.9474
Straumann Group,Health Care,424,1.0,0.62,0.5254,0.9703,0.7206,0.9449,0.9123,0.8125,0.4568,0.9597,0.8901,1.0,0.9896,0.9108,0.8999,0.8746,0.8571,0.9363
Stryker,Health Care,8163,0,0,0,0,0,0,0,0,0,0,0,0,0,0,0,0,0,0
Subaru Corporation,Consumer Discretionary,42,1.0,0.6667,0.8333,1.0,0.7714,1.0,0.8333,0.6071,0.8333,1.0,1.0,1.0,1.0,1.0,1.0,1.0,0,0.0
Sumitomo Electric Group,Consumer Discretionary,141,0.9238,0.3126,0.6336,1.0,0.9091,0.9794,0.7176,0.8299,0.8,0.7466,0.6364,0.981,1.0,1.0,0.7391,1.0,1.0,1.0
Sumitomo Mitsui Financial Group,Industrials,1140,0.9792,0.5182,0.5167,0.9377,0.8404,0.9927,0.4323,0.881,0.666,0.7104,0.1523,0.9271,0.9843,0.8306,0.8999,0.9862,0.6,0.8698
Sumitomo Realty & Development,Real Estate,1,0,0,0,0,0,0,0,0,0,0,0,0,0,0,0,0,0,0
Sun Communities,Real Estate,402,1.0,0.2539,0.5914,0.9192,0.9019,0.9661,0.8676,0.7186,0.6592,0.9893,0.9425,0.9725,1.0,0.9649,0.8356,1.0,0.8824,0.9584
Suncor Energy,Energy,2415,0,0,0,0,0,0,0,0,0,0,0,0,0,0,0,0,0,0
Suncorp Group,Financials,1773,0.9962,0.2714,0.7249,0.8935,0.7429,0.9662,0.717,0.1103,0.5818,0.9279,0.8774,0.9679,0.9862,0.8631,0.958,0.9687,0.8042,0.8672
Sundaram Finance,Financials,211,1.0,-0.2808,0.6218,0.9629,0.9048,0.9943,0.8406,0.8889,0.6154,0.6399,0.625,0.9571,0.9712,0.8857,0.7379,0.95,0.6,1.0
Sun Hung Kai Properties,Real Estate,328,1.0,0.4286,0.6154,1.0,1.0,1.0,0.5143,0.7407,1.0,0.2636,0.3524,1.0,1.0,0.931,0.9375,1.0,1.0,1.0
Sun Life,Financials,5134,0,0,0,0,0,0,0,0,0,0,0,0,0,0,0,0,0,0
Sunny Optical Technology (Group),Information Technology,16,1.0,-0.3333,1.0,0.9259,1.0,1.0,0,0.3333,1.0,0.7143,1.0,1.0,1.0,0,1.0,1.0,0,1.0
"Sun Pharmaceutical Industries, Inc.",Health Care,1389,1.0,0.2734,0.5544,0.9621,0.8176,0.9876,0.8791,0.707,0.8009,0.9756,0.876,0.9746,0.9813,0.8937,0.9676,1.0,0.6,0.9582
Suntory PepsiCo Vietnam Beverage,Consumer Staples,67,1.0,0.775,0.7667,1.0,1.0,1.0,0.7976,0.9737,1.0,1.0,0.8571,1.0,1.0,0.8961,1.0,1.0,0,0.8182
Sunway Group,Industrials,637,1.0,0.2846,0.6709,0.9116,0.8254,0.9876,0.6787,0.6604,0.794,0.95,0.7711,0.9131,1.0,0.9225,0.7953,0.9898,0.3333,0.9033
Sunwoda Electronic,Industrials,26,1.0,-0.6667,0.7778,1.0,1.0,1.0,1.0,1.0,1.0,1.0,1.0,0.9,1.0,1.0,1.0,1.0,0,1.0
Supcon,Information Technology,7,0,1.0,0,1.0,1.0,1.0,1.0,1.0,-1.0,1.0,1.0,1.0,1.0,1.0,1.0,1.0,0,1.0
"Super Micro Computer, Inc. (Supermicro)",Information Technology,1098,0.9973,0.221,0.3781,0.9586,0.7398,0.9684,0.8284,0.7769,0.6131,0.9315,0.8366,0.9506,0.9942,0.952,0.8707,0.9706,0.92,0.8854
Supreme Industries,Materials,13,0,-0.2,0.3333,1.0,0,1.0,0.5,0.5,1.0,0.5,0.0,1.0,1.0,1.0,1.0,1.0,0,1.0
Suzano,Materials,63,1.0,0.4667,-0.1429,1.0,0.8,1.0,0.9048,0.6296,0.7143,0.9796,1.0,0.7,1.0,1.0,1.0,1.0,1.0,0.8947
Suzlon Group,Industrials,653,0.9762,0.2177,0.4144,0.9712,0.95,0.9934,0.8473,0.7645,0.8611,0.9619,0.7878,0.9762,0.9941,0.9504,0.9637,0.9859,0.6,0.8665
Suzuki Motor,Consumer Discretionary,363,1.0,0.4643,0.3896,0.9459,0.8462,0.9965,0.8117,0.9202,0.7745,0.9109,0.8077,0.99,1.0,0.8519,0.8925,1.0,1.0,0.8403
Svenska Cellulosa Aktiebolaget (SCA),Materials,1,0,0,0,0,0,1.0,0,0,0,0,0,0,0,0,0,0,0,0
Svenska Handelsbanken,Financials,572,0.9903,0.4637,0.6124,0.7793,0.8433,0.9945,0.2713,0.7393,0.5571,0.8036,0.2448,0.9615,1.0,0.9305,0.9303,0.7266,1.0,0.8062
Swatch Group,Consumer Discretionary,30,1.0,0.6444,0.775,1.0,-0.1688,0.8,0.7511,0.8961,1.0,1.0,0.8333,1.0,1.0,1.0,1.0,1.0,0.5,1.0
Swedbank,Financials,686,0.9881,0.5769,0.4265,0.9442,0.9681,0.9946,0.2139,0.7198,0.4659,0.9039,0.4659,0.9861,1.0,0.92,0.9581,1.0,0.8,0.8266
Swiggy,Consumer Discretionary,3456,0,0,0,0,0,0,0,0,0,0,0,0,0,0,0,0,0,0
Swire Pacific,Industrials,63,1.0,0.6875,0.6667,0.9577,1.0,1.0,0.6818,0.8,0.8333,0.8095,0.1429,1.0,1.0,1.0,0.8182,1.0,1.0,1.0
Swisscom,Communication Services,405,1.0,0.3222,0.5087,0.8292,0.8248,0.9977,0.4138,0.4611,0.7843,0.9346,0.7306,0.9667,1.0,0.9055,1.0,0.9692,1.0,0.7521
Swiss Life,Financials,73,1.0,-0.1111,0.6786,0.8804,0.6923,1.0,0.4706,0.3158,0.0,0.9206,0.5789,1.0,1.0,1.0,1.0,1.0,1.0,0.875
Swiss Prime Site,Real Estate,2,0,0,0,1.0,0,1.0,0,0.0,0,1.0,1.0,1.0,0,0,0,0,0,0
Swiss Re,Financials,2580,0,0,0,0,0,0,0,0,0,0,0,0,0,0,0,0,0,0
Syensqo,Materials,130,1.0,0.0875,0.675,0.9221,1.0,0.9958,0.7852,0.6439,0.5901,0.9489,0.6303,0.9704,0.9762,0.5238,0.9893,1.0,1.0,0.7143
Symrise,Materials,569,1.0,0.3092,0.5884,0.901,0.8549,0.9723,0.6702,0.5615,0.5638,0.9122,0.6477,0.9201,0.9822,0.8571,0.893,1.0,0.6,0.8271
Synchrony,Financials,2841,0,0,0,0,0,0,0,0,0,0,0,0,0,0,0,0,0,0
Synopsys,Information Technology,5023,0,0,0,0,0,0,0,0,0,0,0,0,0,0,0,0,0,0
Sysco,Consumer Staples,4822,0,0,0,0,0,0,0,0,0,0,0,0,0,0,0,0,0,0
Sysmex,Health Care,215,1.0,0.1092,0.5302,0.8055,0.7852,0.973,0.7044,0.7302,0.697,0.9651,0.9333,1.0,1.0,0.875,1.0,1.0,1.0,1.0
Taisei,Industrials,67,1.0,0.6,0.4815,0.8636,1.0,1.0,0.8947,1.0,0.0,1.0,1.0,0.9333,1.0,1.0,0.8819,1.0,1.0,1.0
Taiwan Business Bank,Financials,25,0.3333,0.25,0.5,1.0,1.0,1.0,1.0,1.0,1.0,0.7273,-1.0,1.0,1.0,0.6667,1.0,1.0,0,1.0
Taiwan Cooperative Bank,Financials,18,1.0,0.0,1.0,1.0,1.0,1.0,1.0,0.7778,1.0,0.9064,0.0,1.0,1.0,0.0,1.0,1.0,0,1.0
Taiwan High Speed Rail,Industrials,8,1.0,-1.0,-1.0,1.0,1.0,1.0,0.5,0.619,0,1.0,0.5,1.0,1.0,0,1.0,0,0,1.0
Taiwan Mobile,Communication Services,57,1.0,0.2778,1.0,1.0,0.6,1.0,0.8818,0.6667,1.0,0.6452,0.7778,1.0,1.0,1.0,1.0,1.0,1.0,0.7778
Takeda Pharmaceuticals,Health Care,4177,0,0,0,0,0,0,0,0,0,0,0,0,0,0,0,0,0,0
Talanx,Financials,10,1.0,1.0,0.0,1.0,0.8222,1.0,1.0,0.0,0.5,1.0,1.0,1.0,1.0,1.0,1.0,1.0,1.0,0.3333
TAL Education Group,Consumer Discretionary,112,1.0,0.48,0.6629,0.8889,0.7647,1.0,0.7871,0.4943,0.3927,1.0,1.0,1.0,1.0,1.0,1.0,1.0,1.0,0.7857
Tapestry,Consumer Discretionary,562,0.9436,0.3462,0.7038,0.8791,0.9647,0.9803,0.8213,0.2731,0.7353,0.958,0.9216,0.9372,0.989,0.7164,0.9441,0.9615,0.9,0.9159
Targa,Energy,211,1.0,0.6027,0.502,0.9205,0.908,0.9771,0.7688,0.758,0.7097,0.9647,0.7222,1.0,1.0,1.0,0.9394,1.0,1.0,0.9667
Target,Consumer Staples,48569,0,0,0,0,0,0,0,0,0,0,0,0,0,0,0,0,0,0
Tata Communications,Communication Services,3974,0,0,0,0,0,0,0,0,0,0,0,0,0,0,0,0,0,0
Tata Consultancy Services,Information Technology,12050,0,0,0,0,0,0,0,0,0,0,0,0,0,0,0,0,0,0
Tata Consumer Products,Consumer Staples,407,0.9238,0.2344,0.6834,0.9348,0.8906,0.9878,0.7913,0.7355,0.8607,0.907,0.7826,0.9683,0.9969,0.7351,0.9627,0.9459,0.5,0.9118
Tata Motors,Industrials,4851,0,0,0,0,0,0,0,0,0,0,0,0,0,0,0,0,0,0
Tata Power,Utilities,979,1.0,0.2666,0.5734,0.9549,0.9818,0.9972,0.4656,0.9267,0.866,0.8592,0.3782,0.9311,0.9892,0.8886,0.9605,0.9855,0.6,0.9602
Tata Steel,Materials,3324,0,0,0,0,0,0,0,0,0,0,0,0,0,0,0,0,0,0
Tbea Energy,Industrials,86,1.0,0.5909,0.0526,0.9737,1.0,1.0,0.9568,0.9238,0.8182,1.0,1.0,1.0,0.9545,1.0,1.0,1.0,-1.0,1.0
TCC,Materials,65,1.0,0.4286,0.5619,0.875,1.0,0.8956,0.5882,0.2917,0.8095,1.0,1.0,1.0,1.0,0.3333,1.0,1.0,0.0,0.4286
TC Energy,Energy,1500,0.9802,0.4044,0.6195,0.9624,0.9187,0.9827,0.6781,0.728,0.7739,0.9386,0.7741,0.9646,0.9801,0.8547,0.9073,0.9975,0.8049,0.8061
TCL Communication Technology Holdings,Information Technology,8,0,0,1.0,1.0,0,1.0,1.0,-0.3333,1.0,1.0,1.0,1.0,1.0,1.0,1.0,1.0,0,1.0
T&D Holdings,Financials,1,0,0,0,0,0,0,0,0,0,0,0,0,0,0,0,0,0,0
TDK Corporation,Information Technology,310,1.0,0.2616,0.5179,0.9075,0.7391,0.9934,0.6576,0.7493,0.7768,0.9014,0.6667,0.8951,1.0,0.8681,0.9254,1.0,0.0,0.8714
Tech Mahindra,Information Technology,9830,0,0,0,0,0,0,0,0,0,0,0,0,0,0,0,0,0,0
Techtronic Industries,Industrials,867,0.9588,0.1022,0.0455,0.9634,0.8927,0.9762,0.9269,0.7446,0.5137,0.9633,0.9486,0.9632,0.9937,0.9112,0.8726,1.0,1.0,0.8698
Teck Resources Limited,Materials,1094,1.0,0.4257,0.6896,0.9078,0.9147,0.9795,0.7293,0.7248,0.742,0.938,0.7932,0.9586,0.9981,0.7642,0.9189,0.9785,0.931,0.9501
TECO Electric,Industrials,32,1.0,1.0,1.0,1.0,0.3333,1.0,0.5055,0.875,1.0,0.8961,1.0,1.0,1.0,1.0,1.0,1.0,0,1.0
TE Connectivity,Information Technology,3460,0,0,0,0,0,0,0,0,0,0,0,0,0,0,0,0,0,0
Tele2,Communication Services,300,1.0,0.2968,0.3369,0.9215,0.9615,0.9767,0.7472,0.3859,0.8889,0.9621,0.8667,0.9846,0.9852,0.8502,0.9461,0.9623,1.0,0.8992
Telecom Italia,Communication Services,108,1.0,0.3308,0.6154,1.0,0.7143,1.0,0.6071,0.7429,1.0,0.9615,0.7895,1.0,1.0,1.0,1.0,1.0,1.0,0.7579
Teledyne Technologies,Information Technology,1132,0.9944,0.2149,0.5023,0.954,0.6777,0.9707,0.7628,0.5359,0.6319,0.9349,0.7711,0.9463,0.9865,0.9497,0.8815,0.9957,0.8235,0.8299
Telefonica Tech,Communication Services,136,1.0,0.2488,0.8153,0.8963,0.7563,0.991,0.8393,0.323,0.4571,1.0,0.9661,0.9211,0.9906,1.0,0.8571,1.0,1.0,1.0
Telekom Malaysia,Communication Services,1499,1.0,0.1138,0.6291,0.8854,0.9356,0.9925,0.6945,0.3083,0.6968,0.9458,0.8888,0.9644,0.9947,0.7597,0.9673,0.9828,0.6364,0.917
Telenor,Communication Services,1395,0.9896,0.3853,0.5204,0.8468,0.8404,0.9942,0.684,0.5987,0.8324,0.9567,0.8282,0.9814,1.0,0.845,0.9533,0.9962,0.8571,0.8483
Telia Company,Communication Services,350,0.9574,0.2624,0.5078,0.9044,0.8182,0.9887,0.4825,0.6391,0.6518,0.9577,0.477,1.0,0.9943,1.0,0.961,1.0,1.0,0.8636
Telkom Indonesia,Communication Services,1138,1.0,0.2306,0.6742,0.9439,0.9447,0.9923,0.6307,0.5142,0.8144,0.9526,0.7743,0.965,1.0,0.6941,0.9581,1.0,0.8462,0.8713
Telstra,Communication Services,5794,0,0,0,0,0,0,0,0,0,0,0,0,0,0,0,0,0,0
TELUS,Communication Services,8790,0,0,0,0,0,0,0,0,0,0,0,0,0,0,0,0,0,0
Tenaris,Energy,1331,1.0,0.3471,0.383,0.9197,0.8086,0.9836,0.876,0.7605,0.6372,0.9699,0.5988,0.9862,0.9929,0.936,0.9338,0.993,0.8,0.9669
Tencent,Communication Services,3302,0,0,0,0,0,0,0,0,0,0,0,0,0,0,0,0,0,0
Tencent Music Entertainment Group,Communication Services,37,1.0,0.6667,0.2,1.0,1.0,1.0,0.7778,0.7778,0.3333,1.0,0.5455,1.0,1.0,1.0,1.0,1.0,0,1.0
Teradyne,Information Technology,706,1.0,0.3451,0.6387,0.7912,0.8493,0.9867,0.7517,0.3748,0.8974,0.903,0.8494,0.946,1.0,0.8327,0.9305,0.9872,0.8947,0.753
Terna,Utilities,24,0,-1.0,1.0,1.0,0,1.0,0.7033,0.8333,0.0,0.7778,1.0,1.0,1.0,1.0,1.0,1.0,0,1.0
Terumo,Health Care,680,0.9817,0.3446,0.4616,0.9644,0.6377,0.9636,0.7718,0.6464,0.804,0.9412,0.8678,0.9819,0.9986,0.942,0.8374,0.9813,0.3846,0.9524
Tesco,Consumer Staples,37331,0,0,0,0,0,0,0,0,0,0,0,0,0,0,0,0,0,0
Tesla,Consumer Discretionary,2129,0.9914,0.2415,0.2682,0.9129,0.8723,0.9482,0.9088,0.7384,0.7334,0.9722,0.9454,0.972,0.9879,0.9185,0.9131,0.9759,0.7627,0.8085
Teva Pharmaceuticals,Health Care,2804,0,0,0,0,0,0,0,0,0,0,0,0,0,0,0,0,0,0
Texas Instruments,Information Technology,7232,0,0,0,0,0,0,0,0,0,0,0,0,0,0,0,0,0,0
Texas Pacific Land Trust,Energy,1,0,0,0,1.0,1.0,1.0,1.0,-1.0,0,1.0,1.0,1.0,1.0,0,0,0,0,0
Textron,Industrials,1139,0.9653,0.4095,0.3498,0.9107,0.6864,0.9827,0.7376,0.5568,0.7069,0.9135,0.8068,0.9442,0.9985,0.8987,0.856,0.9877,1.0,0.9107
TFI International,Industrials,94,1.0,0.4688,0.4667,0.95,0.7692,0.8571,0.9732,0.5714,0.0212,0.869,1.0,0.8667,1.0,1.0,1.0,1.0,0,1.0
Thales,Industrials,2790,0,0,0,0,0,0,0,0,0,0,0,0,0,0,0,0,0,0
The Bank of Nanjing,Financials,18,1.0,1.0,0.0,1.0,0,1.0,1.0,0.75,1.0,0.75,0.6666,1.0,1.0,1.0,1.0,1.0,0,1.0
The Boeing Company,Industrials,84,1.0,0.5556,0.375,1.0,0.8182,0.9517,0.6112,0.8571,0.7857,0.9795,0.875,1.0,1.0,1.0,0.8667,1.0,1.0,0.7333
The Car Group,Communication Services,2,0,0,1.0,0,0,0,0,0,0,1.0,0,0,0,0,0,0,0,0
The Cigna Group,Health Care,7402,0,0,0,0,0,0,0,0,0,0,0,0,0,0,0,0,0,0
The Cincinnati Insurance Company,Financials,560,1.0,0.2297,0.4765,0.903,0.7846,0.9738,0.5881,0.5577,0.7235,0.8456,0.6053,0.9543,0.9977,0.8571,0.9034,1.0,0.6364,0.693
The Clorox Company,Consumer Staples,1697,0.9924,0.4901,0.5879,0.8947,0.8372,0.9842,0.6501,0.7115,0.7622,0.9144,0.8183,0.9853,0.9983,0.7299,0.9171,0.9797,0.84,0.8807
The Hartford,Financials,4423,0,0,0,0,0,0,0,0,0,0,0,0,0,0,0,0,0,0
The Hershey Company,Consumer Staples,2095,0.9951,0.2461,0.4076,0.926,0.873,0.9675,0.8696,0.3894,0.7004,0.9361,0.8771,0.9593,0.9852,0.8087,0.9302,0.9716,0.8868,0.8696
The Home Depot,Consumer Discretionary,18318,0,0,0,0,0,0,0,0,0,0,0,0,0,0,0,0,0,0
The Indian Hotels,Consumer Discretionary,339,1.0,0.1588,0.5531,0.9781,0.9355,0.9886,0.7234,0.9024,0.6499,0.9304,0.5476,1.0,0.9887,0.8286,0.9352,0.9444,0.5,0.9825
The J.M. Smucker Co.,Consumer Staples,1248,0.9889,0.371,0.3981,0.8932,0.8116,0.9794,0.7984,0.6123,0.6578,0.9248,0.8877,0.9774,0.9767,0.9016,0.9607,0.9444,0.8361,0.8904
The Lottery Corporation,Consumer Discretionary,49,1.0,0.6364,0.6333,0.8462,0.7143,0.9739,0.5905,0.1677,0.9515,1.0,0.9068,1.0,1.0,0.4444,0.8947,1.0,1.0,0.7755
the nu company,Financials,5,1.0,1.0,-1.0,0,1.0,1.0,1.0,-1.0,0,1.0,1.0,0,1.0,0,1.0,1.0,0,1.0
Thermo Fisher Scientific,Health Care,7200,0,0,0,0,0,0,0,0,0,0,0,0,0,0,0,0,0,0
The Sainsbury Laboratory,Consumer Staples,16,1.0,0.3333,0.875,0.5714,1.0,0.9167,1.0,0.5,0.0,1.0,0.6667,1.0,1.0,0.68,1.0,1.0,1.0,1.0
"The TJX Companies, Inc.",Consumer Discretionary,6603,0,0,0,0,0,0,0,0,0,0,0,0,0,0,0,0,0,0
The Trade Desk,Communication Services,671,0.9885,0.3679,0.5074,0.8867,0.914,0.9581,0.8962,0.7245,0.4828,0.9904,0.9123,0.975,0.9705,0.7236,0.9388,0.9601,0.9759,0.7154
The Williams Companies,Energy,10,0,-0.3333,1.0,1.0,0.0,1.0,1.0,1.0,0.3333,0.6667,1.0,0,1.0,1.0,0,1.0,-1.0,0
Thomson Reuters,Industrials,15967,0,0,0,0,0,0,0,0,0,0,0,0,0,0,0,0,0,0
Tianfeng Securities,Financials,71,1.0,0.25,0.3333,0.8462,1.0,1.0,0.9679,0.3661,0.7143,1.0,1.0,1.0,1.0,1.0,1.0,1.0,0,0.7143
Tianqi Lithium,Materials,14,1.0,0.5,1.0,1.0,0.5,1.0,0.0,1.0,0,1.0,0.3333,1.0,1.0,0,1.0,1.0,-1.0,0.0
TIM,Communication Services,37,1.0,1.0,0.5,1.0,0,1.0,0.6,-0.2,1.0,1.0,1.0,1.0,1.0,1.0,1.0,1.0,0,1.0
TIS,Information Technology,1,0,0,0,0,0,0,0,0,0,0,0,0,0,0,0,0,0,0
Titan Company,Consumer Discretionary,1215,1.0,0.1313,0.567,0.928,0.9649,1.0,0.5516,0.8628,0.7391,0.908,0.7328,0.976,0.997,0.9151,0.9543,1.0,0.7333,0.9211
TMBThanachart Bank Public,Financials,55,1.0,-0.1429,0.7857,0.8667,1.0,1.0,0.5333,0.6387,0.875,0.928,1.0,1.0,1.0,1.0,1.0,1.0,0,1.0
T-Mobile,Communication Services,24171,0,0,0,0,0,0,0,0,0,0,0,0,0,0,0,0,0,0
TMX Group,Financials,316,1.0,0.4676,0.6207,0.8418,0.95,0.9966,0.7312,0.7005,0.6556,0.962,0.7723,0.9884,0.9767,0.6954,0.9442,1.0,0.6667,0.9273
Toast Inc,Financials,1757,0.983,0.3155,0.5106,0.9159,0.8555,0.9565,0.9253,0.5405,0.6813,0.9853,0.9119,0.9902,0.9768,0.8479,0.9607,0.984,0.9358,0.8042
Toho,Communication Services,3,0,0,0.0,1.0,1.0,1.0,1.0,0,0,0.3333,0,0,1.0,0,1.0,1.0,0,1.0
Tokio Marine Holdings,Financials,314,1.0,0.1947,0.7449,0.9545,0.707,0.9869,0.498,0.6332,0.75,0.7429,0.581,0.9851,1.0,0.88,0.9571,1.0,1.0,0.7196
Tokyo Electron,Information Technology,716,1.0,0.2661,0.526,0.9417,0.871,0.9825,0.6765,0.6804,0.6618,0.9208,0.8939,0.9608,1.0,0.8599,0.8319,0.9811,0.8095,0.7966
Tokyo Gas,Utilities,17,1.0,1.0,0.0,1.0,1.0,1.0,1.0,0.25,0.3333,0.0,0.25,1.0,1.0,1.0,1.0,1.0,0,1.0
Tokyo Metro,Industrials,1,1.0,0,0,0,0,0,0,0,0,1.0,0,1.0,1.0,0,0,0,0,1.0
Tokyu Corporation,Industrials,2,1.0,-1.0,-1.0,0,0,1.0,1.0,0,1.0,1.0,0,0,1.0,1.0,1.0,1.0,0,1.0
Tongcheng Travel,Consumer Discretionary,16,0,0,0.3333,1.0,0,1.0,0.5,1.0,1.0,1.0,1.0,1.0,1.0,1.0,1.0,1.0,0,1.0
Tongfu Microelectronics,Information Technology,2,0,0,0,0,0,1.0,1.0,1.0,0,1.0,0,1.0,0,0,0,0,0,0
Tongwei Group,Information Technology,3,0,0,1.0,-1.0,0,1.0,0,1.0,0,1.0,0,0,0,0,0,0,0,1.0
Toray,Materials,183,1.0,-0.0557,0.5455,0.9296,0.9355,0.9696,0.7595,0.7632,0.9,0.7593,0.8065,0.9697,1.0,0.875,0.7419,1.0,0.2,0.7905
Toromont,Industrials,245,1.0,0.47,0.5461,0.911,0.7805,0.9595,0.8876,0.5738,0.7676,0.9133,0.7873,1.0,1.0,0.8816,0.76,1.0,0.5,0.9111
Torrent Pharmaceuticals,Health Care,446,1.0,0.2031,0.5928,0.973,0.9,1.0,0.7221,0.772,0.7079,0.9082,0.7784,0.9774,1.0,0.8235,0.9662,1.0,1.0,0.9129
Torrent Power,Utilities,576,1.0,0.2609,0.454,0.9769,0.9565,0.9947,0.7318,0.8986,0.6667,0.8807,0.7255,0.9783,0.9804,0.945,0.9382,1.0,1.0,0.9815
TotalEnergies,Energy,3304,0,0,0,0,0,0,0,0,0,0,0,0,0,0,0,0,0,0
To Toronto,Financials,2,1.0,0,1.0,1.0,1.0,1.0,1.0,0,0,0,0,1.0,1.0,0,1.0,0,0,0
TOTVS,Information Technology,140,1.0,0.4355,0.7313,0.9147,1.0,1.0,0.8421,0.7013,0.203,0.9636,0.5652,1.0,1.0,0.8519,1.0,1.0,0,1.0
Tourmaline Oil,Energy,15,0,0.0,1.0,1.0,0.0,1.0,1.0,1.0,1.0,1.0,1.0,1.0,1.0,1.0,1.0,1.0,0,0
Toyota Industries Corporation,Industrials,88,1.0,0.15,0.2316,0.9444,1.0,0.975,0.7394,0.7812,0.7841,0.982,0.7143,1.0,1.0,1.0,1.0,1.0,1.0,1.0
Toyota Motor Corporation,Consumer Discretionary,2842,0,0,0,0,0,0,0,0,0,0,0,0,0,0,0,0,0,0
Toyota Tsusho,Industrials,535,0.9661,0.3378,0.4332,0.9641,0.7068,0.9789,0.6137,0.7907,0.6376,0.8559,0.5973,0.9562,1.0,0.9034,0.8414,1.0,0.6667,0.8149
Tractor Supply,Consumer Discretionary,3894,0,0,0,0,0,0,0,0,0,0,0,0,0,0,0,0,0,0
Tradeweb,Financials,370,1.0,0.3998,0.4366,0.8078,0.9725,0.9833,0.8073,0.7166,0.4231,0.8829,0.7357,0.9409,0.9942,0.7608,0.9562,1.0,0.7778,0.9267
Trane Technologies,Industrials,3310,0,0,0,0,0,0,0,0,0,0,0,0,0,0,0,0,0,0
TransDigm,Industrials,106,1.0,0.2597,0.5455,0.907,0.8182,0.9523,0.8503,0.3782,0.4218,1.0,0.9048,1.0,1.0,1.0,1.0,1.0,1.0,1.0
TRANSSION Holdings,Information Technology,328,1.0,0.439,0.3054,0.9778,0.9394,0.9907,0.8707,0.6329,0.9533,0.9635,0.9333,0.9892,1.0,0.907,0.862,1.0,1.0,1.0
TransUnion,Industrials,2970,0,0,0,0,0,0,0,0,0,0,0,0,0,0,0,0,0,0
Transurban,Industrials,348,0.9689,0.4184,0.6085,0.8639,0.5383,0.9602,0.8784,0.1282,0.6514,0.9931,0.878,0.9419,0.9288,0.7952,0.9103,1.0,0.8889,0.9231
Travelers,Financials,930,1.0,0.364,0.639,0.8732,0.9279,0.9767,0.7819,0.6036,0.8474,0.9769,0.7475,0.9968,0.9983,0.5247,0.9335,0.985,0.9524,0.9189
Trelleborg,Industrials,459,1.0,0.4077,0.5373,0.914,0.7685,0.9901,0.7478,0.5601,0.5094,0.9461,0.9072,0.9827,1.0,0.8814,0.8929,1.0,1.0,0.8551
Trend Micro Inc.,Information Technology,2387,0,0,0,0,0,0,0,0,0,0,0,0,0,0,0,0,0,0
Trent,Consumer Discretionary,2,0,0,-1.0,1.0,0,1.0,1.0,1.0,0,1.0,0,0,0,0,0,0,0,0
Trimble,Information Technology,1758,1.0,0.1803,0.5013,0.8782,0.8699,0.987,0.7763,0.414,0.6876,0.9613,0.8978,0.9621,0.9855,0.8618,0.8928,0.9827,0.7955,0.807
Trip.com Group,Consumer Discretionary,911,0.9949,0.5258,0.7056,0.9133,0.9206,0.9725,0.879,0.6822,0.6516,0.9743,0.9193,0.9741,0.992,0.8473,0.9407,1.0,0.8386,0.8943
T. Rowe Price,Financials,2229,0,0,0,0,0,0,0,0,0,0,0,0,0,0,0,0,0,0
True Corporation,Communication Services,177,1.0,0.2788,0.4077,0.9223,1.0,0.9909,0.5741,0.48,0.7333,0.949,0.7949,1.0,1.0,1.0,0.9714,1.0,1.0,0.9688
Truist,Financials,3714,0,0,0,0,0,0,0,0,0,0,0,0,0,0,0,0,0,0
Tryg,Financials,75,0.8857,0.0909,0.1686,0.9091,0.9524,1.0,0.5385,0.6385,0.7778,0.8526,0.7333,0.92,1.0,0.9167,0.875,1.0,0,0.7551
TS Holding,Financials,1,0,0,0,0,0,0,0,0,0,0,0,0,0,0,0,0,0,0
Tsingtao,Consumer Staples,5,1.0,1.0,1.0,1.0,0,1.0,1.0,1.0,0,1.0,1.0,1.0,1.0,0,1.0,1.0,0,1.0
Tsuruha,Consumer Staples,1,0,0,0,0,0,0,1.0,0,0,0,0,0,1.0,1.0,0,0,0,0
TUb,Health Care,1,0,0,0,0,0,0,0,0,0,1.0,0,0,0,0,0,0,0,0
Tube Investments of India,Consumer Discretionary,151,1.0,0.24,0.6667,0.9156,0.8947,1.0,0.85,0.7686,0.4898,0.8332,0.7143,1.0,0.9412,0.913,0.9412,1.0,0,1.0
Tuopu,Consumer Discretionary,12,1.0,1.0,1.0,1.0,0,1.0,1.0,-1.0,1.0,0.5,1.0,0.8,1.0,1.0,1.0,1.0,0,0.5
Tupras Trading,Energy,1,0,1.0,-1.0,1.0,0,1.0,0,1.0,0,1.0,1.0,0,1.0,0,0,0,0,0
TVS Motor Company,Consumer Discretionary,1197,0.9705,0.0941,0.2788,0.9515,0.9512,0.9962,0.8328,0.8336,0.7889,0.8227,0.697,0.9888,0.983,0.9286,0.9261,0.9873,1.0,0.9782
Twilio,Information Technology,2220,0,0,0,0,0,0,0,0,0,0,0,0,0,0,0,0,0,0
Tyler Technologies,Information Technology,1545,0.9866,0.2884,0.6006,0.9082,0.8528,0.9677,0.8182,0.5275,0.3208,0.947,0.7323,0.9488,0.9875,0.8661,0.8959,0.9857,0.8382,0.6971
Tyson Foods,Consumer Staples,3484,0,0,0,0,0,0,0,0,0,0,0,0,0,0,0,0,0,0
Uber Carshare,Industrials,62,1.0,0.625,0.5556,0.5333,0.5714,1.0,0.875,0.1538,0.7778,1.0,1.0,1.0,1.0,0.873,1.0,1.0,1.0,1.0
UBS Group,Financials,17375,0,0,0,0,0,0,0,0,0,0,0,0,0,0,0,0,0,0
UBTECH Robotics,Industrials,38,1.0,0.75,0.1538,0.7479,0.75,0.9474,1.0,0.2667,0.2,1.0,1.0,1.0,1.0,0.6,1.0,1.0,0,0.7143
UCB,Health Care,954,0.9887,0.7488,0.6122,0.8633,0.8097,0.9849,0.6986,0.5284,0.7112,0.9445,0.8649,0.9922,1.0,0.7639,0.9251,0.9582,0.84,0.8474
UDR,Real Estate,585,0.9939,0.2595,0.7021,0.9399,0.8225,0.979,0.8326,0.7502,0.6262,0.9712,1.0,0.9661,0.9896,0.8815,0.7692,0.9737,0.9286,0.9226
Ulta Beauty,Consumer Discretionary,78,1.0,-0.2,-0.0526,1.0,0.5,0.9857,0.7333,0.3333,-0.0119,1.0,1.0,1.0,1.0,1.0,1.0,1.0,1.0,1.0
UltraTech Cement,Materials,1502,1.0,0.5118,0.7937,0.9271,0.9947,0.9978,0.7746,0.9202,0.7564,0.9507,0.7606,0.9953,0.9834,0.7034,0.9472,1.0,0.2308,0.9684
Uni,Consumer Staples,16,0,0,1.0,1.0,0,0.5,0,-1.0,0.0,0.3333,1.0,0,1.0,0,0,0,0,-0.3333
Unibail-Rodamco-Westfield,Real Estate,372,1.0,0.2502,0.5145,0.9521,0.7398,0.9384,0.8721,0.6708,0.6623,0.9857,0.9001,0.9809,0.9768,0.9016,0.9238,0.9375,0.6,0.9516
Unicharm,Consumer Staples,221,1.0,0.2205,0.5718,0.9512,0.8,0.9891,0.7551,0.8452,0.8,0.8639,0.56,0.9524,1.0,1.0,0.9592,1.0,0.0,0.9667
UniCredit Group,Financials,1885,0.9811,0.4056,0.1294,0.9049,0.8682,0.9908,0.6403,0.6094,0.5466,0.9738,0.6509,0.9649,1.0,0.8812,0.987,1.0,0.75,0.8618
Unimicron Technology,Information Technology,48,1.0,-0.6,1.0,1.0,1.0,1.0,0.5714,0.5556,0.2,1.0,0.5,1.0,1.0,1.0,1.0,1.0,0,0.8571
Union Bank of India,Financials,659,1.0,0.2056,0.2304,0.9788,0.9556,0.9945,0.7727,0.9369,0.5502,0.9375,0.6602,0.9934,0.9968,0.9552,0.9262,1.0,0.0,0.9259
Union Pacific,Industrials,3307,0,0,0,0,0,0,0,0,0,0,0,0,0,0,0,0,0,0
United Gulf Management Ltd.,Utilities,4,1.0,-1.0,0.5,1.0,1.0,1.0,1.0,-1.0,0.0,1.0,1.0,1.0,1.0,0,1.0,0,0,1.0
UnitedHealth Group,Health Care,9921,0,0,0,0,0,0,0,0,0,0,0,0,0,0,0,0,0,0
United Imaging Healthcare (Shanghai),Health Care,64,1.0,0.1964,0.6,1.0,0.6,0.9333,0.9,0.65,0.75,1.0,1.0,1.0,1.0,0.8333,0.8933,1.0,1.0,1.0
United Microelectronics,Information Technology,455,1.0,-0.0008,0.4203,0.9786,0.7714,0.9781,0.7822,0.8444,0.8462,0.9691,0.8657,0.9767,0.9865,0.9295,0.9548,1.0,0,0.92
United Overseas Bank,Financials,4839,0,0,0,0,0,0,0,0,0,0,0,0,0,0,0,0,0,0
United Rentals,Industrials,2536,0,0,0,0,0,0,0,0,0,0,0,0,0,0,0,0,0,0
United Spirits,Consumer Staples,148,1.0,0.394,0.4048,0.9714,0.8167,0.9928,0.6839,0.775,0.6405,0.8901,0.692,0.9515,0.9608,0.9231,0.8605,1.0,0.0,0.92
United Therapeutics,Health Care,230,1.0,0.6234,0.5422,0.8137,0.8447,0.9554,0.9179,0.5496,0.6587,0.9895,0.9091,0.8743,1.0,0.7835,0.8823,1.0,1.0,0.8456
United Tractors,Energy,128,1.0,0.1429,0.7667,0.8462,1.0,1.0,0.6667,0.9,1.0,0.9832,1.0,1.0,1.0,0.75,1.0,1.0,0,1.0
United Utilities,Utilities,568,0.975,0.2862,0.7869,0.8748,0.8653,0.9872,0.809,0.3809,0.7156,0.9599,0.8798,0.9855,1.0,0.9062,0.924,0.9747,0.6364,0.9167
"Universal Health Services, Inc.",Health Care,1320,0.9954,0.67,0.6273,0.9296,0.8057,0.9528,0.8531,0.521,0.5395,0.9384,0.8476,0.9655,0.9889,0.9078,0.895,1.0,0.8364,0.948
Universal Music Group,Communication Services,1486,1.0,0.1819,0.5746,0.8627,0.775,0.9612,0.7361,0.6169,0.602,0.9631,0.6196,0.9506,0.9984,0.8615,0.8762,0.9533,0.8947,0.6817
UPL,Materials,1094,1.0,0.2521,0.704,0.9104,0.9793,0.9965,0.8885,0.8329,0.705,0.9816,0.9683,0.9925,0.9839,0.7943,0.9665,0.9873,0.5,0.9706
UPM,Materials,3,0,0,0,1.0,0,0.4285,0,-1.0,0,0,1.0,0,0,0,0,0,0,0
U.S. Bank,Financials,12784,0,0,0,0,0,0,0,0,0,0,0,0,0,0,0,0,0,0
Vale,Materials,944,1.0,0.6079,0.5947,0.9347,0.8802,0.9826,0.729,0.7571,0.6692,0.9516,0.6633,0.9606,0.9986,0.8833,0.9513,1.0,0.6,0.9198
Valero,Energy,974,1.0,0.1936,0.6499,0.9129,0.9034,0.9838,0.7754,0.7395,0.6405,0.8433,0.8735,0.9511,1.0,0.9339,0.9233,1.0,1.0,0.9574
Valterra,Materials,3,1.0,1.0,1.0,0.2638,1.0,1.0,1.0,1.0,0,0,1.0,0,1.0,1.0,1.0,0,0,0
Vanguard Group,Asset Management,6915,0,0,0,0,0,0,0,0,0,0,0,0,0,0,0,0,0,0
Varun Beverages,Consumer Staples,696,1.0,0.0175,0.5583,0.9877,0.7527,0.9884,0.8907,0.8378,0.7388,0.9611,0.8936,0.9668,0.9795,0.9664,0.951,1.0,0.6,0.9505
VAT Group,Industrials,50,1.0,0.1387,0.6582,1.0,0.8067,1.0,0.7161,0.8329,0.515,0.913,0.8182,0.8095,1.0,0.7647,0.7778,1.0,1.0,1.0
Vedanta Limited,Materials,4,0,1.0,-1.0,1.0,1.0,1.0,0.0,1.0,0,1.0,0,1.0,1.0,0,0,1.0,0,1.0
Veeva Systems,Health Care,1772,0.9885,0.2601,0.5498,0.9131,0.8405,0.9609,0.8923,0.4732,0.6823,0.9785,0.8971,0.9683,0.9907,0.8149,0.9614,0.9938,0.8631,0.8397
"Ventas, Inc.",Real Estate,67,1.0,0.1951,0.5278,0.7393,0.7579,0.9216,0.9,0.7003,0.9048,0.9459,0.6364,0.9643,1.0,0.7415,0.9333,1.0,-0.3333,1.0
Veralto,Industrials,32,1.0,0.92,0.8825,0.7242,1.0,1.0,0.8571,0.8095,0.2857,0.8469,1.0,1.0,1.0,0.75,1.0,1.0,1.0,1.0
Verbund,Utilities,14,1.0,1.0,1.0,0.75,1.0,1.0,0.6,0.4,1.0,1.0,0.2,1.0,1.0,0.6,1.0,0,0,1.0
Verisign,Information Technology,468,1.0,0.4065,0.4033,0.9071,0.9057,0.9832,0.85,0.7009,0.6953,0.9228,0.8393,0.9724,0.9504,0.8689,0.9664,0.9078,0.7143,0.8535
Verisk,Industrials,1690,0.9956,0.1584,0.5127,0.8783,0.7965,0.9889,0.7728,0.454,0.6811,0.9597,0.8129,0.9633,0.9902,0.8351,0.9337,0.9831,0.8819,0.7479
Verizon,Communication Services,37812,0,0,0,0,0,0,0,0,0,0,0,0,0,0,0,0,0,0
Vertex Pharmaceuticals,Health Care,1595,0.9897,0.6159,0.6189,0.9313,0.7858,0.9675,0.9098,0.6636,0.6684,0.98,0.9352,0.9694,0.9623,0.7248,0.9268,0.9831,0.7441,0.9101
Vertiv,Industrials,1410,0.9953,0.4105,0.5431,0.8991,0.8314,0.9657,0.7809,0.5448,0.6815,0.9515,0.8718,0.9545,0.9631,0.843,0.9359,0.9621,0.9355,0.9159
Vestas Wind Systems,Industrials,2545,0,0,0,0,0,0,0,0,0,0,0,0,0,0,0,0,0,0
Vibra Energia,Consumer Discretionary,6,0,1.0,0,1.0,0,1.0,1.0,0,1.0,1.0,0,1.0,0,0,0,0,0,0
Vicinity Centres,Real Estate,179,1.0,0.2618,0.5623,0.9391,0.597,0.9818,0.7031,0.1958,0.8393,0.9444,0.7522,1.0,1.0,0.9333,0.9804,0.92,1.0,0.8168
VICI Properties,Real Estate,2,0,0,1.0,0,0,1.0,1.0,-1.0,0,0,1.0,0,1.0,0,0,1.0,0,0
Vinci,Industrials,346,1.0,0.25,0.7808,0.9354,0.8026,0.9536,0.8188,0.5704,0.5208,0.979,0.7385,0.9887,1.0,0.8974,0.9221,0.9615,1.0,0.9231
VIPSHOP,Consumer Discretionary,15,1.0,1.0,0.6,1.0,0.3333,1.0,1.0,1.0,0,1.0,1.0,1.0,1.0,1.0,1.0,0,0,1.0
Visa Inc.,Financials,270,1.0,0.3625,0.6033,0.9392,0.7732,0.9588,0.624,0.8571,0.5676,0.9796,0.4571,0.9855,0.9766,0.7873,0.8817,0.95,0.7143,0.9534
Vishal Mega Mart,Consumer Discretionary,303,1.0,0.0078,0.4592,1.0,0.9394,0.9855,0.8577,0.2885,0.8235,0.9706,0.9512,0.963,0.9684,1.0,0.9636,1.0,0.75,1.0
Vistra,Utilities,853,1.0,0.1425,0.6763,0.944,0.7185,0.9736,0.8639,0.3662,0.325,0.9817,0.9603,0.9514,0.9863,0.9531,0.8931,1.0,0.76,0.8942
Vodacom Group,Communication Services,230,1.0,0.2826,0.5511,0.8448,0.8036,0.9655,0.8969,0.7013,0.6875,1.0,0.8125,0.9701,1.0,1.0,0.8365,1.0,1.0,0.8889
Vodafone,Communication Services,18313,0,0,0,0,0,0,0,0,0,0,0,0,0,0,0,0,0,0
Vodafone Idea,Communication Services,1904,0.9855,0.1912,0.7431,0.9579,0.9759,0.9956,0.8614,0.7273,0.7171,0.9452,0.8935,0.9596,0.9637,0.917,0.963,0.988,0.2941,0.9565
Volkswagen,Consumer Discretionary,1,0,0,0,0,0,1.0,0,0,0,0,0,0,0,0,0,0,0,0
Voltas,Industrials,489,1.0,0.1133,0.646,0.9616,0.95,0.9855,0.6978,0.8314,0.8742,0.9223,0.7835,0.9749,0.981,0.814,0.9132,0.9773,0.6,0.9344
Vonovia,Real Estate,3,0,0,0,1.0,0,1.0,0,0,1.0,1.0,1.0,0,1.0,0,1.0,0,0,1.0
Vulcan Materials Company,Materials,5,0,1.0,0,1.0,1.0,0.7576,1.0,0.0,1.0,1.0,1.0,0,1.0,1.0,0,0,0,1.0
Waaree Energies,Information Technology,171,1.0,0.29,0.4878,0.9445,0.9167,0.9792,0.9613,0.9225,0.5195,0.9574,0.7895,0.9455,1.0,0.8125,0.8348,1.0,1.0,1.0
Wabtec,Industrials,1514,1.0,0.2682,0.5098,0.9296,0.7819,0.976,0.7822,0.4733,0.6255,0.9474,0.8273,0.9374,0.9814,0.9268,0.9215,0.9957,0.7333,0.758
Walmart,Consumer Staples,2370,0,0,0,0,0,0,0,0,0,0,0,0,0,0,0,0,0,0
Walt Disney Company,Communication Services,19447,0,0,0,0,0,0,0,0,0,0,0,0,0,0,0,0,0,0
Wan Hai Lines,Industrials,63,1.0,0.5,0.4615,0.8947,1.0,1.0,0.8533,0.7333,0.3333,0.7597,-0.1429,1.0,1.0,1.0,1.0,1.0,1.0,0.75
Wanhua Chemical Group,Materials,27,1.0,0.8125,0.7679,1.0,1.0,1.0,0.9091,0.6667,0.5,1.0,1.0,1.0,1.0,0.7778,0.7511,1.0,1.0,1.0
Want Want,Consumer Staples,21,1.0,0.2857,1.0,0.873,1.0,1.0,1.0,1.0,1.0,0.5556,1.0,1.0,1.0,1.0,1.0,1.0,-1.0,1.0
Washington H. Soul Pattinson,Financials,3,0,0,0.5,0,1.0,1.0,0,0,0,1.0,0,1.0,1.0,0,1.0,1.0,0,0
Waste Connections,Industrials,823,1.0,0.3443,0.4244,0.95,0.8713,0.9626,0.8673,0.8213,0.6986,0.9742,0.94,0.9793,0.9875,0.9302,0.8581,0.9714,0.8889,0.8583
Waters,Health Care,1363,0.9573,0.276,0.5208,0.8921,0.826,0.9766,0.769,0.5965,0.6923,0.8944,0.8231,0.961,0.9746,0.7753,0.8999,0.9739,0.7174,0.9033
Watsco,Industrials,57,1.0,0.3875,0.4519,0.7486,0.3333,1.0,1.0,0.6825,0.1714,0.9192,0.9375,1.0,1.0,1.0,1.0,1.0,1.0,1.0
WEC Energy Group,Utilities,173,1.0,0.2969,0.5371,0.9738,0.9303,0.988,0.6353,0.7038,0.7887,0.9076,0.75,0.8626,1.0,0.913,0.9444,1.0,1.0,0.9259
WEG,Industrials,327,1.0,0.4026,0.537,0.897,0.8963,0.9563,0.869,0.758,0.7898,0.9435,0.7838,0.9811,1.0,0.8701,0.7963,1.0,1.0,0.9077
Weichai Power,Industrials,30,1.0,0.3333,0.75,1.0,1.0,1.0,0.8543,0.75,1.0,0.8667,1.0,1.0,0.9407,0.8182,1.0,1.0,0,0.6
Wellington Management,Asset Management,1021,0.971,0.6259,0.7025,0.807,0.8287,0.9894,0.6194,0.7866,0.4351,0.8682,0.6519,0.954,0.9947,0.3695,0.9798,0.9789,0.9512,0.8839
Wells Fargo,Financials,58315,0,0,0,0,0,0,0,0,0,0,0,0,0,0,0,0,0,0
Welltower,Real Estate,139,0.982,0.4099,0.557,0.8336,0.7936,0.9503,0.8459,0.6429,0.7646,0.9744,0.9365,0.9787,0.9883,0.7368,1.0,0.8333,0.9333,0.7931
Wesfarmers,Consumer Discretionary,190,1.0,0.5107,0.8768,0.8719,0.7546,0.9353,0.5352,0.5123,0.6444,0.9517,0.8616,1.0,0.95,0.8095,1.0,1.0,0.5556,0.8168
Western Digital,Information Technology,4949,0,0,0,0,0,0,0,0,0,0,0,0,0,0,0,0,0,0
Western International Securities,Financials,30,1.0,-0.1984,0.5135,0.7792,1.0,1.0,0.9143,0.8961,0.3333,1.0,1.0,1.0,1.0,0.1428,1.0,1.0,-1.0,1.0
Western Mining And Minerals,Materials,1,0,0,0,0,0,1.0,0,0,0,1.0,0,0,1.0,0,0,0,0,0
West Japan Railway,Industrials,2,0,0,0,1.0,0,1.0,0,0,0,1.0,0,0,1.0,1.0,1.0,0,0,0
Westpac Group,Financials,4502,0,0,0,0,0,0,0,0,0,0,0,0,0,0,0,0,0,0
West Pharmaceutical Services,Health Care,876,0.9917,0.3844,0.4702,0.9417,0.7874,0.976,0.8019,0.7441,0.6499,0.9683,0.9007,0.977,0.9733,0.7857,0.7835,0.9813,0.8634,0.8473
Weyerhaeuser,Real Estate,829,0.9948,0.4212,0.5219,0.9219,0.8775,0.9575,0.7439,0.6706,0.7737,0.9517,0.8272,0.9946,0.9868,0.9068,0.8809,0.9571,0.619,0.8793
Wharf,Real Estate,58,1.0,1.0,0.9048,0.9882,1.0,1.0,0.1978,0.9336,0.8571,0.3671,0.2727,0.9091,1.0,0.7143,0.8182,1.0,0,1.0
Wheaton Precious Metals,Materials,1,1.0,0,1.0,0,0,1.0,0,0,0,0,1.0,1.0,0,0,0,0,0,0
Whitbread,Consumer Discretionary,1381,0.9491,0.1276,0.5989,0.9332,0.6269,0.9265,0.8094,0.2625,0.7282,0.9762,0.9252,0.9785,0.9937,0.8422,0.8477,1.0,0.6111,0.8765
Whitecap Resources Inc.,Energy,3,0,0,1.0,1.0,0,1.0,-1.0,1.0,1.0,1.0,0,0,1.0,0,0,0,0,0
WH Partners,Consumer Staples,3,0,0,1.0,1.0,0,1.0,0,0,-1.0,0,0,0,1.0,-1.0,1.0,1.0,0,0
"Williams-Sonoma, Inc.",Consumer Discretionary,4409,0,0,0,0,0,0,0,0,0,0,0,0,0,0,0,0,0,0
Wilmar,Consumer Staples,463,1.0,0.3545,0.6452,0.9147,0.8542,0.975,0.7723,0.7759,0.5302,0.863,0.8302,0.95,1.0,0.9412,0.9775,1.0,0.3333,0.9396
Wingtech,Information Technology,20,1.0,0.0,0.1667,0.8,0,1.0,0.8,0.3333,0.0,1.0,1.0,1.0,1.0,1.0,1.0,0,0,1.0
Wipro,Information Technology,12590,0,0,0,0,0,0,0,0,0,0,0,0,0,0,0,0,0,0
WiseTech Global,Information Technology,571,0.9906,0.299,0.51,0.6571,0.9016,0.9943,0.8084,0.508,0.6768,0.967,0.6667,0.9683,0.9948,0.8174,0.9679,0.9818,0.8824,0.8345
Wistron,Information Technology,771,0.9891,0.191,0.5941,0.9708,0.8442,0.9969,0.786,0.6429,0.6119,0.9261,0.932,0.9834,0.9857,0.9012,0.9796,1.0,1.0,0.875
Wiwynn,Information Technology,94,1.0,0.5,0.7143,0.8519,0.8,1.0,0.8272,0.5611,0.75,1.0,0.9167,0.9444,1.0,1.0,1.0,1.0,1.0,1.0
Wix,Information Technology,2114,0.9845,0.2579,0.4116,0.9188,0.8842,0.9856,0.8837,0.5667,0.6469,0.9853,0.9212,0.9914,0.9916,0.8788,0.9632,0.9987,0.8354,0.8205
Wolong Electric,Industrials,6,0,0,-1.0,1.0,0,1.0,1.0,0.0,0,1.0,1.0,1.0,1.0,0,1.0,0,0,1.0
Wolters Kluwer,Industrials,4423,0,0,0,0,0,0,0,0,0,0,0,0,0,0,0,0,0,0
Woodside Energy,Energy,356,1.0,0.677,0.5964,0.9084,0.6751,0.9669,0.7855,0.5953,0.6572,0.9822,0.6601,0.9526,1.0,0.9041,0.8878,1.0,1.0,0.9709
Woolworths Group,Consumer Staples,9149,0,0,0,0,0,0,0,0,0,0,0,0,0,0,0,0,0,0
Woori Bank,Financials,128,1.0,-0.3,0.476,0.9487,1.0,1.0,0.7949,0.8444,0.625,0.619,-0.1667,0.9753,1.0,0.8571,0.86,1.0,0,0.8947
Workday,Information Technology,4809,0,0,0,0,0,0,0,0,0,0,0,0,0,0,0,0,0,0
World of Beer,Consumer Staples,292,1.0,-0.3415,0.8649,0.9898,0.7768,0.9716,0.3524,0.3625,0.4667,0.9837,1.0,0.9853,1.0,0.9545,0.8571,1.0,1.0,-0.0098
W. R. Berkley,Financials,365,0.9709,0.2887,0.582,0.85,0.8947,0.9651,0.8306,0.5741,0.6004,0.9852,0.7878,0.9881,0.9728,0.7667,0.8681,1.0,0.4545,0.76
WSP,Industrials,7890,0,0,0,0,0,0,0,0,0,0,0,0,0,0,0,0,0,0
WTW,Financials,8754,0,0,0,0,0,0,0,0,0,0,0,0,0,0,0,0,0,0
WuXi AppTec,Health Care,694,1.0,0.2668,0.2417,0.9625,0.7782,0.9074,0.745,0.6477,0.6311,0.964,0.9493,0.9567,0.9813,0.9394,0.8444,0.8876,0.8667,0.7619
WuXi Biologics,Health Care,250,1.0,0.2735,0.113,0.9383,0.7692,0.9799,0.8861,0.5801,0.6448,1.0,0.9623,0.975,0.9616,0.7812,1.0,0.92,0.6,0.9396
WuXi XDC,Health Care,2,0,1.0,-1.0,0,0,1.0,0,0,0,1.0,0,1.0,1.0,0,0,0,0,0
Xcel Energy,Utilities,1288,0.9887,0.4597,0.4877,0.9376,0.8145,0.9454,0.5157,0.6594,0.7013,0.9439,0.73,0.9488,0.9821,0.853,0.8867,0.9746,0.8,0.8667
Xero,Information Technology,1712,0.9921,0.2482,0.5078,0.8502,0.8626,0.9886,0.7936,0.2859,0.7442,0.9687,0.9135,0.9755,0.9808,0.8753,0.9657,0.9886,0.8909,0.7286
Xiaomi,Information Technology,1331,1.0,0.0038,0.4772,0.7968,0.8629,0.9931,0.8888,0.577,0.6157,0.9903,0.9367,0.9903,0.9772,0.9209,0.9326,0.9733,0.3333,0.8778
Xinyi Solar Holdings,Information Technology,11,0,-1.0,1.0,1.0,1.0,1.0,1.0,1.0,0,1.0,0,0.6667,1.0,0,0,0,0,1.0
XP Inc.,Financials,107,1.0,0.7759,0.2174,0.5476,1.0,0.8919,0.9592,0.5,0.3684,1.0,0.72,1.0,1.0,0.8824,0.9048,1.0,1.0,0.7778
XtalPi,Health Care,6,0,0.0,0.0,0.5,1.0,1.0,1.0,1.0,1.0,1.0,0,1.0,1.0,0,1.0,1.0,0,1.0
Xylem,Industrials,1450,0.9928,0.2032,0.5327,0.9309,0.8062,0.9819,0.768,0.5802,0.6015,0.959,0.8049,0.9734,0.9842,0.9061,0.9425,0.9815,0.9375,0.8819
Yadea Technology Group,Consumer Discretionary,5,0,0.0,1.0,1.0,1.0,1.0,1.0,0,-1.0,1.0,1.0,1.0,1.0,1.0,1.0,0,0,0
Yageo,Information Technology,26,1.0,0.3333,0.6667,1.0,0.0,0.8333,1.0,0.3651,0.5,1.0,0.4445,1.0,1.0,0.5,1.0,1.0,0,1.0
Yamaha Motor,Consumer Discretionary,679,0.9859,0.2681,0.5,0.9059,0.8347,0.974,0.7554,0.6733,0.7008,0.8937,0.8065,0.9406,1.0,0.8795,0.8388,1.0,0.7333,0.8917
Yanghe Distillery,Consumer Staples,1,0,0,0,0,0,0,0,0,0,0,0,0,0,0,0,0,0,0
Yang Ming,Industrials,98,1.0,0.5333,0.7273,1.0,1.0,1.0,0.5098,0.3714,0.7692,0.8276,0.7111,0.9177,1.0,0.75,1.0,1.0,0.3333,1.0
Yangzijiang Shipbuilding Group,Industrials,1,0,1.0,0,0,0,1.0,0,0,0,1.0,0,1.0,1.0,0,0,0,0,1.0
Yankuang,Energy,2,0,0,0,0,0,1.0,1.0,0,0,0,1.0,0,0,0,1.0,0,0,0
Yapi Kredi,Financials,370,1.0,0.433,0.5408,0.9804,0.6765,0.9921,0.5296,0.7029,0.7647,0.9322,0.8372,0.9868,1.0,0.8398,1.0,1.0,0.75,0.875
Yara,Materials,651,0.9852,0.3345,0.6228,0.8909,0.9268,0.9904,0.6853,0.6628,0.7118,0.952,0.7892,0.9749,0.9914,0.7551,0.9362,0.9685,1.0,0.898
Yes Bank,Financials,2924,0,0,0,0,0,0,0,0,0,0,0,0,0,0,0,0,0,0
Yokogawa,Information Technology,800,0.9524,0.203,0.3227,0.9054,0.8875,0.9867,0.4211,0.7713,0.6485,0.8451,0.6333,0.939,1.0,0.9058,0.8786,0.9932,0.75,0.7679
Yonghui Superstores,Consumer Staples,7,1.0,0,1.0,1.0,0,1.0,0,0,1.0,1.0,0,0,1.0,0,1.0,0,0,0
YTL Corporation Berhad,Utilities,318,0.9864,0.3454,0.5105,0.9353,0.8829,0.9972,0.8082,0.4455,0.4889,0.8766,0.7358,0.9714,0.9885,0.7143,0.8889,1.0,1.0,0.8974
YTL Power International,Utilities,5,1.0,1.0,0.8571,1.0,1.0,1.0,0,1.0,0,1.0,0,1.0,1.0,1.0,1.0,1.0,0,1.0
YTO Express Group,Industrials,13,1.0,-1.0,1.0,1.0,1.0,1.0,1.0,0,1.0,0.75,1.0,1.0,1.0,1.0,1.0,0,0,1.0
Yuhan,Health Care,18,1.0,-0.3333,1.0,1.0,1.0,1.0,1.0,1.0,1.0,0.6667,0,1.0,1.0,1.0,1.0,1.0,0,0
Yum! Brands,Consumer Discretionary,380,0.9,-0.0184,0.5811,0.8316,0.8889,0.9883,0.7415,0.2984,0.4551,0.9879,0.9205,0.9463,0.988,0.8372,0.9807,1.0,1.0,0.88
Yum China Holdings,Consumer Discretionary,7,1.0,1.0,0,1.0,0,1.0,0.0,1.0,0,1.0,1.0,1.0,1.0,0,0,0,0,0
Yunnan Baiyao Group,Health Care,2,0,0,1.0,1.0,0,1.0,-1.0,1.0,0,0.1429,0,0,1.0,0,0,0,0,1.0
Yutong Group,Industrials,9,0,0,1.0,0,0,1.0,1.0,0,0,1.0,0,1.0,1.0,0,1.0,1.0,0,1.0
Zalando,Consumer Discretionary,2364,0,0,0,0,0,0,0,0,0,0,0,0,0,0,0,0,0,0
Zebra Technologies,Information Technology,2063,1.0,0.3319,0.5837,0.9061,0.8616,0.9872,0.7802,0.4186,0.6555,0.9377,0.8371,0.9498,0.9944,0.8439,0.9277,0.9941,0.4264,0.86
Zensho Holdings,Consumer Discretionary,15,0,1.0,0,1.0,1.0,1.0,0.7,0.6,0.8333,1.0,1.0,1.0,1.0,1.0,1.0,1.0,1.0,1.0
Zhejiang and Zhejiang Electric Power Corporation,Utilities,2,0,0,0,1.0,0,1.0,0.0,1.0,0,1.0,1.0,0,0,1.0,1.0,0,0,0
Zhejiang Dahua Technology,Information Technology,136,1.0,0.1385,0.5714,0.9586,0.6044,1.0,0.8605,0.8095,0.8214,0.9615,0.9,0.9762,1.0,1.0,1.0,1.0,0,0.9091
Zhejiang Jingsheng Mechanical & Electrical,Information Technology,2,0,1.0,0,0,0,1.0,0,0,1.0,1.0,0,0,0,0,0,0,0,0
Zhen Ding Tech. Group,Information Technology,5,0,0,0,0,0,1.0,1.0,1.0,-1.0,1.0,0,1.0,1.0,1.0,0,1.0,0,1.0
Zheshang Securities,Financials,46,1.0,1.0,0.75,0.7778,1.0,1.0,1.0,0.3333,0.3333,0.9048,1.0,1.0,1.0,0.75,1.0,1.0,0,0.8
Zhongtai Securities,Financials,90,1.0,0.3125,0.7143,1.0,1.0,1.0,0.7333,0.8824,0.6,0.9667,1.0,1.0,1.0,1.0,1.0,1.0,0,1.0
Zijin Mining,Materials,37,1.0,-1.0,0.5,0.8667,1.0,1.0,0.6667,1.0,1.0,0.8462,0.6,1.0,1.0,1.0,1.0,1.0,0,1.0
Zillow,Real Estate,2665,0,0,0,0,0,0,0,0,0,0,0,0,0,0,0,0,0,0
Zimmer Biomet,Health Care,2954,0,0,0,0,0,0,0,0,0,0,0,0,0,0,0,0,0,0
Zoetis,Health Care,1244,0.9968,0.4559,0.5077,0.9437,0.7625,0.984,0.8385,0.5405,0.5992,0.9781,0.8724,0.9492,0.976,0.855,0.9002,0.9874,0.7183,0.9142
Zoom Communications,Information Technology,2105,0.9878,0.1835,0.506,0.857,0.9224,0.9816,0.9228,0.5737,0.6969,0.9841,0.9562,0.9792,0.9902,0.8202,0.9782,0.9645,0.9268,0.7765
Zoomlion Heavy Industry,Industrials,50,1.0,0.5714,0.1429,1.0,0.6667,0.9167,1.0,0.0612,1.0,1.0,1.0,1.0,1.0,1.0,0.6667,1.0,0,0.5714
ZOZO,Consumer Discretionary,39,1.0,-1.0,1.0,1.0,1.0,0.8824,0.5,0.4082,1.0,1.0,1.0,1.0,1.0,0.0,1.0,1.0,0,1.0
Zscaler,Information Technology,2672,0,0,0,0,0,0,0,0,0,0,0,0,0,0,0,0,0,0
ZTE,Information Technology,1277,0.9744,0.094,0.5945,0.9255,0.8897,0.9922,0.8516,0.5508,0.5869,0.979,0.9096,0.9676,0.9952,0.8589,0.9384,0.9932,0.3333,0.8375
Zurich Insurance,Financials,2544,0,0,0,0,0,0,0,0,0,0,0,0,0,0,0,0,0,0
Zydus Lifesciences,Health Care,1082,1.0,0.266,0.7096,0.9703,0.9146,0.994,0.9205,0.8741,0.6541,0.9824,0.8167,0.9926,0.9871,0.8534,0.9562,1.0,0.6667,0.9972
