dictionary,dimension,pole,rank,term,weight,corpus_matches,weighted_contribution,document_frequency_pct
expert,b01,negative,1,quarter-to-quarter,1.0,2,6.0,0.003
expert,b01,negative,2,short-term results,1.0,5,5.0,0.0025
expert,b01,negative,3,short-termism,1.0,3,4.0,0.002
expert,b01,negative,4,short-term profits,1.0,1,1.0,0.0005
expert,b01,negative,5,quarterly earnings pressure,1.0,1,1.0,0.0005
expert,b01,negative,6,under-investing in the future,1.0,0,0.0,0.0
expert,b01,negative,7,shortsighted decisions,1.0,0,0.0,0.0
expert,b01,negative,8,shortsighted decision,0.25,0,0.0,0.0
expert,b01,negative,9,short-term result,1.0,0,0.0,0.0
expert,b01,negative,10,short-term outcome,1.0,0,0.0,0.0
expert,b01,negative,11,short-term effect,1.0,0,0.0,0.0
expert,b01,negative,12,short-term consequence,1.0,0,0.0,0.0
expert,b01,negative,13,short-run results,1.0,0,0.0,0.0
expert,b01,negative,14,short-run profits,1.0,0,0.0,0.0
expert,b01,negative,15,short-cycle metrics,1.0,0,0.0,0.0
expert,b01,negative,16,sacrificing semipermanent for short-term,1.0,0,0.0,0.0
expert,b01,negative,17,sacrificing long-term for short-term,1.0,0,0.0,0.0
expert,b01,negative,18,sacrificing long-term for short-run,1.0,0,0.0,0.0
expert,b01,negative,19,quick wins mindset,1.0,0,0.0,0.0
expert,b01,negative,20,quick wins mind-set,0.75,0,0.0,0.0
expert,b01,negative,21,quick wins mentality,1.0,0,0.0,0.0
expert,b01,negative,22,quarterly guidance obsession,1.0,0,0.0,0.0
expert,b01,negative,23,quarterly focus,1.0,0,0.0,0.0
expert,b01,negative,24,quarterly counselling obsession,0.25,0,0.0,0.0
expert,b01,negative,25,quarterly counseling obsession,0.5,0,0.0,0.0
expert,b01,negative,26,quarterly counsel obsession,0.25,0,0.0,0.0
expert,b01,negative,27,quarter-end scramble,1.0,0,0.0,0.0
expert,b01,negative,28,pervasive short-termism,0.5,0,0.0,0.0
expert,b01,negative,29,pervasive short-term results,0.5,0,0.0,0.0
expert,b01,negative,30,pervasive short-term result,0.75,0,0.0,0.0
expert,b01,negative,31,pervasive short-term profits,1.0,0,0.0,0.0
expert,b01,negative,32,pervasive short-term outcome,0.5,0,0.0,0.0
expert,b01,negative,33,pervasive short-term effect,1.0,0,0.0,0.0
expert,b01,negative,34,pervasive short-term consequence,0.5,0,0.0,0.0
expert,b01,negative,35,pervasive short-run profits,1.0,0,0.0,0.0
expert,b01,negative,36,pervasive quick wins mindset,0.5,0,0.0,0.0
expert,b01,negative,37,pervasive quick wins mentality,0.5,0,0.0,0.0
expert,b01,negative,38,pervasive quarterly earnings pressure,0.75,0,0.0,0.0
expert,b01,negative,39,pervasive next-quarter thought,0.25,0,0.0,0.0
expert,b01,negative,40,pervasive next-quarter thinking,0.5,0,0.0,0.0
expert,b01,negative,41,pervasive chasing short-term wins,0.5,0,0.0,0.0
expert,b01,negative,42,pervasive chasing short-run wins,0.25,0,0.0,0.0
expert,b01,negative,43,next-quarter thought,1.0,0,0.0,0.0
expert,b01,negative,44,next-quarter thinking,1.0,0,0.0,0.0
expert,b01,negative,45,meeting street expectations,1.0,0,0.0,0.0
expert,b01,negative,46,immediate returns,1.0,0,0.0,0.0
expert,b01,negative,47,hit the number,1.0,0,0.0,0.0
expert,b01,negative,48,entrenched shortsighted decision,0.25,0,0.0,0.0
expert,b01,negative,49,entrenched short-termism,1.0,0,0.0,0.0
expert,b01,negative,50,entrenched short-term results,1.0,0,0.0,0.0
expert,b01,negative,51,entrenched short-term result,1.0,0,0.0,0.0
expert,b01,negative,52,entrenched short-term profits,1.0,0,0.0,0.0
expert,b01,negative,53,entrenched short-term outcome,1.0,0,0.0,0.0
expert,b01,negative,54,entrenched short-term effect,1.0,0,0.0,0.0
expert,b01,negative,55,entrenched short-term consequence,1.0,0,0.0,0.0
expert,b01,negative,56,entrenched short-run profits,1.0,0,0.0,0.0
expert,b01,negative,57,entrenched short-cycle metrics,0.5,0,0.0,0.0
expert,b01,negative,58,entrenched quick wins outlook,0.75,0,0.0,0.0
expert,b01,negative,59,entrenched quick wins mindset,0.75,0,0.0,0.0
expert,b01,negative,60,entrenched quick wins mind-set,0.5,0,0.0,0.0
expert,b01,negative,61,entrenched quick wins mentality,0.75,0,0.0,0.0
expert,b01,negative,62,entrenched quarterly earnings pressure,0.5,0,0.0,0.0
expert,b01,negative,63,entrenched quarterly counseling obsession,0.25,0,0.0,0.0
expert,b01,negative,64,entrenched quarter-to-quarter,0.75,0,0.0,0.0
expert,b01,negative,65,entrenched quarter-end scuffle,0.5,0,0.0,0.0
expert,b01,negative,66,entrenched next-quarter thought,0.75,0,0.0,0.0
expert,b01,negative,67,entrenched next-quarter thinking,1.0,0,0.0,0.0
expert,b01,negative,68,entrenched immediate returns,0.75,0,0.0,0.0
expert,b01,negative,69,entrenched immediate return,0.5,0,0.0,0.0
expert,b01,negative,70,entrenched chasing short-term wins,0.75,0,0.0,0.0
expert,b01,negative,71,entrenched chasing short-run wins,0.5,0,0.0,0.0
expert,b01,negative,72,culture of short-termism,0.75,0,0.0,0.0
expert,b01,negative,73,culture of short-term results,0.5,0,0.0,0.0
expert,b01,negative,74,culture of short-term result,0.5,0,0.0,0.0
expert,b01,negative,75,culture of short-term profits,0.75,0,0.0,0.0
expert,b01,negative,76,culture of short-term effect,0.5,0,0.0,0.0
expert,b01,negative,77,culture of short-term consequence,0.25,0,0.0,0.0
expert,b01,negative,78,culture of short-run profits,0.75,0,0.0,0.0
expert,b01,negative,79,culture of quarterly earnings pressure,0.5,0,0.0,0.0
expert,b01,negative,80,culture of next-quarter thinking,0.5,0,0.0,0.0
expert,b01,negative,81,cost-cutting to hit targets,1.0,0,0.0,0.0
expert,b01,negative,82,chasing short-term wins,1.0,0,0.0,0.0
expert,b01,negative,83,chasing short-run wins,0.75,0,0.0,0.0
expert,b01,negative,84,beat the quarter,1.0,0,0.0,0.0
expert,b01,positive,1,long-term strategy,1.0,22,36.0,0.018
expert,b01,positive,2,long-term vision,1.0,16,34.0,0.017
expert,b01,positive,3,long-term focus,0.75,38,30.8,0.0184
expert,b01,positive,4,long-term investment,1.0,20,21.0,0.0105
expert,b01,positive,5,long-term thinking,1.0,11,15.0,0.0075
expert,b01,positive,6,long-term commitment,1.0,8,11.0,0.0055
expert,b01,positive,7,long-term outlook,1.0,4,6.0,0.003
expert,b01,positive,8,sustainable growth,1.0,3,5.0,0.0025
expert,b01,positive,9,future-oriented,1.0,3,3.0,0.0015
expert,b01,positive,10,long-term mindset,1.0,2,2.0,0.001
expert,b01,positive,11,long-term investing,1.0,2,2.0,0.001
expert,b01,positive,12,long-term mind-set,1.0,1,1.0,0.0005
expert,b01,positive,13,focus on long-term investing,1.0,1,1.0,0.0005
expert,b01,positive,14,strategic patience,1.0,0,0.0,0.0
expert,b01,positive,15,semipermanent reinvestment,0.5,0,0.0,0.0
expert,b01,positive,16,patient capital,1.0,0,0.0,0.0
expert,b01,positive,17,multi-year planning,1.0,0,0.0,0.0
expert,b01,positive,18,long-term thought,1.0,0,0.0,0.0
expert,b01,positive,19,long-term scheme,1.0,0,0.0,0.0
expert,b01,positive,20,long-term reinvestment,1.0,0,0.0,0.0
expert,b01,positive,21,long-term committedness,1.0,0,0.0,0.0
expert,b01,positive,22,long-run reinvestment,1.0,0,0.0,0.0
expert,b01,positive,23,long-run investment,1.0,0,0.0,0.0
expert,b01,positive,24,long-run focus,1.0,0,0.0,0.0
expert,b01,positive,25,long-run commitment,0.75,0,0.0,0.0
expert,b01,positive,26,long-lived advantage,0.75,0,0.0,0.0
expert,b01,positive,27,long-lasting advantage,1.0,0,0.0,0.0
expert,b01,positive,28,long-horizon planning,1.0,0,0.0,0.0
expert,b01,positive,29,invest for the future,1.0,0,0.0,0.0
expert,b01,positive,30,generational thinking,1.0,0,0.0,0.0
expert,b01,positive,31,focus on semipermanent reinvestment,0.5,0,0.0,0.0
expert,b01,positive,32,focus on multi-year planning,0.75,0,0.0,0.0
expert,b01,positive,33,focus on long-term vision,1.0,0,0.0,0.0
expert,b01,positive,34,focus on long-term thought,1.0,0,0.0,0.0
expert,b01,positive,35,focus on long-term thinking,1.0,0,0.0,0.0
expert,b01,positive,36,focus on long-term strategy,1.0,0,0.0,0.0
expert,b01,positive,37,focus on long-term scheme,1.0,0,0.0,0.0
expert,b01,positive,38,focus on long-term reinvestment,1.0,0,0.0,0.0
expert,b01,positive,39,focus on long-term outlook,1.0,0,0.0,0.0
expert,b01,positive,40,focus on long-term mindset,1.0,0,0.0,0.0
expert,b01,positive,41,focus on long-term mind-set,1.0,0,0.0,0.0
expert,b01,positive,42,focus on long-term investment,1.0,0,0.0,0.0
expert,b01,positive,43,focus on long-term committedness,1.0,0,0.0,0.0
expert,b01,positive,44,focus on long-term commitment,1.0,0,0.0,0.0
expert,b01,positive,45,focus on long-run vision,0.5,0,0.0,0.0
expert,b01,positive,46,focus on long-run thinking,1.0,0,0.0,0.0
expert,b01,positive,47,focus on long-run strategy,0.5,0,0.0,0.0
expert,b01,positive,48,focus on long-run reinvestment,1.0,0,0.0,0.0
expert,b01,positive,49,focus on long-run investment,0.75,0,0.0,0.0
expert,b01,positive,50,focus on long-run commitment,1.0,0,0.0,0.0
expert,b01,positive,51,focus on long-lived advantage,0.75,0,0.0,0.0
expert,b01,positive,52,focus on long-horizon planning,0.75,0,0.0,0.0
expert,b01,positive,53,focus on future-oriented,0.25,0,0.0,0.0
expert,b01,positive,54,focus on durable vantage,0.5,0,0.0,0.0
expert,b01,positive,55,focus on durable advantage,0.5,0,0.0,0.0
expert,b01,positive,56,farsighted,1.0,0,0.0,0.0
expert,b01,positive,57,durable advantage,1.0,0,0.0,0.0
expert,b01,positive,58,culture of multi-year planning,0.25,0,0.0,0.0
expert,b01,positive,59,culture of long-term thought,0.5,0,0.0,0.0
expert,b01,positive,60,culture of long-term thinking,0.75,0,0.0,0.0
expert,b01,positive,61,culture of long-term strategy,0.25,0,0.0,0.0
expert,b01,positive,62,culture of long-term reinvestment,0.75,0,0.0,0.0
expert,b01,positive,63,culture of long-term mindset,0.25,0,0.0,0.0
expert,b01,positive,64,culture of long-term investment,0.5,0,0.0,0.0
expert,b01,positive,65,culture of long-term commitment,0.5,0,0.0,0.0
expert,b01,positive,66,culture of long-run reinvestment,0.5,0,0.0,0.0
expert,b01,positive,67,culture of long-run investment,0.25,0,0.0,0.0
expert,b01,positive,68,culture of long-run commitment,0.25,0,0.0,0.0
expert,b01,positive,69,culture of long-horizon planning,0.25,0,0.0,0.0
expert,b01,positive,70,compounding value,1.0,0,0.0,0.0
expert,b01,positive,71,commitment to sustainable development,0.5,0,0.0,0.0
expert,b01,positive,72,commitment to strategic longanimity,0.5,0,0.0,0.0
expert,b01,positive,73,commitment to semipermanent reinvestment,0.5,0,0.0,0.0
expert,b01,positive,74,commitment to semipermanent investment,0.25,0,0.0,0.0
expert,b01,positive,75,commitment to patient capital,0.5,0,0.0,0.0
expert,b01,positive,76,commitment to multi-year planning,1.0,0,0.0,0.0
expert,b01,positive,77,commitment to long-term vision,1.0,0,0.0,0.0
expert,b01,positive,78,commitment to long-term thought,1.0,0,0.0,0.0
expert,b01,positive,79,commitment to long-term thinking,1.0,0,0.0,0.0
expert,b01,positive,80,commitment to long-term strategy,0.75,0,0.0,0.0
expert,b01,positive,81,commitment to long-term scheme,1.0,0,0.0,0.0
expert,b01,positive,82,commitment to long-term reinvestment,1.0,0,0.0,0.0
expert,b01,positive,83,commitment to long-term outlook,1.0,0,0.0,0.0
expert,b01,positive,84,commitment to long-term mindset,1.0,0,0.0,0.0
expert,b01,positive,85,commitment to long-term mind-set,1.0,0,0.0,0.0
expert,b01,positive,86,commitment to long-term mentality,1.0,0,0.0,0.0
expert,b01,positive,87,commitment to long-term investment,1.0,0,0.0,0.0
expert,b01,positive,88,commitment to long-term investing,1.0,0,0.0,0.0
expert,b01,positive,89,commitment to long-term focus,1.0,0,0.0,0.0
expert,b01,positive,90,commitment to long-term committedness,1.0,0,0.0,0.0
expert,b01,positive,91,commitment to long-term cerebration,0.75,0,0.0,0.0
expert,b01,positive,92,commitment to long-run vision,1.0,0,0.0,0.0
expert,b01,positive,93,commitment to long-run thinking,1.0,0,0.0,0.0
expert,b01,positive,94,commitment to long-run strategy,0.25,0,0.0,0.0
expert,b01,positive,95,commitment to long-run reinvestment,1.0,0,0.0,0.0
expert,b01,positive,96,commitment to long-run outlook,0.75,0,0.0,0.0
expert,b01,positive,97,commitment to long-run investment,1.0,0,0.0,0.0
expert,b01,positive,98,commitment to long-run focusing,0.75,0,0.0,0.0
expert,b01,positive,99,commitment to long-run focus,0.5,0,0.0,0.0
expert,b01,positive,100,commitment to long-lived advantage,0.75,0,0.0,0.0
expert,b02,negative,1,cost cutting,1.0,643,688.0,0.3276
expert,b02,negative,2,budget cuts,1.0,55,58.0,0.0289
expert,b02,negative,3,hiring freeze,1.0,45,48.0,0.0224
expert,b02,negative,4,cost reduction,1.0,35,37.0,0.0175
expert,b02,negative,5,expense management,1.0,17,18.0,0.009
expert,b02,negative,6,penny-pinching,1.0,14,14.0,0.007
expert,b02,negative,7,resource constraints,1.0,8,9.0,0.0045
expert,b02,negative,8,cost containment,1.0,7,7.0,0.003
expert,b02,negative,9,under-resourced teams,1.0,5,5.0,0.0025
expert,b02,negative,10,belt tightening,1.0,3,3.0,0.0015
expert,b02,negative,11,austerity measures,1.0,3,3.0,0.0015
expert,b02,negative,12,lean operations,1.0,2,2.0,0.001
expert,b02,negative,13,layoffs and restructuring,1.0,2,2.0,0.001
expert,b02,negative,14,spending cuts,1.0,1,1.0,0.0005
expert,b02,negative,15,layoffs and restructure,0.75,1,0.8,0.0005
expert,b02,negative,16,resource restraint,0.25,0,0.0,0.0
expert,b02,negative,17,pervasive spending cuts,0.75,0,0.0,0.0
expert,b02,negative,18,pervasive operational efficiency focusing,0.25,0,0.0,0.0
expert,b02,negative,19,pervasive layoffs and restructuring,0.5,0,0.0,0.0
expert,b02,negative,20,pervasive layoffs and reconstitute,0.25,0,0.0,0.0
expert,b02,negative,21,pervasive expense direction,0.5,0,0.0,0.0
expert,b02,negative,22,pervasive cost-out enterprise,0.25,0,0.0,0.0
expert,b02,negative,23,pervasive cost reduction,0.5,0,0.0,0.0
expert,b02,negative,24,pervasive cost discipline,0.5,0,0.0,0.0
expert,b02,negative,25,pervasive cost cutting,0.75,0,0.0,0.0
expert,b02,negative,26,pervasive cost containment,0.5,0,0.0,0.0
expert,b02,negative,27,pervasive budget cuts,0.75,0,0.0,0.0
expert,b02,negative,28,operational efficiency focussing,1.0,0,0.0,0.0
expert,b02,negative,29,operational efficiency focusing,1.0,0,0.0,0.0
expert,b02,negative,30,operational efficiency focus,1.0,0,0.0,0.0
expert,b02,negative,31,margin protection,1.0,0,0.0,0.0
expert,b02,negative,32,layoffs and reconstitute,0.5,0,0.0,0.0
expert,b02,negative,33,layoff and restructuring,0.75,0,0.0,0.0
expert,b02,negative,34,expense scrutiny,1.0,0,0.0,0.0
expert,b02,negative,35,expense examination,0.75,0,0.0,0.0
expert,b02,negative,36,expense direction,0.75,0,0.0,0.0
expert,b02,negative,37,entrenched spending cuts,0.75,0,0.0,0.0
expert,b02,negative,38,entrenched resource restraint,0.5,0,0.0,0.0
expert,b02,negative,39,entrenched resource constraints,1.0,0,0.0,0.0
expert,b02,negative,40,entrenched resource constraint,0.75,0,0.0,0.0
expert,b02,negative,41,entrenched operational efficiency focussing,0.75,0,0.0,0.0
expert,b02,negative,42,entrenched operational efficiency focusing,0.75,0,0.0,0.0
expert,b02,negative,43,entrenched operational efficiency focus,0.75,0,0.0,0.0
expert,b02,negative,44,entrenched lean operations,0.5,0,0.0,0.0
expert,b02,negative,45,entrenched layoffs and restructuring,1.0,0,0.0,0.0
expert,b02,negative,46,entrenched layoffs and restructure,0.75,0,0.0,0.0
expert,b02,negative,47,entrenched layoffs and reconstitute,0.75,0,0.0,0.0
expert,b02,negative,48,entrenched layoff and restructuring,0.75,0,0.0,0.0
expert,b02,negative,49,entrenched expense scrutiny,0.5,0,0.0,0.0
expert,b02,negative,50,entrenched expense management,1.0,0,0.0,0.0
expert,b02,negative,51,entrenched expense examination,0.75,0,0.0,0.0
expert,b02,negative,52,entrenched expense direction,0.75,0,0.0,0.0
expert,b02,negative,53,entrenched cost-out initiatives,1.0,0,0.0,0.0
expert,b02,negative,54,entrenched cost-out initiative,1.0,0,0.0,0.0
expert,b02,negative,55,entrenched cost-out go-ahead,0.75,0,0.0,0.0
expert,b02,negative,56,entrenched cost-out enterprisingness,0.5,0,0.0,0.0
expert,b02,negative,57,entrenched cost-out enterprise,1.0,0,0.0,0.0
expert,b02,negative,58,entrenched cost subject,1.0,0,0.0,0.0
expert,b02,negative,59,entrenched cost step-down,1.0,0,0.0,0.0
expert,b02,negative,60,entrenched cost reduction,1.0,0,0.0,0.0
expert,b02,negative,61,entrenched cost discipline,1.0,0,0.0,0.0
expert,b02,negative,62,entrenched cost diminution,1.0,0,0.0,0.0
expert,b02,negative,63,entrenched cost decrease,1.0,0,0.0,0.0
expert,b02,negative,64,entrenched cost cutting,1.0,0,0.0,0.0
expert,b02,negative,65,entrenched cost containment,1.0,0,0.0,0.0
expert,b02,negative,66,entrenched budget cuts,1.0,0,0.0,0.0
expert,b02,negative,67,efficiency drive,1.0,0,0.0,0.0
expert,b02,negative,68,culture of spending cuts,0.75,0,0.0,0.0
expert,b02,negative,69,culture of operational efficiency focussing,0.25,0,0.0,0.0
expert,b02,negative,70,culture of layoffs and restructuring,0.25,0,0.0,0.0
expert,b02,negative,71,culture of layoffs and restructure,0.25,0,0.0,0.0
expert,b02,negative,72,culture of layoff and restructuring,0.25,0,0.0,0.0
expert,b02,negative,73,culture of cost-out initiatives,0.5,0,0.0,0.0
expert,b02,negative,74,culture of cost-out initiative,0.75,0,0.0,0.0
expert,b02,negative,75,culture of cost-out go-ahead,0.75,0,0.0,0.0
expert,b02,negative,76,culture of cost-out enterprisingness,0.25,0,0.0,0.0
expert,b02,negative,77,culture of cost-out enterprise,0.5,0,0.0,0.0
expert,b02,negative,78,culture of cost subject,0.5,0,0.0,0.0
expert,b02,negative,79,culture of cost step-down,0.75,0,0.0,0.0
expert,b02,negative,80,culture of cost reduction,0.75,0,0.0,0.0
expert,b02,negative,81,culture of cost discipline,0.5,0,0.0,0.0
expert,b02,negative,82,culture of cost diminution,1.0,0,0.0,0.0
expert,b02,negative,83,culture of cost decrease,0.75,0,0.0,0.0
expert,b02,negative,84,culture of cost cutting,0.75,0,0.0,0.0
expert,b02,negative,85,culture of cost containment,1.0,0,0.0,0.0
expert,b02,negative,86,culture of budget cuts,0.5,0,0.0,0.0
expert,b02,negative,87,cost-out initiatives,1.0,0,0.0,0.0
expert,b02,negative,88,cost-out initiative,1.0,0,0.0,0.0
expert,b02,negative,89,cost-out go-ahead,0.5,0,0.0,0.0
expert,b02,negative,90,cost-out enterprisingness,0.5,0,0.0,0.0
expert,b02,negative,91,cost-out enterprise,1.0,0,0.0,0.0
expert,b02,negative,92,cost subject,1.0,0,0.0,0.0
expert,b02,negative,93,cost discipline,1.0,0,0.0,0.0
expert,b02,negative,94,cost diminution,1.0,0,0.0,0.0
expert,b02,negative,95,cost decrease,1.0,0,0.0,0.0
expert,b02,positive,1,growth-oriented,1.0,41,44.0,0.0214
expert,b02,positive,2,growth mindset,1.0,41,41.0,0.0194
expert,b02,positive,3,growing investment,1.0,4,4.0,0.002
expert,b02,positive,4,growth outlook,1.0,3,3.0,0.0015
expert,b02,positive,5,top-line growth,1.0,2,2.0,0.001
expert,b02,positive,6,investment in growth,1.0,2,2.0,0.001
expert,b02,positive,7,growth mentality,0.75,2,1.5,0.001
expert,b02,positive,8,development investment,0.75,2,1.5,0.001
expert,b02,positive,9,investing in growth,1.0,1,1.0,0.0005
expert,b02,positive,10,growth engine,1.0,0,1.0,0.0005
expert,b02,positive,11,investing in development,0.5,1,0.5,0.0005
expert,b02,positive,12,topline focussing,0.75,0,0.0,0.0
expert,b02,positive,13,topline focusing,0.5,0,0.0,0.0
expert,b02,positive,14,topline focus,1.0,0,0.0,0.0
expert,b02,positive,15,top-line growing,1.0,0,0.0,0.0
expert,b02,positive,16,top-line development,0.75,0,0.0,0.0
expert,b02,positive,17,scaling the business,1.0,0,0.0,0.0
expert,b02,positive,18,revenue-led strategy,1.0,0,0.0,0.0
expert,b02,positive,19,revenue expansion,1.0,0,0.0,0.0
expert,b02,positive,20,revenue enlargement,1.0,0,0.0,0.0
expert,b02,positive,21,r&d investment,1.0,0,0.0,0.0
expert,b02,positive,22,r&d investing,0.25,0,0.0,0.0
expert,b02,positive,23,product development spend,1.0,0,0.0,0.0
expert,b02,positive,24,new market entry,1.0,0,0.0,0.0
expert,b02,positive,25,maturation investment,0.75,0,0.0,0.0
expert,b02,positive,26,market share increase,0.75,0,0.0,0.0
expert,b02,positive,27,market share gains,1.0,0,0.0,0.0
expert,b02,positive,28,market share gain,0.5,0,0.0,0.0
expert,b02,positive,29,market share addition,0.5,0,0.0,0.0
expert,b02,positive,30,investment ahead of the curve,0.25,0,0.0,0.0
expert,b02,positive,31,investing in maturation,0.5,0,0.0,0.0
expert,b02,positive,32,investing in growing,1.0,0,0.0,0.0
expert,b02,positive,33,investing ahead of the curve,1.0,0,0.0,0.0
expert,b02,positive,34,growth mind-set,1.0,0,0.0,0.0
expert,b02,positive,35,growth investment,1.0,0,0.0,0.0
expert,b02,positive,36,growth investing,1.0,0,0.0,0.0
expert,b02,positive,37,growth capital,1.0,0,0.0,0.0
expert,b02,positive,38,growing mindset,0.75,0,0.0,0.0
expert,b02,positive,39,growing engine,1.0,0,0.0,0.0
expert,b02,positive,40,growing capital,1.0,0,0.0,0.0
expert,b02,positive,41,focus on topline focusing,0.75,0,0.0,0.0
expert,b02,positive,42,focus on top-line maturation,0.75,0,0.0,0.0
expert,b02,positive,43,focus on top-line growth,1.0,0,0.0,0.0
expert,b02,positive,44,focus on scaling the business,1.0,0,0.0,0.0
expert,b02,positive,45,focus on revenue-led strategy,0.5,0,0.0,0.0
expert,b02,positive,46,focus on revenue expansion,1.0,0,0.0,0.0
expert,b02,positive,47,focus on revenue enlargement,1.0,0,0.0,0.0
expert,b02,positive,48,focus on r&d investment,0.5,0,0.0,0.0
expert,b02,positive,49,focus on r&d investing,0.5,0,0.0,0.0
expert,b02,positive,50,focus on new market entry,0.25,0,0.0,0.0
expert,b02,positive,51,focus on maturation investment,0.75,0,0.0,0.0
expert,b02,positive,52,focus on maturation capital,0.75,0,0.0,0.0
expert,b02,positive,53,focus on marketplace share gains,0.25,0,0.0,0.0
expert,b02,positive,54,focus on market share increase,0.75,0,0.0,0.0
expert,b02,positive,55,focus on market share gains,0.5,0,0.0,0.0
expert,b02,positive,56,focus on market share addition,0.5,0,0.0,0.0
expert,b02,positive,57,focus on market portion gains,0.25,0,0.0,0.0
expert,b02,positive,58,focus on investment in growth,1.0,0,0.0,0.0
expert,b02,positive,59,focus on investing in maturation,0.5,0,0.0,0.0
expert,b02,positive,60,focus on investing in growth,1.0,0,0.0,0.0
expert,b02,positive,61,focus on investing in growing,1.0,0,0.0,0.0
expert,b02,positive,62,focus on investing in development,0.75,0,0.0,0.0
expert,b02,positive,63,focus on growth-oriented,1.0,0,0.0,0.0
expert,b02,positive,64,focus on growth outlook,1.0,0,0.0,0.0
expert,b02,positive,65,focus on growth mindset,1.0,0,0.0,0.0
expert,b02,positive,66,focus on growth mind-set,1.0,0,0.0,0.0
expert,b02,positive,67,focus on growth mentality,1.0,0,0.0,0.0
expert,b02,positive,68,focus on growth investment,1.0,0,0.0,0.0
expert,b02,positive,69,focus on growth investing,1.0,0,0.0,0.0
expert,b02,positive,70,focus on growth engine,1.0,0,0.0,0.0
expert,b02,positive,71,focus on growth capital,1.0,0,0.0,0.0
expert,b02,positive,72,focus on growing mindset,0.75,0,0.0,0.0
expert,b02,positive,73,focus on growing investment,1.0,0,0.0,0.0
expert,b02,positive,74,focus on growing engine,1.0,0,0.0,0.0
expert,b02,positive,75,focus on growing capital,1.0,0,0.0,0.0
expert,b02,positive,76,focus on gross expansion,1.0,0,0.0,0.0
expert,b02,positive,77,focus on expansionary strategy,1.0,0,0.0,0.0
expert,b02,positive,78,focus on expanding the business,1.0,0,0.0,0.0
expert,b02,positive,79,focus on expand the business,1.0,0,0.0,0.0
expert,b02,positive,80,focus on development mindset,0.5,0,0.0,0.0
expert,b02,positive,81,focus on development investment,1.0,0,0.0,0.0
expert,b02,positive,82,focus on development capital,1.0,0,0.0,0.0
expert,b02,positive,83,focus on capacity expansion,1.0,0,0.0,0.0
expert,b02,positive,84,focus on capacity enlargement,1.0,0,0.0,0.0
expert,b02,positive,85,focus on aggressive expansion,0.75,0,0.0,0.0
expert,b02,positive,86,focus on aggressive enlargement,1.0,0,0.0,0.0
expert,b02,positive,87,expansionary strategy,1.0,0,0.0,0.0
expert,b02,positive,88,expanding the business,1.0,0,0.0,0.0
expert,b02,positive,89,expand the business,0.75,0,0.0,0.0
expert,b02,positive,90,development capital,0.75,0,0.0,0.0
expert,b02,positive,91,culture of top-line growth,1.0,0,0.0,0.0
expert,b02,positive,92,culture of revenue expansion,0.5,0,0.0,0.0
expert,b02,positive,93,culture of revenue enlargement,0.25,0,0.0,0.0
expert,b02,positive,94,culture of r&d investment,0.75,0,0.0,0.0
expert,b02,positive,95,culture of r&d investing,0.25,0,0.0,0.0
expert,b02,positive,96,culture of maturation investment,0.75,0,0.0,0.0
expert,b02,positive,97,culture of market share increase,0.25,0,0.0,0.0
expert,b02,positive,98,culture of market portion gains,0.25,0,0.0,0.0
expert,b02,positive,99,culture of investment in growth,1.0,0,0.0,0.0
expert,b02,positive,100,culture of investing in maturation,0.25,0,0.0,0.0
expert,b03,negative,1,corporate ladder,1.0,153,158.0,0.0788
expert,b03,negative,2,chain of command,1.0,40,48.0,0.0239
expert,b03,negative,3,management layers,1.0,46,46.0,0.0224
expert,b03,negative,4,rigid hierarchy,1.0,22,23.0,0.0115
expert,b03,negative,5,management layer,1.0,20,22.0,0.011
expert,b03,negative,6,hierarchical culture,1.0,21,22.0,0.011
expert,b03,negative,7,command and control,1.0,17,17.0,0.0085
expert,b03,negative,8,pecking order,1.0,5,5.0,0.0025
expert,b03,negative,9,layered management,1.0,2,3.0,0.0015
expert,b03,negative,10,top-down decisions,1.0,2,2.0,0.001
expert,b03,negative,11,senior leadership only,1.0,2,2.0,0.001
expert,b03,negative,12,waiting for approval,1.0,1,1.0,0.0005
expert,b03,negative,13,titles matter,1.0,1,1.0,0.0005
expert,b03,negative,14,seniority rules,1.0,1,1.0,0.0005
expert,b03,negative,15,bureaucratic hierarchy,1.0,1,1.0,0.0005
expert,b03,negative,16,seniority rule,0.75,0,0.0,0.0
expert,b03,negative,17,seniority regulation,0.75,0,0.0,0.0
expert,b03,negative,18,senior leading only,0.5,0,0.0,0.0
expert,b03,negative,19,respect to authority,0.25,0,0.0,0.0
expert,b03,negative,20,position dictates influence,1.0,0,0.0,0.0
expert,b03,negative,21,pervasive seniority rules,0.5,0,0.0,0.0
expert,b03,negative,22,pervasive seniority rule,0.5,0,0.0,0.0
expert,b03,negative,23,pervasive bureaucratic hierarchy,1.0,0,0.0,0.0
expert,b03,negative,24,gatekeeping decisions,1.0,0,0.0,0.0
expert,b03,negative,25,escalation required,1.0,0,0.0,0.0
expert,b03,negative,26,entrenched seniority rules,0.5,0,0.0,0.0
expert,b03,negative,27,entrenched seniority rule,0.25,0,0.0,0.0
expert,b03,negative,28,entrenched seniority regulation,0.5,0,0.0,0.0
expert,b03,negative,29,entrenched senior leadership only,0.5,0,0.0,0.0
expert,b03,negative,30,entrenched respect to authority,0.25,0,0.0,0.0
expert,b03,negative,31,entrenched management layers,0.5,0,0.0,0.0
expert,b03,negative,32,entrenched layered management,0.25,0,0.0,0.0
expert,b03,negative,33,entrenched deference to authority,0.5,0,0.0,0.0
expert,b03,negative,34,entrenched command and control,0.75,0,0.0,0.0
expert,b03,negative,35,entrenched chain of command,0.75,0,0.0,0.0
expert,b03,negative,36,entrenched bureaucratic hierarchy,1.0,0,0.0,0.0
expert,b03,negative,37,entrenched authority-based,0.5,0,0.0,0.0
expert,b03,negative,38,deference to authority,1.0,0,0.0,0.0
expert,b03,negative,39,culture of top-down decisions,0.25,0,0.0,0.0
expert,b03,negative,40,culture of seniority rules,0.5,0,0.0,0.0
expert,b03,negative,41,culture of seniority rule,0.5,0,0.0,0.0
expert,b03,negative,42,culture of seniority regulation,0.5,0,0.0,0.0
expert,b03,negative,43,culture of senior leading only,0.5,0,0.0,0.0
expert,b03,negative,44,culture of senior leadership only,0.75,0,0.0,0.0
expert,b03,negative,45,culture of management layers,0.5,0,0.0,0.0
expert,b03,negative,46,culture of layered management,0.5,0,0.0,0.0
expert,b03,negative,47,culture of command and control,0.25,0,0.0,0.0
expert,b03,negative,48,culture of bureaucratic hierarchy,1.0,0,0.0,0.0
expert,b03,negative,49,culture of authority-based,0.75,0,0.0,0.0
expert,b03,negative,50,boss knows best,1.0,0,0.0,0.0
expert,b03,negative,51,authority-based,1.0,0,0.0,0.0
expert,b03,positive,1,open door policy,1.0,311,315.0,0.1551
expert,b03,positive,2,flat hierarchy,1.0,280,288.0,0.1401
expert,b03,positive,3,flat organisation,1.0,41,45.0,0.0214
expert,b03,positive,4,flat management,1.0,35,38.0,0.0184
expert,b03,positive,5,non-hierarchical,1.0,15,15.0,0.007
expert,b03,positive,6,empower employees,0.75,7,5.2,0.0035
expert,b03,positive,7,first-name basis,1.0,5,5.0,0.0025
expert,b03,positive,8,everyone has a voice,1.0,4,5.0,0.0025
expert,b03,positive,9,low power distance,1.0,3,3.0,0.0015
expert,b03,positive,10,informal atmosphere,1.0,3,3.0,0.0015
expert,b03,positive,11,egalitarian culture,1.0,2,2.0,0.001
expert,b03,positive,12,collaborative decision-making,1.0,2,2.0,0.001
expert,b03,positive,13,approachable leaders,1.0,2,2.0,0.001
expert,b03,positive,14,empowerment culture,1.0,1,1.0,0.0005
expert,b03,positive,15,empowered employees,1.0,1,1.0,0.0005
expert,b03,positive,16,peer-based decisions,1.0,0,0.0,0.0
expert,b03,positive,17,no rank distinctions,1.0,0,0.0,0.0
expert,b03,positive,18,junior staff heard,1.0,0,0.0,0.0
expert,b03,positive,19,junior staff hear,1.0,0,0.0,0.0
expert,b03,positive,20,grassroots input,1.0,0,0.0,0.0
expert,b03,positive,21,focus on junior staff heard,0.75,0,0.0,0.0
expert,b03,positive,22,focus on junior staff hear,0.75,0,0.0,0.0
expert,b03,positive,23,focus on flat organisation,0.75,0,0.0,0.0
expert,b03,positive,24,focus on flat management,0.25,0,0.0,0.0
expert,b03,positive,25,focus on flat hierarchy,1.0,0,0.0,0.0
expert,b03,positive,26,focus on flat governance,0.75,0,0.0,0.0
expert,b03,positive,27,focus on flat establishment,0.25,0,0.0,0.0
expert,b03,positive,28,focus on flat administration,0.5,0,0.0,0.0
expert,b03,positive,29,focus on empowerment culture,0.25,0,0.0,0.0
expert,b03,positive,30,focus on empowerment civilisation,0.25,0,0.0,0.0
expert,b03,positive,31,focus on empowered employees,0.5,0,0.0,0.0
expert,b03,positive,32,focus on empower employees,0.5,0,0.0,0.0
expert,b03,positive,33,focus on egalitarian culture,0.25,0,0.0,0.0
expert,b03,positive,34,focus on egalitarian civilization,0.5,0,0.0,0.0
expert,b03,positive,35,focus on egalitarian civilisation,0.5,0,0.0,0.0
expert,b03,positive,36,flat governance,1.0,0,0.0,0.0
expert,b03,positive,37,flat establishment,0.5,0,0.0,0.0
expert,b03,positive,38,flat administration,1.0,0,0.0,0.0
expert,b03,positive,39,empowerment civilization,0.25,0,0.0,0.0
expert,b03,positive,40,empowerment civilisation,0.25,0,0.0,0.0
expert,b03,positive,41,egalitarian civilization,0.5,0,0.0,0.0
expert,b03,positive,42,egalitarian civilisation,0.5,0,0.0,0.0
expert,b03,positive,43,distributed authority,1.0,0,0.0,0.0
expert,b03,positive,44,culture of junior staff heard,0.5,0,0.0,0.0
expert,b03,positive,45,culture of junior staff hear,0.5,0,0.0,0.0
expert,b03,positive,46,culture of grassroots input,0.25,0,0.0,0.0
expert,b03,positive,47,culture of flat organisation,0.75,0,0.0,0.0
expert,b03,positive,48,culture of flat management,0.75,0,0.0,0.0
expert,b03,positive,49,culture of flat hierarchy,1.0,0,0.0,0.0
expert,b03,positive,50,culture of flat governance,0.75,0,0.0,0.0
expert,b03,positive,51,culture of flat administration,1.0,0,0.0,0.0
expert,b03,positive,52,culture of empowerment civilization,0.25,0,0.0,0.0
expert,b03,positive,53,culture of empowerment civilisation,0.5,0,0.0,0.0
expert,b03,positive,54,commitment to junior staff heard,0.25,0,0.0,0.0
expert,b03,positive,55,commitment to junior staff hear,0.5,0,0.0,0.0
expert,b03,positive,56,commitment to flat organisation,0.5,0,0.0,0.0
expert,b03,positive,57,commitment to flat hierarchy,1.0,0,0.0,0.0
expert,b03,positive,58,commitment to flat governance,0.75,0,0.0,0.0
expert,b03,positive,59,commitment to flat establishment,0.5,0,0.0,0.0
expert,b03,positive,60,commitment to flat administration,0.5,0,0.0,0.0
expert,b03,positive,61,commitment to empowered employees,0.25,0,0.0,0.0
expert,b03,positive,62,commitment to empower employees,0.25,0,0.0,0.0
expert,b03,positive,63,commitment to egalitarian civilization,0.25,0,0.0,0.0
expert,b03,positive,64,commitment to egalitarian civilisation,0.5,0,0.0,0.0
expert,b03,positive,65,accessible executives,1.0,0,0.0,0.0
expert,b04,negative,1,process-heavy,1.0,34,36.0,0.018
expert,b04,negative,2,by the book,1.0,19,20.0,0.0095
expert,b04,negative,3,red tape everywhere,1.0,12,12.0,0.0055
expert,b04,negative,4,form over substance,1.0,11,11.0,0.0045
expert,b04,negative,5,rigid rules,1.0,7,8.0,0.0035
expert,b04,negative,6,compliance-heavy,1.0,6,6.0,0.003
expert,b04,negative,7,bureaucratic process,0.5,9,5.0,0.005
expert,b04,negative,8,policy-driven,1.0,3,4.0,0.002
expert,b04,negative,9,follow the process,1.0,4,4.0,0.002
expert,b04,negative,10,standard operating procedure,1.0,2,2.0,0.001
expert,b04,negative,11,bureaucratic procedures,1.0,2,2.0,0.001
expert,b04,negative,12,strict process,0.75,2,1.5,0.001
expert,b04,negative,13,strict procedures,1.0,0,0.0,0.0
expert,b04,negative,14,strict procedure,0.75,0,0.0,0.0
expert,b04,negative,15,standard operating process,1.0,0,0.0,0.0
expert,b04,negative,16,standard operate procedure,1.0,0,0.0,0.0
expert,b04,negative,17,rules-based culture,1.0,0,0.0,0.0
expert,b04,negative,18,rules-based civilization,1.0,0,0.0,0.0
expert,b04,negative,19,rules-based civilisation,0.75,0,0.0,0.0
expert,b04,negative,20,rigorous procedures,1.0,0,0.0,0.0
expert,b04,negative,21,process-bound,1.0,0,0.0,0.0
expert,b04,negative,22,process over outcome,1.0,0,0.0,0.0
expert,b04,negative,23,prescriptive procedures,1.0,0,0.0,0.0
expert,b04,negative,24,pervasive strict process,1.0,0,0.0,0.0
expert,b04,negative,25,pervasive strict procedures,1.0,0,0.0,0.0
expert,b04,negative,26,pervasive strict procedure,1.0,0,0.0,0.0
expert,b04,negative,27,pervasive standard operating process,1.0,0,0.0,0.0
expert,b04,negative,28,pervasive standard operating procedure,1.0,0,0.0,0.0
expert,b04,negative,29,pervasive standard operate procedure,1.0,0,0.0,0.0
expert,b04,negative,30,pervasive rules-based culture,1.0,0,0.0,0.0
expert,b04,negative,31,pervasive rules-based civilization,1.0,0,0.0,0.0
expert,b04,negative,32,pervasive rules-based civilisation,1.0,0,0.0,0.0
expert,b04,negative,33,pervasive rigorous procedures,1.0,0,0.0,0.0
expert,b04,negative,34,pervasive rigid rules,1.0,0,0.0,0.0
expert,b04,negative,35,pervasive prescriptive process,1.0,0,0.0,0.0
expert,b04,negative,36,pervasive prescriptive procedures,1.0,0,0.0,0.0
expert,b04,negative,37,pervasive prescriptive procedure,1.0,0,0.0,0.0
expert,b04,negative,38,pervasive normative procedures,1.0,0,0.0,0.0
expert,b04,negative,39,pervasive measure operating procedure,0.75,0,0.0,0.0
expert,b04,negative,40,pervasive follow the process,0.75,0,0.0,0.0
expert,b04,negative,41,pervasive follow the procedure,1.0,0,0.0,0.0
expert,b04,negative,42,pervasive compliance-heavy,0.25,0,0.0,0.0
expert,b04,negative,43,pervasive bureaucratic process,0.75,0,0.0,0.0
expert,b04,negative,44,pervasive bureaucratic procedures,0.75,0,0.0,0.0
expert,b04,negative,45,pervasive bureaucratic procedure,0.75,0,0.0,0.0
expert,b04,negative,46,normative procedures,0.75,0,0.0,0.0
expert,b04,negative,47,no room for judgement,1.0,0,0.0,0.0
expert,b04,negative,48,no exceptions allowed,1.0,0,0.0,0.0
expert,b04,negative,49,must follow protocol,1.0,0,0.0,0.0
expert,b04,negative,50,everything documented,1.0,0,0.0,0.0
expert,b04,negative,51,entrenched strict process,0.25,0,0.0,0.0
expert,b04,negative,52,entrenched strict procedures,0.5,0,0.0,0.0
expert,b04,negative,53,entrenched strict procedure,0.5,0,0.0,0.0
expert,b04,negative,54,entrenched standard operating process,0.5,0,0.0,0.0
expert,b04,negative,55,entrenched standard operating procedure,1.0,0,0.0,0.0
expert,b04,negative,56,entrenched standard operate procedure,0.75,0,0.0,0.0
expert,b04,negative,57,entrenched rules-based culture,0.75,0,0.0,0.0
expert,b04,negative,58,entrenched rules-based civilization,0.75,0,0.0,0.0
expert,b04,negative,59,entrenched rules-based civilisation,0.5,0,0.0,0.0
expert,b04,negative,60,entrenched rigorous procedures,0.75,0,0.0,0.0
expert,b04,negative,61,entrenched rigid rules,0.5,0,0.0,0.0
expert,b04,negative,62,entrenched prescriptive procedures,1.0,0,0.0,0.0
expert,b04,negative,63,entrenched normative procedures,0.5,0,0.0,0.0
expert,b04,negative,64,culture of strict process,0.5,0,0.0,0.0
expert,b04,negative,65,culture of strict procedures,0.75,0,0.0,0.0
expert,b04,negative,66,culture of strict procedure,0.75,0,0.0,0.0
expert,b04,negative,67,culture of standard operating process,0.75,0,0.0,0.0
expert,b04,negative,68,culture of standard operating procedure,1.0,0,0.0,0.0
expert,b04,negative,69,culture of standard operate procedure,0.75,0,0.0,0.0
expert,b04,negative,70,culture of rules-based civilization,0.75,0,0.0,0.0
expert,b04,negative,71,culture of rules-based civilisation,0.75,0,0.0,0.0
expert,b04,negative,72,culture of rigorous procedures,1.0,0,0.0,0.0
expert,b04,negative,73,culture of rigid rules,0.75,0,0.0,0.0
expert,b04,negative,74,culture of rigid rule,0.5,0,0.0,0.0
expert,b04,negative,75,culture of process over outcome,0.25,0,0.0,0.0
expert,b04,negative,76,culture of procedure over outcome,0.5,0,0.0,0.0
expert,b04,negative,77,culture of prescriptive procedures,1.0,0,0.0,0.0
expert,b04,negative,78,culture of policy-driven,0.5,0,0.0,0.0
expert,b04,negative,79,culture of normative procedures,0.5,0,0.0,0.0
expert,b04,negative,80,culture of must follow protocol,0.5,0,0.0,0.0
expert,b04,negative,81,culture of measure operating procedure,0.75,0,0.0,0.0
expert,b04,negative,82,culture of follow the procedure,0.5,0,0.0,0.0
expert,b04,negative,83,culture of criterion operating procedure,1.0,0,0.0,0.0
expert,b04,negative,84,culture of bureaucratic process,0.5,0,0.0,0.0
expert,b04,negative,85,culture of bureaucratic procedures,0.5,0,0.0,0.0
expert,b04,negative,86,culture of bureaucratic procedure,0.5,0,0.0,0.0
expert,b04,negative,87,checklist mentality,1.0,0,0.0,0.0
expert,b04,negative,88,bureaucratic procedure,0.5,0,0.0,0.0
expert,b04,positive,1,trust-based,1.0,3,3.0,0.0015
expert,b04,positive,2,pragmatic approach,1.0,2,2.0,0.001
expert,b04,positive,3,professional judgement,1.0,1,1.0,0.0005
expert,b04,positive,4,use your judgment,0.75,0,0.0,0.0
expert,b04,positive,5,use your judgement,1.0,0,0.0,0.0
expert,b04,positive,6,trusted to make calls,1.0,0,0.0,0.0
expert,b04,positive,7,situational thinking,1.0,0,0.0,0.0
expert,b04,positive,8,results-oriented flexibleness,0.75,0,0.0,0.0
expert,b04,positive,9,results-oriented flexibility,1.0,0,0.0,0.0
expert,b04,positive,10,professional judgment,1.0,0,0.0,0.0
expert,b04,positive,11,principles over rules,1.0,0,0.0,0.0
expert,b04,positive,12,outcomes over process,1.0,0,0.0,0.0
expert,b04,positive,13,judgment over procedure,1.0,0,0.0,0.0
expert,b04,positive,14,judgement over procedure,1.0,0,0.0,0.0
expert,b04,positive,15,guidelines not rules,1.0,0,0.0,0.0
expert,b04,positive,16,focus on use your judgment,0.5,0,0.0,0.0
expert,b04,positive,17,focus on use your judgement,0.75,0,0.0,0.0
expert,b04,positive,18,focus on trust-based,0.25,0,0.0,0.0
expert,b04,positive,19,focus on results-oriented flexibleness,0.75,0,0.0,0.0
expert,b04,positive,20,focus on results-oriented flexibility,0.5,0,0.0,0.0
expert,b04,positive,21,focus on professional judgment,0.75,0,0.0,0.0
expert,b04,positive,22,focus on professional judgement,0.75,0,0.0,0.0
expert,b04,positive,23,focus on judgment over procedure,1.0,0,0.0,0.0
expert,b04,positive,24,focus on judgement over procedure,1.0,0,0.0,0.0
expert,b04,positive,25,focus on flexible decision-making,1.0,0,0.0,0.0
expert,b04,positive,26,focus on empowered to determine,0.75,0,0.0,0.0
expert,b04,positive,27,focus on empowered to decide,0.75,0,0.0,0.0
expert,b04,positive,28,focus on empowered decision-making,0.75,0,0.0,0.0
expert,b04,positive,29,focus on discretionary potency,0.5,0,0.0,0.0
expert,b04,positive,30,focus on discretionary authorization,0.25,0,0.0,0.0
expert,b04,positive,31,focus on discretionary authority,0.5,0,0.0,0.0
expert,b04,positive,32,focus on discretionary authorisation,0.5,0,0.0,0.0
expert,b04,positive,33,focus on discretional authority,0.5,0,0.0,0.0
expert,b04,positive,34,focus on discretion promote,0.5,0,0.0,0.0
expert,b04,positive,35,focus on discretion further,0.75,0,0.0,0.0
expert,b04,positive,36,focus on discretion encouraged,0.75,0,0.0,0.0
expert,b04,positive,37,focus on context-based determination,0.25,0,0.0,0.0
expert,b04,positive,38,focus on context-based decisions,1.0,0,0.0,0.0
expert,b04,positive,39,focus on context-based decision,1.0,0,0.0,0.0
expert,b04,positive,40,focus on autonomy to determine,0.25,0,0.0,0.0
expert,b04,positive,41,focus on autonomy to decide,0.5,0,0.0,0.0
expert,b04,positive,42,focus on authorize to decide,0.5,0,0.0,0.0
expert,b04,positive,43,focus on authorize decision-making,0.5,0,0.0,0.0
expert,b04,positive,44,focus on authorise to decide,0.5,0,0.0,0.0
expert,b04,positive,45,focus on authorise decision-making,0.25,0,0.0,0.0
expert,b04,positive,46,flexible decision-making,1.0,0,0.0,0.0
expert,b04,positive,47,empowered to determine,0.75,0,0.0,0.0
expert,b04,positive,48,empowered to decide,1.0,0,0.0,0.0
expert,b04,positive,49,empowered decision-making,1.0,0,0.0,0.0
expert,b04,positive,50,discretionary potency,0.75,0,0.0,0.0
expert,b04,positive,51,discretionary authorization,0.5,0,0.0,0.0
expert,b04,positive,52,discretionary authority,1.0,0,0.0,0.0
expert,b04,positive,53,discretionary authorisation,0.5,0,0.0,0.0
expert,b04,positive,54,discretional authority,0.5,0,0.0,0.0
expert,b04,positive,55,discretion promote,0.5,0,0.0,0.0
expert,b04,positive,56,discretion further,0.75,0,0.0,0.0
expert,b04,positive,57,discretion encouraged,1.0,0,0.0,0.0
expert,b04,positive,58,culture of results-oriented flexibleness,0.5,0,0.0,0.0
expert,b04,positive,59,culture of flexible decision-making,1.0,0,0.0,0.0
expert,b04,positive,60,culture of empowered to determine,0.25,0,0.0,0.0
expert,b04,positive,61,culture of empowered to decide,0.5,0,0.0,0.0
expert,b04,positive,62,culture of empowered decision-making,0.75,0,0.0,0.0
expert,b04,positive,63,culture of discretionary potency,0.5,0,0.0,0.0
expert,b04,positive,64,culture of discretionary authorization,0.25,0,0.0,0.0
expert,b04,positive,65,culture of discretionary authority,0.25,0,0.0,0.0
expert,b04,positive,66,culture of discretionary authorisation,0.5,0,0.0,0.0
expert,b04,positive,67,culture of discretional authority,0.25,0,0.0,0.0
expert,b04,positive,68,culture of discretion promote,0.5,0,0.0,0.0
expert,b04,positive,69,culture of discretion further,0.5,0,0.0,0.0
expert,b04,positive,70,culture of discretion encouraged,0.5,0,0.0,0.0
expert,b04,positive,71,culture of context-based decision,0.75,0,0.0,0.0
expert,b04,positive,72,culture of authorize to decide,0.5,0,0.0,0.0
expert,b04,positive,73,culture of authorize decision-making,0.5,0,0.0,0.0
expert,b04,positive,74,culture of authorise decision-making,0.5,0,0.0,0.0
expert,b04,positive,75,context-based determination,0.5,0,0.0,0.0
expert,b04,positive,76,context-based decisions,1.0,0,0.0,0.0
expert,b04,positive,77,context-based decision,1.0,0,0.0,0.0
expert,b04,positive,78,context-based conclusion,1.0,0,0.0,0.0
expert,b04,positive,79,common sense allowed,1.0,0,0.0,0.0
expert,b04,positive,80,commitment to use your judgment,0.25,0,0.0,0.0
expert,b04,positive,81,commitment to use your judgement,0.5,0,0.0,0.0
expert,b04,positive,82,commitment to results-oriented flexibleness,0.5,0,0.0,0.0
expert,b04,positive,83,commitment to results-oriented flexibility,0.25,0,0.0,0.0
expert,b04,positive,84,commitment to professional judgment,0.75,0,0.0,0.0
expert,b04,positive,85,commitment to professional judgement,0.75,0,0.0,0.0
expert,b04,positive,86,commitment to opinion over procedure,1.0,0,0.0,0.0
expert,b04,positive,87,commitment to judgment over procedure,1.0,0,0.0,0.0
expert,b04,positive,88,commitment to judgement over process,1.0,0,0.0,0.0
expert,b04,positive,89,commitment to judgement over procedure,1.0,0,0.0,0.0
expert,b04,positive,90,commitment to flexible decision-making,0.5,0,0.0,0.0
expert,b04,positive,91,commitment to empowered decision-making,0.5,0,0.0,0.0
expert,b04,positive,92,commitment to discretionary potency,0.5,0,0.0,0.0
expert,b04,positive,93,commitment to discretionary authority,0.5,0,0.0,0.0
expert,b04,positive,94,commitment to discretionary authorisation,0.25,0,0.0,0.0
expert,b04,positive,95,commitment to discretional authority,0.5,0,0.0,0.0
expert,b04,positive,96,commitment to discretion promote,0.25,0,0.0,0.0
expert,b04,positive,97,commitment to discretion further,0.5,0,0.0,0.0
expert,b04,positive,98,commitment to discretion encouraged,0.5,0,0.0,0.0
expert,b04,positive,99,commitment to context-based determination,0.5,0,0.0,0.0
expert,b04,positive,100,commitment to context-based decisions,1.0,0,0.0,0.0
expert,b05,negative,1,sink or swim,1.0,86,105.0,0.0524
expert,b05,negative,2,individual performance,1.0,40,54.0,0.0254
expert,b05,negative,3,forced ranking,1.0,37,42.0,0.0204
expert,b05,negative,4,internal competition,1.0,34,36.0,0.018
expert,b05,negative,5,eat what you kill,1.0,21,28.0,0.013
expert,b05,negative,6,stack ranking,1.0,20,20.0,0.009
expert,b05,negative,7,personal advancement,1.0,11,12.0,0.006
expert,b05,negative,8,cutthroat competition,1.0,4,4.0,0.002
expert,b05,negative,9,personal metrics,1.0,1,1.0,0.0005
expert,b05,negative,10,every person for themselves,1.0,1,1.0,0.0005
expert,b05,negative,11,elbow your way,1.0,1,1.0,0.0005
expert,b05,negative,12,individual bonus,0.75,1,0.8,0.0005
expert,b05,negative,13,star performer culture,1.0,0,0.0,0.0
expert,b05,negative,14,star performer civilization,0.75,0,0.0,0.0
expert,b05,negative,15,star performer civilisation,0.5,0,0.0,0.0
expert,b05,negative,16,someone performance,1.0,0,0.0,0.0
expert,b05,negative,17,somebody performance,1.0,0,0.0,0.0
expert,b05,negative,18,solo performer culture,1.0,0,0.0,0.0
expert,b05,negative,19,solo performer civilization,1.0,0,0.0,0.0
expert,b05,negative,20,solo performer civilisation,1.0,0,0.0,0.0
expert,b05,negative,21,pervasive star performer culture,1.0,0,0.0,0.0
expert,b05,negative,22,pervasive star performer civilization,0.75,0,0.0,0.0
expert,b05,negative,23,pervasive star performer civilisation,0.5,0,0.0,0.0
expert,b05,negative,24,pervasive someone performance,0.75,0,0.0,0.0
expert,b05,negative,25,pervasive somebody performance,0.75,0,0.0,0.0
expert,b05,negative,26,pervasive solo performer culture,0.75,0,0.0,0.0
expert,b05,negative,27,pervasive solo performer civilization,1.0,0,0.0,0.0
expert,b05,negative,28,pervasive solo performer civilisation,1.0,0,0.0,0.0
expert,b05,negative,29,pervasive person performance,1.0,0,0.0,0.0
expert,b05,negative,30,pervasive person glory,0.5,0,0.0,0.0
expert,b05,negative,31,pervasive individual performance,1.0,0,0.0,0.0
expert,b05,negative,32,pervasive individual glory,0.75,0,0.0,0.0
expert,b05,negative,33,pervasive individual bonuses,0.25,0,0.0,0.0
expert,b05,negative,34,pervasive individual bonus,0.25,0,0.0,0.0
expert,b05,negative,35,pervasive forced ranking,0.25,0,0.0,0.0
expert,b05,negative,36,pervasive compete with colleagues,0.5,0,0.0,0.0
expert,b05,negative,37,pervasive compete with colleague,0.5,0,0.0,0.0
expert,b05,negative,38,pervasive compete with co-worker,0.5,0,0.0,0.0
expert,b05,negative,39,pervasive colleagues as rival,0.5,0,0.0,0.0
expert,b05,negative,40,pervasive colleagues as competitors,0.5,0,0.0,0.0
expert,b05,negative,41,pervasive colleagues as competitor,0.25,0,0.0,0.0
expert,b05,negative,42,pervasive colleagues as competition,0.5,0,0.0,0.0
expert,b05,negative,43,pervasive colleagues as challenger,0.5,0,0.0,0.0
expert,b05,negative,44,pervasive colleague as competitors,0.5,0,0.0,0.0
expert,b05,negative,45,pervasive coerce ranking,0.25,0,0.0,0.0
expert,b05,negative,46,pervasive co-worker as competitors,0.25,0,0.0,0.0
expert,b05,negative,47,person performance,1.0,0,0.0,0.0
expert,b05,negative,48,person glory,0.75,0,0.0,0.0
expert,b05,negative,49,person bonuses,0.5,0,0.0,0.0
expert,b05,negative,50,person accountability only,0.5,0,0.0,0.0
expert,b05,negative,51,no team credit,1.0,0,0.0,0.0
expert,b05,negative,52,individual quotas,1.0,0,0.0,0.0
expert,b05,negative,53,individual glory,1.0,0,0.0,0.0
expert,b05,negative,54,individual bonuses,1.0,0,0.0,0.0
expert,b05,negative,55,individual accountability only,1.0,0,0.0,0.0
expert,b05,negative,56,every someone for themselves,1.0,0,0.0,0.0
expert,b05,negative,57,every somebody for themselves,1.0,0,0.0,0.0
expert,b05,negative,58,every individual for themselves,1.0,0,0.0,0.0
expert,b05,negative,59,entrenched star performer culture,0.75,0,0.0,0.0
expert,b05,negative,60,entrenched star performer civilization,0.75,0,0.0,0.0
expert,b05,negative,61,entrenched star performer civilisation,0.5,0,0.0,0.0
expert,b05,negative,62,entrenched someone performance,0.5,0,0.0,0.0
expert,b05,negative,63,entrenched somebody performance,0.5,0,0.0,0.0
expert,b05,negative,64,entrenched solo performer culture,0.75,0,0.0,0.0
expert,b05,negative,65,entrenched solo performer civilization,1.0,0,0.0,0.0
expert,b05,negative,66,entrenched solo performer civilisation,0.75,0,0.0,0.0
expert,b05,negative,67,entrenched personal metrics,0.25,0,0.0,0.0
expert,b05,negative,68,entrenched person performance,0.75,0,0.0,0.0
expert,b05,negative,69,entrenched individual performance,1.0,0,0.0,0.0
expert,b05,negative,70,entrenched individual glory,0.5,0,0.0,0.0
expert,b05,negative,71,entrenched compete with colleagues,0.5,0,0.0,0.0
expert,b05,negative,72,entrenched compete with colleague,0.25,0,0.0,0.0
expert,b05,negative,73,entrenched compete with co-worker,0.25,0,0.0,0.0
expert,b05,negative,74,entrenched colleagues as competitors,0.25,0,0.0,0.0
expert,b05,negative,75,entrenched colleagues as competitor,0.25,0,0.0,0.0
expert,b05,negative,76,entrenched colleagues as competition,0.25,0,0.0,0.0
expert,b05,negative,77,entrenched colleague as competitors,0.25,0,0.0,0.0
expert,b05,negative,78,culture of star performer civilization,1.0,0,0.0,0.0
expert,b05,negative,79,culture of star performer civilisation,0.75,0,0.0,0.0
expert,b05,negative,80,culture of stack ranking,0.5,0,0.0,0.0
expert,b05,negative,81,culture of someone performance,1.0,0,0.0,0.0
expert,b05,negative,82,culture of someone glory,0.75,0,0.0,0.0
expert,b05,negative,83,culture of someone bonuses,0.75,0,0.0,0.0
expert,b05,negative,84,culture of somebody performance,1.0,0,0.0,0.0
expert,b05,negative,85,culture of somebody glory,0.75,0,0.0,0.0
expert,b05,negative,86,culture of somebody bonuses,0.75,0,0.0,0.0
expert,b05,negative,87,culture of somebody accountability only,0.25,0,0.0,0.0
expert,b05,negative,88,culture of solo performer civilization,1.0,0,0.0,0.0
expert,b05,negative,89,culture of solo performer civilisation,0.75,0,0.0,0.0
expert,b05,negative,90,culture of personal promotion,0.5,0,0.0,0.0
expert,b05,negative,91,culture of personal metrics,0.75,0,0.0,0.0
expert,b05,negative,92,culture of personal advancement,0.75,0,0.0,0.0
expert,b05,negative,93,culture of person quotas,0.25,0,0.0,0.0
expert,b05,negative,94,culture of person performance,1.0,0,0.0,0.0
expert,b05,negative,95,culture of person glory,0.75,0,0.0,0.0
expert,b05,negative,96,culture of person accountability only,0.5,0,0.0,0.0
expert,b05,negative,97,culture of individual quotas,0.5,0,0.0,0.0
expert,b05,negative,98,culture of individual performance,1.0,0,0.0,0.0
expert,b05,negative,99,culture of individual glory,1.0,0,0.0,0.0
expert,b05,negative,100,culture of individual bonuses,0.75,0,0.0,0.0
expert,b05,positive,1,team spirit,1.0,277,318.0,0.1556
expert,b05,positive,2,team-oriented culture,1.0,30,32.0,0.016
expert,b05,positive,3,supportive teammates,1.0,22,22.0,0.011
expert,b05,positive,4,helping each other,1.0,20,22.0,0.011
expert,b05,positive,5,cross-team collaboration,1.0,11,14.0,0.007
expert,b05,positive,6,team goals,1.0,10,11.0,0.0055
expert,b05,positive,7,team goal,1.0,1,1.0,0.0005
expert,b05,positive,8,team accomplishments,1.0,1,1.0,0.0005
expert,b05,positive,9,group accomplishment,1.0,1,1.0,0.0005
expert,b05,positive,10,focus on team spirit,1.0,1,1.0,0.0005
expert,b05,positive,11,we win together,1.0,0,0.0,0.0
expert,b05,positive,12,team-oriented civilization,1.0,0,0.0,0.0
expert,b05,positive,13,team-oriented civilisation,1.0,0,0.0,0.0
expert,b05,positive,14,team-focused rewards,1.0,0,0.0,0.0
expert,b05,positive,15,team-focused reward,1.0,0,0.0,0.0
expert,b05,positive,16,team-based wages,1.0,0,0.0,0.0
expert,b05,positive,17,team-based rewards,1.0,0,0.0,0.0
expert,b05,positive,18,team-based reward,1.0,0,0.0,0.0
expert,b05,positive,19,team-based payoff,1.0,0,0.0,0.0
expert,b05,positive,20,team victory,1.0,0,0.0,0.0
expert,b05,positive,21,team victories,1.0,0,0.0,0.0
expert,b05,positive,22,team triumph,1.0,0,0.0,0.0
expert,b05,positive,23,team success thing,1.0,0,0.0,0.0
expert,b05,positive,24,team success matters,1.0,0,0.0,0.0
expert,b05,positive,25,team success matter,1.0,0,0.0,0.0
expert,b05,positive,26,team success affair,1.0,0,0.0,0.0
expert,b05,positive,27,team recognition,1.0,0,0.0,0.0
expert,b05,positive,28,team players valued,1.0,0,0.0,0.0
expert,b05,positive,29,team player valued,1.0,0,0.0,0.0
expert,b05,positive,30,team participant valued,1.0,0,0.0,0.0
expert,b05,positive,31,team acknowledgment,1.0,0,0.0,0.0
expert,b05,positive,32,team acknowledgement,1.0,0,0.0,0.0
expert,b05,positive,33,team achievement,1.0,0,0.0,0.0
expert,b05,positive,34,team accomplishment,1.0,0,0.0,0.0
expert,b05,positive,35,shared success,1.0,0,0.0,0.0
expert,b05,positive,36,grouping achievement,0.75,0,0.0,0.0
expert,b05,positive,37,group achievement,1.0,0,0.0,0.0
expert,b05,positive,38,focus on team-oriented culture,1.0,0,0.0,0.0
expert,b05,positive,39,focus on team-oriented civilization,1.0,0,0.0,0.0
expert,b05,positive,40,focus on team-oriented civilisation,1.0,0,0.0,0.0
expert,b05,positive,41,focus on team-focused rewards,1.0,0,0.0,0.0
expert,b05,positive,42,focus on team-focused reward,1.0,0,0.0,0.0
expert,b05,positive,43,focus on team-based wages,0.75,0,0.0,0.0
expert,b05,positive,44,focus on team-based rewards,1.0,0,0.0,0.0
expert,b05,positive,45,focus on team-based reward,1.0,0,0.0,0.0
expert,b05,positive,46,focus on team-based payoff,0.5,0,0.0,0.0
expert,b05,positive,47,focus on team victory,1.0,0,0.0,0.0
expert,b05,positive,48,focus on team victories,1.0,0,0.0,0.0
expert,b05,positive,49,focus on team triumph,1.0,0,0.0,0.0
expert,b05,positive,50,focus on team success thing,1.0,0,0.0,0.0
expert,b05,positive,51,focus on team success matters,1.0,0,0.0,0.0
expert,b05,positive,52,focus on team success matter,1.0,0,0.0,0.0
expert,b05,positive,53,focus on team success affair,0.75,0,0.0,0.0
expert,b05,positive,54,focus on team recognition,1.0,0,0.0,0.0
expert,b05,positive,55,focus on team players valued,1.0,0,0.0,0.0
expert,b05,positive,56,focus on team player valued,1.0,0,0.0,0.0
expert,b05,positive,57,focus on team participant valued,1.0,0,0.0,0.0
expert,b05,positive,58,focus on team goals,0.5,0,0.0,0.0
expert,b05,positive,59,focus on team goal,0.5,0,0.0,0.0
expert,b05,positive,60,focus on team acknowledgment,1.0,0,0.0,0.0
expert,b05,positive,61,focus on team acknowledgement,1.0,0,0.0,0.0
expert,b05,positive,62,focus on team achievement,1.0,0,0.0,0.0
expert,b05,positive,63,focus on team accomplishments,1.0,0,0.0,0.0
expert,b05,positive,64,focus on team accomplishment,1.0,0,0.0,0.0
expert,b05,positive,65,focus on supportive teammates,0.5,0,0.0,0.0
expert,b05,positive,66,focus on supportive teammate,0.25,0,0.0,0.0
expert,b05,positive,67,focus on shared success,0.75,0,0.0,0.0
expert,b05,positive,68,focus on grouping achievement,0.75,0,0.0,0.0
expert,b05,positive,69,focus on group achievement,1.0,0,0.0,0.0
expert,b05,positive,70,focus on group accomplishment,1.0,0,0.0,0.0
expert,b05,positive,71,focus on cross-team collaboration,1.0,0,0.0,0.0
expert,b05,positive,72,focus on cross-team coaction,1.0,0,0.0,0.0
expert,b05,positive,73,focus on collaborative success,0.75,0,0.0,0.0
expert,b05,positive,74,culture of we win together,1.0,0,0.0,0.0
expert,b05,positive,75,culture of team-oriented civilization,1.0,0,0.0,0.0
expert,b05,positive,76,culture of team-oriented civilisation,1.0,0,0.0,0.0
expert,b05,positive,77,culture of team-focused rewards,1.0,0,0.0,0.0
expert,b05,positive,78,culture of team-focused reward,1.0,0,0.0,0.0
expert,b05,positive,79,culture of team-focused payoff,1.0,0,0.0,0.0
expert,b05,positive,80,culture of team-based rewards,1.0,0,0.0,0.0
expert,b05,positive,81,culture of team-based reward,1.0,0,0.0,0.0
expert,b05,positive,82,culture of team-based payoff,1.0,0,0.0,0.0
expert,b05,positive,83,culture of team victory,1.0,0,0.0,0.0
expert,b05,positive,84,culture of team victories,1.0,0,0.0,0.0
expert,b05,positive,85,culture of team triumph,1.0,0,0.0,0.0
expert,b05,positive,86,culture of team success thing,1.0,0,0.0,0.0
expert,b05,positive,87,culture of team success matters,1.0,0,0.0,0.0
expert,b05,positive,88,culture of team success matter,1.0,0,0.0,0.0
expert,b05,positive,89,culture of team success affair,1.0,0,0.0,0.0
expert,b05,positive,90,culture of team spirit,0.75,0,0.0,0.0
expert,b05,positive,91,culture of team recognition,1.0,0,0.0,0.0
expert,b05,positive,92,culture of team players valued,1.0,0,0.0,0.0
expert,b05,positive,93,culture of team player valued,1.0,0,0.0,0.0
expert,b05,positive,94,culture of team participant valued,1.0,0,0.0,0.0
expert,b05,positive,95,culture of team goals,1.0,0,0.0,0.0
expert,b05,positive,96,culture of team goal,1.0,0,0.0,0.0
expert,b05,positive,97,culture of team acknowledgment,1.0,0,0.0,0.0
expert,b05,positive,98,culture of team acknowledgement,1.0,0,0.0,0.0
expert,b05,positive,99,culture of team achievement,1.0,0,0.0,0.0
expert,b05,positive,100,culture of team accomplishments,1.0,0,0.0,0.0
expert,b06,negative,1,insular culture,1.0,8,8.0,0.004
expert,b06,negative,2,internally focused,1.0,6,7.0,0.0035
expert,b06,negative,3,inward looking,1.0,4,6.0,0.003
expert,b06,negative,4,navel-gazing,1.0,2,2.0,0.0005
expert,b06,negative,5,self-referential,1.0,1,1.0,0.0005
expert,b06,negative,6,cut off from reality,1.0,1,1.0,0.0005
expert,b06,negative,7,we know best mentality,1.0,0,0.0,0.0
expert,b06,negative,8,pervasive office politics devour,0.25,0,0.0,0.0
expert,b06,negative,9,pervasive office politics consume,0.5,0,0.0,0.0
expert,b06,negative,10,pervasive inward looking,1.0,0,0.0,0.0
expert,b06,negative,11,pervasive inward look,1.0,0,0.0,0.0
expert,b06,negative,12,pervasive internally preoccupy,1.0,0,0.0,0.0
expert,b06,negative,13,pervasive internally preoccupied,1.0,0,0.0,0.0
expert,b06,negative,14,pervasive internally focused,1.0,0,0.0,0.0
expert,b06,negative,15,pervasive internal-only focusing,1.0,0,0.0,0.0
expert,b06,negative,16,pervasive internal-only focus,0.75,0,0.0,0.0
expert,b06,negative,17,pervasive internal turf wars,0.75,0,0.0,0.0
expert,b06,negative,18,pervasive internal politics predominate,1.0,0,0.0,0.0
expert,b06,negative,19,pervasive internal politics dominate,1.0,0,0.0,0.0
expert,b06,negative,20,pervasive insular culture,1.0,0,0.0,0.0
expert,b06,negative,21,pervasive insular civilization,1.0,0,0.0,0.0
expert,b06,negative,22,pervasive insular civilisation,1.0,0,0.0,0.0
expert,b06,negative,23,pervasive hermetic organisation,0.25,0,0.0,0.0
expert,b06,negative,24,pervasive hermetic governance,0.5,0,0.0,0.0
expert,b06,negative,25,pervasive hermetic establishment,0.75,0,0.0,0.0
expert,b06,negative,26,out of touch with customers,1.0,0,0.0,0.0
expert,b06,negative,27,office politics consume,1.0,0,0.0,0.0
expert,b06,negative,28,inward look,1.0,0,0.0,0.0
expert,b06,negative,29,internally preoccupied,1.0,0,0.0,0.0
expert,b06,negative,30,internal-only focussing,0.5,0,0.0,0.0
expert,b06,negative,31,internal-only focusing,0.75,0,0.0,0.0
expert,b06,negative,32,internal-only focus,1.0,0,0.0,0.0
expert,b06,negative,33,internal turf wars,1.0,0,0.0,0.0
expert,b06,negative,34,internal processes thing more,1.0,0,0.0,0.0
expert,b06,negative,35,internal processes matter more,1.0,0,0.0,0.0
expert,b06,negative,36,internal processes affair more,1.0,0,0.0,0.0
expert,b06,negative,37,internal process matter more,1.0,0,0.0,0.0
expert,b06,negative,38,internal politics predominate,1.0,0,0.0,0.0
expert,b06,negative,39,internal politics dominate,1.0,0,0.0,0.0
expert,b06,negative,40,insular civilization,1.0,0,0.0,0.0
expert,b06,negative,41,insular civilisation,1.0,0,0.0,0.0
expert,b06,negative,42,ignoring the market,1.0,0,0.0,0.0
expert,b06,negative,43,ignoring competition,1.0,0,0.0,0.0
expert,b06,negative,44,hermetic organisation,1.0,0,0.0,0.0
expert,b06,negative,45,hermetic governance,0.25,0,0.0,0.0
expert,b06,negative,46,hermetic establishment,1.0,0,0.0,0.0
expert,b06,negative,47,entrenched self-referential,0.75,0,0.0,0.0
expert,b06,negative,48,entrenched office politics consume,0.5,0,0.0,0.0
expert,b06,negative,49,entrenched inward looking,1.0,0,0.0,0.0
expert,b06,negative,50,entrenched inward look,1.0,0,0.0,0.0
expert,b06,negative,51,entrenched internally preoccupy,0.75,0,0.0,0.0
expert,b06,negative,52,entrenched internally preoccupied,1.0,0,0.0,0.0
expert,b06,negative,53,entrenched internally focused,1.0,0,0.0,0.0
expert,b06,negative,54,entrenched internal-only focussing,0.75,0,0.0,0.0
expert,b06,negative,55,entrenched internal-only focusing,0.75,0,0.0,0.0
expert,b06,negative,56,entrenched internal-only focus,0.75,0,0.0,0.0
expert,b06,negative,57,entrenched internal turf wars,1.0,0,0.0,0.0
expert,b06,negative,58,entrenched internal politics predominate,1.0,0,0.0,0.0
expert,b06,negative,59,entrenched internal politics dominate,1.0,0,0.0,0.0
expert,b06,negative,60,entrenched insular culture,1.0,0,0.0,0.0
expert,b06,negative,61,entrenched insular civilization,1.0,0,0.0,0.0
expert,b06,negative,62,entrenched insular civilisation,1.0,0,0.0,0.0
expert,b06,negative,63,entrenched ignoring competition,0.25,0,0.0,0.0
expert,b06,negative,64,entrenched hermetic organisation,0.5,0,0.0,0.0
expert,b06,negative,65,entrenched hermetic governance,0.5,0,0.0,0.0
expert,b06,negative,66,entrenched hermetic establishment,1.0,0,0.0,0.0
expert,b06,negative,67,entrenched hermetic administration,0.25,0,0.0,0.0
expert,b06,negative,68,entrenched disconnected from market,1.0,0,0.0,0.0
expert,b06,negative,69,disconnected from market,1.0,0,0.0,0.0
expert,b06,negative,70,detached from clients,1.0,0,0.0,0.0
expert,b06,negative,71,culture of unplug from market,0.5,0,0.0,0.0
expert,b06,negative,72,culture of office politics devour,0.25,0,0.0,0.0
expert,b06,negative,73,culture of office politics consume,0.5,0,0.0,0.0
expert,b06,negative,74,culture of inward looking,0.75,0,0.0,0.0
expert,b06,negative,75,culture of inward look,0.75,0,0.0,0.0
expert,b06,negative,76,culture of internally preoccupied,0.75,0,0.0,0.0
expert,b06,negative,77,culture of internally focused,1.0,0,0.0,0.0
expert,b06,negative,78,culture of internal-only focussing,1.0,0,0.0,0.0
expert,b06,negative,79,culture of internal-only focusing,1.0,0,0.0,0.0
expert,b06,negative,80,culture of internal-only focus,1.0,0,0.0,0.0
expert,b06,negative,81,culture of internal turf wars,0.25,0,0.0,0.0
expert,b06,negative,82,culture of internal politics predominate,1.0,0,0.0,0.0
expert,b06,negative,83,culture of internal politics dominate,1.0,0,0.0,0.0
expert,b06,negative,84,culture of insular civilization,0.75,0,0.0,0.0
expert,b06,negative,85,culture of insular civilisation,1.0,0,0.0,0.0
expert,b06,negative,86,culture of ignoring the marketplace,0.25,0,0.0,0.0
expert,b06,negative,87,culture of hermetic organisation,0.25,0,0.0,0.0
expert,b06,negative,88,culture of hermetic governance,0.25,0,0.0,0.0
expert,b06,negative,89,culture of hermetic establishment,0.5,0,0.0,0.0
expert,b06,negative,90,culture of disconnected from marketplace,0.5,0,0.0,0.0
expert,b06,negative,91,culture of disconnected from market,0.5,0,0.0,0.0
expert,b06,negative,92,culture of detached from clients,0.25,0,0.0,0.0
expert,b06,negative,93,culture of detached from client,0.25,0,0.0,0.0
expert,b06,negative,94,closed off from outside,1.0,0,0.0,0.0
expert,b06,positive,1,client-first,1.0,65,69.0,0.0329
expert,b06,positive,2,customer-centric,1.0,44,46.0,0.0229
expert,b06,positive,3,market-driven,1.0,9,11.0,0.0055
expert,b06,positive,4,market intelligence,1.0,5,5.0,0.0025
expert,b06,positive,5,customer obsession,1.0,5,5.0,0.0025
expert,b06,positive,6,stakeholder engagement,1.0,4,4.0,0.002
expert,b06,positive,7,market-focused,1.0,2,2.0,0.001
expert,b06,positive,8,focus on customer-centric,1.0,1,1.0,0.0005
expert,b06,positive,9,client obsession,1.0,1,1.0,0.0005
expert,b06,positive,10,voice of the customer,1.0,0,0.0,0.0
expert,b06,positive,11,user-focused,1.0,0,0.0,0.0
expert,b06,positive,12,stakeholder fight,0.25,0,0.0,0.0
expert,b06,positive,13,reading the marketplace,1.0,0,0.0,0.0
expert,b06,positive,14,reading the market,1.0,0,0.0,0.0
expert,b06,positive,15,outward-looking,1.0,0,0.0,0.0
expert,b06,positive,16,outside-in thinking,1.0,0,0.0,0.0
expert,b06,positive,17,marketplace sensing,1.0,0,0.0,0.0
expert,b06,positive,18,marketplace intelligence,1.0,0,0.0,0.0
expert,b06,positive,19,market sensing,1.0,0,0.0,0.0
expert,b06,positive,20,market detection,1.0,0,0.0,0.0
expert,b06,positive,21,listening to clients,1.0,0,0.0,0.0
expert,b06,positive,22,hearing to clients,1.0,0,0.0,0.0
expert,b06,positive,23,focus on stakeholder engagement,0.25,0,0.0,0.0
expert,b06,positive,24,focus on reading the marketplace,0.75,0,0.0,0.0
expert,b06,positive,25,focus on reading the market,0.25,0,0.0,0.0
expert,b06,positive,26,focus on marketplace sensing,1.0,0,0.0,0.0
expert,b06,positive,27,focus on marketplace intelligence,1.0,0,0.0,0.0
expert,b06,positive,28,focus on market-driven,0.75,0,0.0,0.0
expert,b06,positive,29,focus on market sensing,1.0,0,0.0,0.0
expert,b06,positive,30,focus on market intelligence,0.75,0,0.0,0.0
expert,b06,positive,31,focus on market detection,0.75,0,0.0,0.0
expert,b06,positive,32,focus on listening to clients,1.0,0,0.0,0.0
expert,b06,positive,33,focus on hearing to clients,1.0,0,0.0,0.0
expert,b06,positive,34,focus on external view valued,1.0,0,0.0,0.0
expert,b06,positive,35,focus on external position valued,0.75,0,0.0,0.0
expert,b06,positive,36,focus on external perspective valued,1.0,0,0.0,0.0
expert,b06,positive,37,focus on customer obsession,1.0,0,0.0,0.0
expert,b06,positive,38,focus on customer compulsion,0.75,0,0.0,0.0
expert,b06,positive,39,focus on competitor cognizance,0.25,0,0.0,0.0
expert,b06,positive,40,focus on competitor cognisance,0.5,0,0.0,0.0
expert,b06,positive,41,focus on client-first,0.5,0,0.0,0.0
expert,b06,positive,42,focus on client obsession,1.0,0,0.0,0.0
expert,b06,positive,43,externally-benchmarked,1.0,0,0.0,0.0
expert,b06,positive,44,external view valued,1.0,0,0.0,0.0
expert,b06,positive,45,external position valued,1.0,0,0.0,0.0
expert,b06,positive,46,external perspective valued,1.0,0,0.0,0.0
expert,b06,positive,47,external orientation,1.0,0,0.0,0.0
expert,b06,positive,48,customer feedback thrust decisions,0.75,0,0.0,0.0
expert,b06,positive,49,customer feedback drives determination,1.0,0,0.0,0.0
expert,b06,positive,50,customer feedback drives decisions,1.0,0,0.0,0.0
expert,b06,positive,51,customer feedback drives decision,0.75,0,0.0,0.0
expert,b06,positive,52,customer feedback drives conclusion,1.0,0,0.0,0.0
expert,b06,positive,53,customer feedback drive decisions,0.75,0,0.0,0.0
expert,b06,positive,54,customer compulsion,0.75,0,0.0,0.0
expert,b06,positive,55,culture of reading the marketplace,0.75,0,0.0,0.0
expert,b06,positive,56,culture of reading the market,1.0,0,0.0,0.0
expert,b06,positive,57,culture of marketplace sensing,1.0,0,0.0,0.0
expert,b06,positive,58,culture of marketplace intelligence,1.0,0,0.0,0.0
expert,b06,positive,59,culture of market-driven,0.75,0,0.0,0.0
expert,b06,positive,60,culture of market sensing,1.0,0,0.0,0.0
expert,b06,positive,61,culture of market intelligence,1.0,0,0.0,0.0
expert,b06,positive,62,culture of market detection,1.0,0,0.0,0.0
expert,b06,positive,63,culture of listening to clients,0.5,0,0.0,0.0
expert,b06,positive,64,culture of hearing to clients,0.25,0,0.0,0.0
expert,b06,positive,65,culture of customer-centric,0.75,0,0.0,0.0
expert,b06,positive,66,culture of customer obsession,0.75,0,0.0,0.0
expert,b06,positive,67,culture of client obsession,0.75,0,0.0,0.0
expert,b06,positive,68,competitor cognizance,0.5,0,0.0,0.0
expert,b06,positive,69,competitor cognisance,0.5,0,0.0,0.0
expert,b06,positive,70,competitor awareness,1.0,0,0.0,0.0
expert,b06,positive,71,commitment to reading the marketplace,0.5,0,0.0,0.0
expert,b06,positive,72,commitment to reading the market,0.5,0,0.0,0.0
expert,b06,positive,73,commitment to marketplace sensing,1.0,0,0.0,0.0
expert,b06,positive,74,commitment to marketplace intelligence,1.0,0,0.0,0.0
expert,b06,positive,75,commitment to market-focused,0.25,0,0.0,0.0
expert,b06,positive,76,commitment to market-driven,0.5,0,0.0,0.0
expert,b06,positive,77,commitment to market sensing,1.0,0,0.0,0.0
expert,b06,positive,78,commitment to market intelligence,0.75,0,0.0,0.0
expert,b06,positive,79,commitment to market detection,0.75,0,0.0,0.0
expert,b06,positive,80,commitment to externally-benchmarked,0.5,0,0.0,0.0
expert,b06,positive,81,commitment to external view valued,1.0,0,0.0,0.0
expert,b06,positive,82,commitment to external position valued,0.5,0,0.0,0.0
expert,b06,positive,83,commitment to external perspective valued,1.0,0,0.0,0.0
expert,b06,positive,84,commitment to customer-centric,0.5,0,0.0,0.0
expert,b06,positive,85,commitment to customer obsession,0.75,0,0.0,0.0
expert,b06,positive,86,commitment to competitor cognizance,0.25,0,0.0,0.0
expert,b06,positive,87,commitment to competitor cognisance,0.25,0,0.0,0.0
expert,b06,positive,88,commitment to client obsession,0.5,0,0.0,0.0
expert,b06,positive,89,close to the customer,1.0,0,0.0,0.0
expert,b07,negative,1,risk averse,1.0,162,171.0,0.0818
expert,b07,negative,2,conservative culture,1.0,69,71.0,0.0339
expert,b07,negative,3,conservative approach,1.0,46,47.0,0.0219
expert,b07,negative,4,afraid to speak up,1.0,8,8.0,0.004
expert,b07,negative,5,punish mistakes,1.0,2,2.0,0.001
expert,b07,negative,6,play it safe,1.0,2,2.0,0.001
expert,b07,negative,7,fear of failure,1.0,2,2.0,0.001
expert,b07,negative,8,extreme caution,1.0,2,2.0,0.001
expert,b07,negative,9,afraid to try,1.0,0,1.0,0.0005
expert,b07,negative,10,shy away from risk,1.0,0,0.0,0.0
expert,b07,negative,11,safety-first outlook,0.5,0,0.0,0.0
expert,b07,negative,12,safety-first mindset,1.0,0,0.0,0.0
expert,b07,negative,13,safety-first mind-set,0.75,0,0.0,0.0
expert,b07,negative,14,safety-first mentality,1.0,0,0.0,0.0
expert,b07,negative,15,risk-phobic,1.0,0,0.0,0.0
expert,b07,negative,16,risk-aversion imbed,1.0,0,0.0,0.0
expert,b07,negative,17,risk-aversion embedded,1.0,0,0.0,0.0
expert,b07,negative,18,risk-aversion embed,1.0,0,0.0,0.0
expert,b07,negative,19,risk antipathetical,0.75,0,0.0,0.0
expert,b07,negative,20,risk antipathetic,0.75,0,0.0,0.0
expert,b07,negative,21,punish the messenger,1.0,0,0.0,0.0
expert,b07,negative,22,pervasive risk-phobic,1.0,0,0.0,0.0
expert,b07,negative,23,pervasive risk-aversion imbed,1.0,0,0.0,0.0
expert,b07,negative,24,pervasive risk-aversion engraft,1.0,0,0.0,0.0
expert,b07,negative,25,pervasive risk-aversion embedded,1.0,0,0.0,0.0
expert,b07,negative,26,pervasive risk-aversion embed,1.0,0,0.0,0.0
expert,b07,negative,27,pervasive risk averse,1.0,0,0.0,0.0
expert,b07,negative,28,pervasive risk antipathetical,0.5,0,0.0,0.0
expert,b07,negative,29,pervasive risk antipathetic,0.5,0,0.0,0.0
expert,b07,negative,30,pervasive over-cautious,0.25,0,0.0,0.0
expert,b07,negative,31,pervasive fear of failure,1.0,0,0.0,0.0
expert,b07,negative,32,pervasive extreme cautiousness,0.75,0,0.0,0.0
expert,b07,negative,33,pervasive extreme caution,0.5,0,0.0,0.0
expert,b07,negative,34,pervasive extreme carefulness,0.25,0,0.0,0.0
expert,b07,negative,35,pervasive career-limiting to fail,0.5,0,0.0,0.0
expert,b07,negative,36,pervasive avoid risk,1.0,0,0.0,0.0
expert,b07,negative,37,pervasive afraid to try,0.5,0,0.0,0.0
expert,b07,negative,38,over-cautious,1.0,0,0.0,0.0
expert,b07,negative,39,no tolerance for failure,1.0,0,0.0,0.0
expert,b07,negative,40,extreme cautiousness,1.0,0,0.0,0.0
expert,b07,negative,41,extreme carefulness,1.0,0,0.0,0.0
expert,b07,negative,42,entrenched safety-first outlook,0.75,0,0.0,0.0
expert,b07,negative,43,entrenched safety-first mindset,1.0,0,0.0,0.0
expert,b07,negative,44,entrenched safety-first mind-set,0.75,0,0.0,0.0
expert,b07,negative,45,entrenched safety-first mentality,0.75,0,0.0,0.0
expert,b07,negative,46,entrenched risk antipathetical,1.0,0,0.0,0.0
expert,b07,negative,47,entrenched risk antipathetic,1.0,0,0.0,0.0
expert,b07,negative,48,entrenched over-cautious,1.0,0,0.0,0.0
expert,b07,negative,49,entrenched fear of failure,1.0,0,0.0,0.0
expert,b07,negative,50,entrenched extreme cautiousness,1.0,0,0.0,0.0
expert,b07,negative,51,entrenched extreme caution,1.0,0,0.0,0.0
expert,b07,negative,52,entrenched extreme carefulness,0.75,0,0.0,0.0
expert,b07,negative,53,entrenched career-limiting to fail,0.5,0,0.0,0.0
expert,b07,negative,54,entrenched afraid to try,0.5,0,0.0,0.0
expert,b07,negative,55,endless approvals,1.0,0,0.0,0.0
expert,b07,negative,56,culture of risk-phobic,1.0,0,0.0,0.0
expert,b07,negative,57,culture of risk-aversion imbed,1.0,0,0.0,0.0
expert,b07,negative,58,culture of risk-aversion engraft,1.0,0,0.0,0.0
expert,b07,negative,59,culture of risk-aversion embedded,1.0,0,0.0,0.0
expert,b07,negative,60,culture of risk-aversion embed,1.0,0,0.0,0.0
expert,b07,negative,61,culture of risk averse,1.0,0,0.0,0.0
expert,b07,negative,62,culture of over-cautious,0.75,0,0.0,0.0
expert,b07,negative,63,culture of extreme cautiousness,0.75,0,0.0,0.0
expert,b07,negative,64,culture of extreme caution,0.75,0,0.0,0.0
expert,b07,negative,65,culture of extreme carefulness,0.75,0,0.0,0.0
expert,b07,negative,66,culture of avoiding risk,1.0,0,0.0,0.0
expert,b07,negative,67,culture of avoid risk,1.0,0,0.0,0.0
expert,b07,negative,68,culture of afraid to try,0.75,0,0.0,0.0
expert,b07,negative,69,cautious to a mistake,1.0,0,0.0,0.0
expert,b07,negative,70,cautious to a fault,1.0,0,0.0,0.0
expert,b07,negative,71,cautious to a error,1.0,0,0.0,0.0
expert,b07,negative,72,career-limiting to fail,1.0,0,0.0,0.0
expert,b07,negative,73,avoiding risk,1.0,0,0.0,0.0
expert,b07,positive,1,risk appetite,1.0,15,19.0,0.0095
expert,b07,positive,2,willing to take risks,1.0,5,9.0,0.0045
expert,b07,positive,3,taking chances,1.0,2,2.0,0.001
expert,b07,positive,4,high-risk high-reward,1.0,2,2.0,0.001
expert,b07,positive,5,calculated risk-taking,1.0,1,1.0,0.0005
expert,b07,positive,6,venture spirit,1.0,0,0.0,0.0
expert,b07,positive,7,tolerance for failure,1.0,0,0.0,0.0
expert,b07,positive,8,taking opportunity,0.5,0,0.0,0.0
expert,b07,positive,9,taking chance,1.0,0,0.0,0.0
expert,b07,positive,10,swing for the fences,1.0,0,0.0,0.0
expert,b07,positive,11,speculative high-reward,0.25,0,0.0,0.0
expert,b07,positive,12,risky high-reward,1.0,0,0.0,0.0
expert,b07,positive,13,risk-tolerant,1.0,0,0.0,0.0
expert,b07,positive,14,risk-embracing,1.0,0,0.0,0.0
expert,b07,positive,15,psychological safety to fail,1.0,0,0.0,0.0
expert,b07,positive,16,pickings chances,1.0,0,0.0,0.0
expert,b07,positive,17,moonshot thinking,1.0,0,0.0,0.0
expert,b07,positive,18,learn from failure,1.0,0,0.0,0.0
expert,b07,positive,19,focus on venture spirit,0.25,0,0.0,0.0
expert,b07,positive,20,focus on taking opportunity,0.25,0,0.0,0.0
expert,b07,positive,21,focus on taking chances,1.0,0,0.0,0.0
expert,b07,positive,22,focus on taking chance,1.0,0,0.0,0.0
expert,b07,positive,23,focus on risky high-reward,1.0,0,0.0,0.0
expert,b07,positive,24,focus on risk appetite,1.0,0,0.0,0.0
expert,b07,positive,25,focus on pickings chances,1.0,0,0.0,0.0
expert,b07,positive,26,focus on high-risk high-reward,1.0,0,0.0,0.0
expert,b07,positive,27,focus on experimentation promote,0.5,0,0.0,0.0
expert,b07,positive,28,focus on compute risk-taking,0.75,0,0.0,0.0
expert,b07,positive,29,focus on calculated risk-taking,1.0,0,0.0,0.0
expert,b07,positive,30,focus on calculate risk-taking,1.0,0,0.0,0.0
expert,b07,positive,31,focus on bold bets,0.75,0,0.0,0.0
expert,b07,positive,32,focus on big bet culture,0.5,0,0.0,0.0
expert,b07,positive,33,focus on big bet civilization,0.75,0,0.0,0.0
expert,b07,positive,34,focus on big bet civilisation,0.5,0,0.0,0.0
expert,b07,positive,35,focus on audacious moves,0.5,0,0.0,0.0
expert,b07,positive,36,focus on audacious move,0.75,0,0.0,0.0
expert,b07,positive,37,focus on acquire from failure,0.5,0,0.0,0.0
expert,b07,positive,38,fail fast learn faster,1.0,0,0.0,0.0
expert,b07,positive,39,fail fast acquire faster,0.5,0,0.0,0.0
expert,b07,positive,40,experimentation promote,0.5,0,0.0,0.0
expert,b07,positive,41,experimentation encouraged,1.0,0,0.0,0.0
expert,b07,positive,42,embrace uncertainty,1.0,0,0.0,0.0
expert,b07,positive,43,culture of venture spirit,0.25,0,0.0,0.0
expert,b07,positive,44,culture of taking chances,1.0,0,0.0,0.0
expert,b07,positive,45,culture of taking chance,0.75,0,0.0,0.0
expert,b07,positive,46,culture of speculative high-reward,0.5,0,0.0,0.0
expert,b07,positive,47,culture of risky high-reward,1.0,0,0.0,0.0
expert,b07,positive,48,culture of pickings chances,0.5,0,0.0,0.0
expert,b07,positive,49,culture of high-risk high-reward,1.0,0,0.0,0.0
expert,b07,positive,50,culture of compute risk-taking,0.75,0,0.0,0.0
expert,b07,positive,51,culture of calculated risk-taking,1.0,0,0.0,0.0
expert,b07,positive,52,culture of bold bets,1.0,0,0.0,0.0
expert,b07,positive,53,culture of acquire from failure,0.5,0,0.0,0.0
expert,b07,positive,54,compute risk-taking,1.0,0,0.0,0.0
expert,b07,positive,55,commitment to venture spirit,0.5,0,0.0,0.0
expert,b07,positive,56,commitment to taking opportunity,0.5,0,0.0,0.0
expert,b07,positive,57,commitment to taking chances,1.0,0,0.0,0.0
expert,b07,positive,58,commitment to taking chance,1.0,0,0.0,0.0
expert,b07,positive,59,commitment to speculative high-reward,0.5,0,0.0,0.0
expert,b07,positive,60,commitment to risky high-reward,1.0,0,0.0,0.0
expert,b07,positive,61,commitment to risk appetite,1.0,0,0.0,0.0
expert,b07,positive,62,commitment to pickings chances,1.0,0,0.0,0.0
expert,b07,positive,63,commitment to moonshot thinking,0.25,0,0.0,0.0
expert,b07,positive,64,commitment to larn from failure,0.5,0,0.0,0.0
expert,b07,positive,65,commitment to high-risk high-reward,1.0,0,0.0,0.0
expert,b07,positive,66,commitment to experimentation promote,0.75,0,0.0,0.0
expert,b07,positive,67,commitment to experimentation further,0.75,0,0.0,0.0
expert,b07,positive,68,commitment to experiment encouraged,0.75,0,0.0,0.0
expert,b07,positive,69,commitment to dauntless moves,0.5,0,0.0,0.0
expert,b07,positive,70,commitment to compute risk-taking,1.0,0,0.0,0.0
expert,b07,positive,71,commitment to calculated risk-taking,1.0,0,0.0,0.0
expert,b07,positive,72,commitment to calculate risk-taking,1.0,0,0.0,0.0
expert,b07,positive,73,commitment to bold bets,1.0,0,0.0,0.0
expert,b07,positive,74,commitment to big bet culture,0.75,0,0.0,0.0
expert,b07,positive,75,commitment to big bet civilization,1.0,0,0.0,0.0
expert,b07,positive,76,commitment to big bet civilisation,1.0,0,0.0,0.0
expert,b07,positive,77,commitment to audacious moves,0.75,0,0.0,0.0
expert,b07,positive,78,commitment to audacious move,0.75,0,0.0,0.0
expert,b07,positive,79,commitment to acquire from failure,1.0,0,0.0,0.0
expert,b07,positive,80,calculate risk-taking,1.0,0,0.0,0.0
expert,b07,positive,81,brave decisions,1.0,0,0.0,0.0
expert,b07,positive,82,bold bets,1.0,0,0.0,0.0
expert,b07,positive,83,big bet culture,1.0,0,0.0,0.0
expert,b07,positive,84,big bet civilization,0.75,0,0.0,0.0
expert,b07,positive,85,big bet civilisation,0.75,0,0.0,0.0
expert,b07,positive,86,audacious moves,1.0,0,0.0,0.0
expert,b07,positive,87,audacious move,0.5,0,0.0,0.0
expert,b07,positive,88,acquire from failure,0.75,0,0.0,0.0
expert,b08,negative,1,office politics,1.0,1093,1203.0,0.5809
expert,b08,negative,2,favouritism,1.0,250,285.0,0.1356
expert,b08,negative,3,cronyism,1.0,57,63.0,0.0309
expert,b08,negative,4,playing politics,1.0,46,47.0,0.0234
expert,b08,negative,5,political games,1.0,30,37.0,0.018
expert,b08,negative,6,political game,0.75,34,26.2,0.0165
expert,b08,negative,7,unfair promotions,1.0,6,8.0,0.004
expert,b08,negative,8,backstabbing culture,1.0,7,8.0,0.004
expert,b08,negative,9,political maneuvering,1.0,6,7.0,0.0035
expert,b08,negative,10,who you know matters,1.0,5,5.0,0.0025
expert,b08,negative,11,tenure-based promotion,1.0,2,2.0,0.001
expert,b08,negative,12,sucking up to management,1.0,2,2.0,0.001
expert,b08,negative,13,sycophancy rewarded,1.0,0,1.0,0.0005
expert,b08,negative,14,visibility over results,1.0,0,0.0,0.0
expert,b08,negative,15,tenure-based publicity,0.5,0,0.0,0.0
expert,b08,negative,16,sponsor system,1.0,0,0.0,0.0
expert,b08,negative,17,seniority not skill,1.0,0,0.0,0.0
expert,b08,negative,18,seniority not acquirement,0.25,0,0.0,0.0
expert,b08,negative,19,political manoeuver,0.5,0,0.0,0.0
expert,b08,negative,20,pervasive tenure-based publicity,0.5,0,0.0,0.0
expert,b08,negative,21,pervasive political manoeuver,0.25,0,0.0,0.0
expert,b08,negative,22,pervasive political games,0.25,0,0.0,0.0
expert,b08,negative,23,pervasive political game,0.25,0,0.0,0.0
expert,b08,negative,24,network over merit,1.0,0,0.0,0.0
expert,b08,negative,25,kissing up to bosses,1.0,0,0.0,0.0
expert,b08,negative,26,in-group out-group dynamics,1.0,0,0.0,0.0
expert,b08,negative,27,entrenched unjust promotions,0.75,0,0.0,0.0
expert,b08,negative,28,entrenched unfair promotions,1.0,0,0.0,0.0
expert,b08,negative,29,entrenched unfair promotion,1.0,0,0.0,0.0
expert,b08,negative,30,entrenched tenure-based publicity,0.5,0,0.0,0.0
expert,b08,negative,31,entrenched tenure-based promotion,0.75,0,0.0,0.0
expert,b08,negative,32,entrenched sycophancy rewarded,0.75,0,0.0,0.0
expert,b08,negative,33,entrenched supporter system,0.75,0,0.0,0.0
expert,b08,negative,34,entrenched political manoeuver,0.25,0,0.0,0.0
expert,b08,negative,35,entrenched political games,0.25,0,0.0,0.0
expert,b08,negative,36,entrenched political game,0.25,0,0.0,0.0
expert,b08,negative,37,entrenched network over merit,1.0,0,0.0,0.0
expert,b08,negative,38,entrenched favoritism,0.5,0,0.0,0.0
expert,b08,negative,39,entrenched brown-nosing rewarded,0.75,0,0.0,0.0
expert,b08,negative,40,culture of unjust promotions,0.25,0,0.0,0.0
expert,b08,negative,41,culture of unfair promotion,0.5,0,0.0,0.0
expert,b08,negative,42,culture of tenure-based publicity,0.5,0,0.0,0.0
expert,b08,negative,43,culture of tenure-based promotion,0.75,0,0.0,0.0
expert,b08,negative,44,culture of political manoeuver,0.25,0,0.0,0.0
expert,b08,negative,45,culture of political games,0.5,0,0.0,0.0
expert,b08,negative,46,culture of political game,0.5,0,0.0,0.0
expert,b08,negative,47,culture of playing politics,0.25,0,0.0,0.0
expert,b08,negative,48,culture of network over merit,0.5,0,0.0,0.0
expert,b08,negative,49,connections over competence,1.0,0,0.0,0.0
expert,b08,negative,50,brown-nosing rewarded,1.0,0,0.0,0.0
expert,b08,positive,1,meritocracy,1.0,441,654.0,0.3161
expert,b08,positive,2,meritocratic culture,1.0,18,21.0,0.0105
expert,b08,positive,3,transparent promotion,1.0,4,10.0,0.005
expert,b08,positive,4,merit-based promotion,1.0,4,6.0,0.003
expert,b08,positive,5,hard work rewarded,1.0,3,3.0,0.0015
expert,b08,positive,6,fair evaluation,1.0,3,3.0,0.0015
expert,b08,positive,7,advancement based on performance,1.0,2,2.0,0.001
expert,b08,positive,8,rewarded for results,1.0,1,1.0,0.0005
expert,b08,positive,9,results speak for themselves,1.0,1,1.0,0.0005
expert,b08,positive,10,objective evaluation,1.0,1,1.0,0.0005
expert,b08,positive,11,objective criteria,1.0,0,1.0,0.0005
expert,b08,positive,12,no favouritism,1.0,1,1.0,0.0005
expert,b08,positive,13,focus on meritocracy,1.0,0,1.0,0.0005
expert,b08,positive,14,best ideas win,1.0,1,1.0,0.0005
expert,b08,positive,15,achievement-driven,1.0,1,1.0,0.0005
expert,b08,positive,16,promotion based on performance,0.75,1,0.8,0.0005
expert,b08,positive,17,target evaluation,0.25,0,0.0,0.0
expert,b08,positive,18,target criteria,0.25,0,0.0,0.0
expert,b08,positive,19,talent wins,1.0,0,0.0,0.0
expert,b08,positive,20,rewarded for result,0.5,0,0.0,0.0
expert,b08,positive,21,performance-based promotion,0.5,0,0.0,0.0
expert,b08,positive,22,performance-based advancement,1.0,0,0.0,0.0
expert,b08,positive,23,performance drives promotion,0.5,0,0.0,0.0
expert,b08,positive,24,performance drives advancement,1.0,0,0.0,0.0
expert,b08,positive,25,output-based rewards,1.0,0,0.0,0.0
expert,b08,positive,26,output-based reward,0.5,0,0.0,0.0
expert,b08,positive,27,objective rating,0.5,0,0.0,0.0
expert,b08,positive,28,objective criterion,0.5,0,0.0,0.0
expert,b08,positive,29,meritocratic civilization,1.0,0,0.0,0.0
expert,b08,positive,30,merit-based publicity,1.0,0,0.0,0.0
expert,b08,positive,31,lucid promotion,0.75,0,0.0,0.0
expert,b08,positive,32,impartial assessment,1.0,0,0.0,0.0
expert,b08,positive,33,impartial appraisal,0.5,0,0.0,0.0
expert,b08,positive,34,focus on transparent promotion,0.5,0,0.0,0.0
expert,b08,positive,35,focus on rewarded for results,0.5,0,0.0,0.0
expert,b08,positive,36,focus on rewarded for result,0.75,0,0.0,0.0
expert,b08,positive,37,focus on performance-based promotion,0.5,0,0.0,0.0
expert,b08,positive,38,focus on performance drives promotion,0.5,0,0.0,0.0
expert,b08,positive,39,focus on output-based rewards,0.5,0,0.0,0.0
expert,b08,positive,40,focus on output-based reward,0.5,0,0.0,0.0
expert,b08,positive,41,focus on objective evaluation,0.25,0,0.0,0.0
expert,b08,positive,42,focus on objective criteria,0.25,0,0.0,0.0
expert,b08,positive,43,focus on meritocratic civilization,1.0,0,0.0,0.0
expert,b08,positive,44,focus on meritocratic civilisation,1.0,0,0.0,0.0
expert,b08,positive,45,focus on merit-based publicity,1.0,0,0.0,0.0
expert,b08,positive,46,focus on merit-based promotion,1.0,0,0.0,0.0
expert,b08,positive,47,focus on merit-based packaging,0.75,0,0.0,0.0
expert,b08,positive,48,focus on lucid promotion,0.5,0,0.0,0.0
expert,b08,positive,49,focus on impartial assessment,0.75,0,0.0,0.0
expert,b08,positive,50,focus on impartial appraisal,0.5,0,0.0,0.0
expert,b08,positive,51,focus on fair evaluation,0.75,0,0.0,0.0
expert,b08,positive,52,focus on capability-based promotion,0.25,0,0.0,0.0
expert,b08,positive,53,focus on achievement-driven,0.5,0,0.0,0.0
expert,b08,positive,54,endowment wins,0.5,0,0.0,0.0
expert,b08,positive,55,culture of objective criterion,0.25,0,0.0,0.0
expert,b08,positive,56,culture of merit-based promotion,1.0,0,0.0,0.0
expert,b08,positive,57,culture of merit-based packaging,0.25,0,0.0,0.0
expert,b08,positive,58,culture of fair evaluation,0.25,0,0.0,0.0
expert,b08,positive,59,commitment to transparent promotion,0.75,0,0.0,0.0
expert,b08,positive,60,commitment to target evaluation,0.5,0,0.0,0.0
expert,b08,positive,61,commitment to target criteria,0.5,0,0.0,0.0
expert,b08,positive,62,commitment to rewarded for results,0.75,0,0.0,0.0
expert,b08,positive,63,commitment to rewarded for result,0.75,0,0.0,0.0
expert,b08,positive,64,commitment to performance-based promotion,0.5,0,0.0,0.0
expert,b08,positive,65,commitment to performance-based furtherance,0.25,0,0.0,0.0
expert,b08,positive,66,commitment to performance-based advancement,0.75,0,0.0,0.0
expert,b08,positive,67,commitment to performance thrust advancement,0.25,0,0.0,0.0
expert,b08,positive,68,commitment to performance drives promotion,0.5,0,0.0,0.0
expert,b08,positive,69,commitment to performance drives advancement,0.5,0,0.0,0.0
expert,b08,positive,70,commitment to performance drive advancement,0.5,0,0.0,0.0
expert,b08,positive,71,commitment to output-based rewards,0.75,0,0.0,0.0
expert,b08,positive,72,commitment to output-based reward,0.5,0,0.0,0.0
expert,b08,positive,73,commitment to objective evaluation,0.75,0,0.0,0.0
expert,b08,positive,74,commitment to objective criterion,0.5,0,0.0,0.0
expert,b08,positive,75,commitment to objective criteria,0.5,0,0.0,0.0
expert,b08,positive,76,commitment to meritocratic civilization,1.0,0,0.0,0.0
expert,b08,positive,77,commitment to meritocracy,1.0,0,0.0,0.0
expert,b08,positive,78,commitment to merit-based publicity,1.0,0,0.0,0.0
expert,b08,positive,79,commitment to merit-based promotion,1.0,0,0.0,0.0
expert,b08,positive,80,commitment to merit-based packaging,0.75,0,0.0,0.0
expert,b08,positive,81,commitment to lucid promotion,0.5,0,0.0,0.0
expert,b08,positive,82,commitment to impartial assessment,0.5,0,0.0,0.0
expert,b08,positive,83,commitment to impartial appraisal,0.5,0,0.0,0.0
expert,b08,positive,84,commitment to fair evaluation,0.75,0,0.0,0.0
expert,b08,positive,85,commitment to capability-based promotion,0.5,0,0.0,0.0
expert,b08,positive,86,commitment to achievement-driven,0.25,0,0.0,0.0
expert,b08,positive,87,capability-based promotion,1.0,0,0.0,0.0
expert,b08,positive,88,advancement establish on performance,0.75,0,0.0,0.0
expert,b09,negative,1,toxic culture,1.0,498,531.0,0.2378
expert,b09,negative,2,blame culture,1.0,45,61.0,0.0299
expert,b09,negative,3,toxic workplace,1.0,54,59.0,0.0274
expert,b09,negative,4,hostile environment,1.0,41,48.0,0.0224
expert,b09,negative,5,toxic managers,1.0,29,35.0,0.0175
expert,b09,negative,6,toxic manager,1.0,20,23.0,0.0115
expert,b09,negative,7,verbally abusive,1.0,14,15.0,0.007
expert,b09,negative,8,abusive management,1.0,11,11.0,0.005
expert,b09,negative,9,unsafe environment,1.0,5,5.0,0.0025
expert,b09,negative,10,yelling and screaming,1.0,3,3.0,0.0015
expert,b09,negative,11,no respect for staff,1.0,3,3.0,0.0015
expert,b09,negative,12,harassment issues,1.0,2,2.0,0.001
expert,b09,negative,13,disrespectful behavior,1.0,1,2.0,0.001
expert,b09,negative,14,burnout culture,1.0,2,2.0,0.001
expert,b09,negative,15,backbiting culture,1.0,2,2.0,0.001
expert,b09,negative,16,bullying tolerated,1.0,1,1.0,0.0005
expert,b09,negative,17,no regard for staff,0.25,1,0.2,0.0005
expert,b09,negative,18,toxic director,1.0,0,0.0,0.0
expert,b09,negative,19,toxic civilization,1.0,0,0.0,0.0
expert,b09,negative,20,toxic civilisation,1.0,0,0.0,0.0
expert,b09,negative,21,psychological harm,1.0,0,0.0,0.0
expert,b09,negative,22,pervasive yelling and shrieking,1.0,0,0.0,0.0
expert,b09,negative,23,pervasive yelling and shriek,0.75,0,0.0,0.0
expert,b09,negative,24,pervasive yelling and screaming,0.75,0,0.0,0.0
expert,b09,negative,25,pervasive yelling and scream,0.75,0,0.0,0.0
expert,b09,negative,26,pervasive verbally opprobrious,0.25,0,0.0,0.0
expert,b09,negative,27,pervasive verbally abusive,1.0,0,0.0,0.0
expert,b09,negative,28,pervasive unsafe environment,0.25,0,0.0,0.0
expert,b09,negative,29,pervasive toxic workplace,1.0,0,0.0,0.0
expert,b09,negative,30,pervasive toxic managers,1.0,0,0.0,0.0
expert,b09,negative,31,pervasive toxic manager,1.0,0,0.0,0.0
expert,b09,negative,32,pervasive toxic director,1.0,0,0.0,0.0
expert,b09,negative,33,pervasive toxic culture,1.0,0,0.0,0.0
expert,b09,negative,34,pervasive toxic civilization,1.0,0,0.0,0.0
expert,b09,negative,35,pervasive toxic civilisation,1.0,0,0.0,0.0
expert,b09,negative,36,pervasive shouting and screaming,0.75,0,0.0,0.0
expert,b09,negative,37,pervasive psychological harm,1.0,0,0.0,0.0
expert,b09,negative,38,pervasive intimidation tolerated,0.5,0,0.0,0.0
expert,b09,negative,39,pervasive hostile environment,0.75,0,0.0,0.0
expert,b09,negative,40,pervasive hostile coworkers,1.0,0,0.0,0.0
expert,b09,negative,41,pervasive harassment issues,1.0,0,0.0,0.0
expert,b09,negative,42,pervasive harassment issue,1.0,0,0.0,0.0
expert,b09,negative,43,pervasive disrespectful behaviour,1.0,0,0.0,0.0
expert,b09,negative,44,pervasive disrespectful behavior,1.0,0,0.0,0.0
expert,b09,negative,45,pervasive denigration employees,0.25,0,0.0,0.0
expert,b09,negative,46,pervasive cruel management,1.0,0,0.0,0.0
expert,b09,negative,47,pervasive cruel direction,0.75,0,0.0,0.0
expert,b09,negative,48,pervasive burnout culture,0.75,0,0.0,0.0
expert,b09,negative,49,pervasive burnout civilization,0.5,0,0.0,0.0
expert,b09,negative,50,pervasive burnout civilisation,0.5,0,0.0,0.0
expert,b09,negative,51,pervasive bullying tolerated,1.0,0,0.0,0.0
expert,b09,negative,52,pervasive bullying endure,1.0,0,0.0,0.0
expert,b09,negative,53,pervasive brutal management,0.5,0,0.0,0.0
expert,b09,negative,54,pervasive blame culture,0.75,0,0.0,0.0
expert,b09,negative,55,pervasive blame civilization,0.5,0,0.0,0.0
expert,b09,negative,56,pervasive blame civilisation,0.5,0,0.0,0.0
expert,b09,negative,57,pervasive belittling employees,1.0,0,0.0,0.0
expert,b09,negative,58,pervasive backbiting culture,0.5,0,0.0,0.0
expert,b09,negative,59,pervasive backbite culture,0.5,0,0.0,0.0
expert,b09,negative,60,pervasive abusive management,1.0,0,0.0,0.0
expert,b09,negative,61,pervasive abusive direction,1.0,0,0.0,0.0
expert,b09,negative,62,intimidation tolerated,0.5,0,0.0,0.0
expert,b09,negative,63,hostile coworkers,1.0,0,0.0,0.0
expert,b09,negative,64,harassment issue,1.0,0,0.0,0.0
expert,b09,negative,65,gaslighting managers,1.0,0,0.0,0.0
expert,b09,negative,66,entrenched yelling and shrieking,0.5,0,0.0,0.0
expert,b09,negative,67,entrenched yelling and shriek,0.25,0,0.0,0.0
expert,b09,negative,68,entrenched yelling and scream,0.25,0,0.0,0.0
expert,b09,negative,69,entrenched verbally abusive,1.0,0,0.0,0.0
expert,b09,negative,70,entrenched toxic workplace,1.0,0,0.0,0.0
expert,b09,negative,71,entrenched toxic managers,1.0,0,0.0,0.0
expert,b09,negative,72,entrenched toxic manager,1.0,0,0.0,0.0
expert,b09,negative,73,entrenched toxic director,1.0,0,0.0,0.0
expert,b09,negative,74,entrenched toxic culture,1.0,0,0.0,0.0
expert,b09,negative,75,entrenched toxic civilization,1.0,0,0.0,0.0
expert,b09,negative,76,entrenched toxic civilisation,0.75,0,0.0,0.0
expert,b09,negative,77,entrenched psychological harm,1.0,0,0.0,0.0
expert,b09,negative,78,entrenched intimidation tolerated,0.25,0,0.0,0.0
expert,b09,negative,79,entrenched hostile coworkers,1.0,0,0.0,0.0
expert,b09,negative,80,entrenched harassment issues,1.0,0,0.0,0.0
expert,b09,negative,81,entrenched harassment issue,1.0,0,0.0,0.0
expert,b09,negative,82,entrenched disrespectful behaviour,0.75,0,0.0,0.0
expert,b09,negative,83,entrenched disrespectful behavior,0.75,0,0.0,0.0
expert,b09,negative,84,entrenched cruel management,0.75,0,0.0,0.0
expert,b09,negative,85,entrenched burnout culture,0.5,0,0.0,0.0
expert,b09,negative,86,entrenched bullying tolerated,1.0,0,0.0,0.0
expert,b09,negative,87,entrenched bullying endure,1.0,0,0.0,0.0
expert,b09,negative,88,entrenched blame culture,0.5,0,0.0,0.0
expert,b09,negative,89,entrenched belittling employees,0.75,0,0.0,0.0
expert,b09,negative,90,entrenched abusive management,0.75,0,0.0,0.0
expert,b09,negative,91,disrespectful behaviour,1.0,0,0.0,0.0
expert,b09,negative,92,culture of yelling and shrieking,1.0,0,0.0,0.0
expert,b09,negative,93,culture of yelling and shriek,1.0,0,0.0,0.0
expert,b09,negative,94,culture of yelling and screaming,1.0,0,0.0,0.0
expert,b09,negative,95,culture of yelling and scream,1.0,0,0.0,0.0
expert,b09,negative,96,culture of verbally scurrilous,1.0,0,0.0,0.0
expert,b09,negative,97,culture of verbally opprobrious,0.75,0,0.0,0.0
expert,b09,negative,98,culture of verbally abusive,1.0,0,0.0,0.0
expert,b09,negative,99,culture of toxic workplace,1.0,0,0.0,0.0
expert,b09,negative,100,culture of toxic managers,1.0,0,0.0,0.0
expert,b09,positive,1,supportive team,1.0,448,452.0,0.2209
expert,b09,positive,2,supportive management,1.0,370,380.0,0.187
expert,b09,positive,3,supportive environment,1.0,307,315.0,0.1541
expert,b09,positive,4,supportive colleagues,1.0,200,205.0,0.1012
expert,b09,positive,5,positive work environment,1.0,199,203.0,0.0982
expert,b09,positive,6,welcoming culture,1.0,63,68.0,0.0324
expert,b09,positive,7,constructive feedback,1.0,37,48.0,0.0234
expert,b09,positive,8,understanding managers,1.0,30,30.0,0.015
expert,b09,positive,9,caring culture,1.0,28,28.0,0.0135
expert,b09,positive,10,mental health support,1.0,14,16.0,0.008
expert,b09,positive,11,kind coworkers,1.0,15,15.0,0.0075
expert,b09,positive,12,healthy workplace,1.0,9,10.0,0.005
expert,b09,positive,13,respectful workplace,1.0,9,9.0,0.0045
expert,b09,positive,14,supportive colleague,1.0,4,5.0,0.0025
expert,b09,positive,15,encouraging atmosphere,1.0,3,3.0,0.0015
expert,b09,positive,16,well-being focus,1.0,2,2.0,0.001
expert,b09,positive,17,psychologically safe,1.0,2,2.0,0.001
expert,b09,positive,18,compassionate leadership,1.0,1,1.0,0.0005
expert,b09,positive,19,wellbeing prioritised,1.0,0,0.0,0.0
expert,b09,positive,20,wellbeing prioritise,0.25,0,0.0,0.0
expert,b09,positive,21,supportive workfellow,1.0,0,0.0,0.0
expert,b09,positive,22,supportive direction,1.0,0,0.0,0.0
expert,b09,positive,23,supportive co-worker,1.0,0,0.0,0.0
expert,b09,positive,24,safe to speak up,1.0,0,0.0,0.0
expert,b09,positive,25,mental wellness support,1.0,0,0.0,0.0
expert,b09,positive,26,lovingness culture,0.75,0,0.0,0.0
expert,b09,positive,27,focus on wellbeing prioritised,0.5,0,0.0,0.0
expert,b09,positive,28,focus on wellbeing prioritise,0.5,0,0.0,0.0
expert,b09,positive,29,focus on welcoming culture,0.5,0,0.0,0.0
expert,b09,positive,30,focus on supportive workfellow,1.0,0,0.0,0.0
expert,b09,positive,31,focus on supportive management,0.5,0,0.0,0.0
expert,b09,positive,32,focus on supportive environment,1.0,0,0.0,0.0
expert,b09,positive,33,focus on supportive direction,0.5,0,0.0,0.0
expert,b09,positive,34,focus on supportive colleagues,0.75,0,0.0,0.0
expert,b09,positive,35,focus on supportive colleague,1.0,0,0.0,0.0
expert,b09,positive,36,focus on supportive co-worker,1.0,0,0.0,0.0
expert,b09,positive,37,focus on respectful workplace,0.75,0,0.0,0.0
expert,b09,positive,38,focus on positive work environment,0.5,0,0.0,0.0
expert,b09,positive,39,focus on mental wellness support,1.0,0,0.0,0.0
expert,b09,positive,40,focus on mental health support,0.75,0,0.0,0.0
expert,b09,positive,41,focus on lovingness culture,0.75,0,0.0,0.0
expert,b09,positive,42,focus on healthy workplace,0.75,0,0.0,0.0
expert,b09,positive,43,focus on empathy at work,0.5,0,0.0,0.0
expert,b09,positive,44,focus on caring culture,0.75,0,0.0,0.0
expert,b09,positive,45,empathy at work,1.0,0,0.0,0.0
expert,b09,positive,46,culture of wellbeing prioritize,0.75,0,0.0,0.0
expert,b09,positive,47,culture of wellbeing prioritised,1.0,0,0.0,0.0
expert,b09,positive,48,culture of wellbeing prioritise,1.0,0,0.0,0.0
expert,b09,positive,49,culture of wellbeing focus,0.75,0,0.0,0.0
expert,b09,positive,50,culture of well-being prioritised,0.75,0,0.0,0.0
expert,b09,positive,51,culture of well-being focussing,0.75,0,0.0,0.0
expert,b09,positive,52,culture of well-being focusing,0.75,0,0.0,0.0
expert,b09,positive,53,culture of well-being focus,0.75,0,0.0,0.0
expert,b09,positive,54,culture of welcoming civilization,0.5,0,0.0,0.0
expert,b09,positive,55,culture of welcoming civilisation,0.5,0,0.0,0.0
expert,b09,positive,56,culture of understanding managers,0.25,0,0.0,0.0
expert,b09,positive,57,culture of understanding manager,0.25,0,0.0,0.0
expert,b09,positive,58,culture of understanding director,0.25,0,0.0,0.0
expert,b09,positive,59,culture of supportive workfellow,1.0,0,0.0,0.0
expert,b09,positive,60,culture of supportive management,1.0,0,0.0,0.0
expert,b09,positive,61,culture of supportive environment,1.0,0,0.0,0.0
expert,b09,positive,62,culture of supportive direction,0.75,0,0.0,0.0
expert,b09,positive,63,culture of supportive colleagues,1.0,0,0.0,0.0
expert,b09,positive,64,culture of supportive colleague,1.0,0,0.0,0.0
expert,b09,positive,65,culture of supportive co-worker,1.0,0,0.0,0.0
expert,b09,positive,66,culture of psychologically safe,1.0,0,0.0,0.0
expert,b09,positive,67,culture of positive work environment,0.75,0,0.0,0.0
expert,b09,positive,68,culture of mental wellness support,1.0,0,0.0,0.0
expert,b09,positive,69,culture of mental health support,1.0,0,0.0,0.0
expert,b09,positive,70,culture of kind coworkers,0.5,0,0.0,0.0
expert,b09,positive,71,culture of healthy workplace,1.0,0,0.0,0.0
expert,b09,positive,72,culture of encouraging atmosphere,0.5,0,0.0,0.0
expert,b09,positive,73,culture of encouraging ambiance,0.75,0,0.0,0.0
expert,b09,positive,74,culture of empathy at work,1.0,0,0.0,0.0
expert,b09,positive,75,culture of constructive feedback,0.5,0,0.0,0.0
expert,b09,positive,76,culture of compassionate leading,0.5,0,0.0,0.0
expert,b09,positive,77,culture of compassionate leadership,0.75,0,0.0,0.0
expert,b09,positive,78,culture of caring civilization,0.75,0,0.0,0.0
expert,b09,positive,79,culture of caring civilisation,0.75,0,0.0,0.0
expert,b09,positive,80,commitment to welcoming culture,0.5,0,0.0,0.0
expert,b09,positive,81,commitment to supportive workfellow,0.75,0,0.0,0.0
expert,b09,positive,82,commitment to supportive management,0.5,0,0.0,0.0
expert,b09,positive,83,commitment to supportive environment,0.75,0,0.0,0.0
expert,b09,positive,84,commitment to supportive direction,0.25,0,0.0,0.0
expert,b09,positive,85,commitment to supportive colleagues,0.75,0,0.0,0.0
expert,b09,positive,86,commitment to supportive colleague,1.0,0,0.0,0.0
expert,b09,positive,87,commitment to supportive co-worker,1.0,0,0.0,0.0
expert,b09,positive,88,commitment to respectful workplace,0.75,0,0.0,0.0
expert,b09,positive,89,commitment to positive work environment,0.5,0,0.0,0.0
expert,b09,positive,90,commitment to mental wellness support,0.75,0,0.0,0.0
expert,b09,positive,91,commitment to mental health support,0.75,0,0.0,0.0
expert,b09,positive,92,commitment to lovingness culture,0.75,0,0.0,0.0
expert,b09,positive,93,commitment to healthy workplace,0.75,0,0.0,0.0
expert,b09,positive,94,commitment to empathy at work,0.75,0,0.0,0.0
expert,b09,positive,95,commitment to caring culture,0.75,0,0.0,0.0
expert,b10,negative,1,constant reorganization,0.75,20,16.5,0.011
expert,b10,negative,2,unclear strategy,1.0,15,16.0,0.008
expert,b10,negative,3,changing strategy,1.0,12,14.0,0.007
expert,b10,negative,4,mixed messages,1.0,10,10.0,0.005
expert,b10,negative,5,leadership turnover,1.0,7,7.0,0.0035
expert,b10,negative,6,leadership churn,1.0,3,3.0,0.0015
expert,b10,negative,7,constant reorganisation,1.0,3,3.0,0.0015
expert,b10,negative,8,no clear plan,1.0,2,2.0,0.001
expert,b10,negative,9,strategic drift,1.0,1,1.0,0.0005
expert,b10,negative,10,shifting direction,1.0,1,1.0,0.0005
expert,b10,negative,11,revolving door of executives,1.0,1,1.0,0.0005
expert,b10,negative,12,endless restructuring,1.0,1,1.0,0.0005
expert,b10,negative,13,constant pivots,1.0,0,1.0,0.0005
expert,b10,negative,14,always changing course,1.0,0,1.0,0.0005
expert,b10,negative,15,reorg every year,1.0,0,0.0,0.0
expert,b10,negative,16,pervasive leadership turnover,0.5,0,0.0,0.0
expert,b10,negative,17,pervasive leadership churn,0.5,0,0.0,0.0
expert,b10,negative,18,pervasive changing strategy,0.25,0,0.0,0.0
expert,b10,negative,19,leading turnover,0.5,0,0.0,0.0
expert,b10,negative,20,leading churn,1.0,0,0.0,0.0
expert,b10,negative,21,leadership musical chairs,1.0,0,0.0,0.0
expert,b10,negative,22,flavour of the month,1.0,0,0.0,0.0
expert,b10,negative,23,entrenched shifting direction,0.5,0,0.0,0.0
expert,b10,negative,24,entrenched leading turnover,0.5,0,0.0,0.0
expert,b10,negative,25,entrenched leadership turnover,0.75,0,0.0,0.0
expert,b10,negative,26,entrenched leadership churn,1.0,0,0.0,0.0
expert,b10,negative,27,entrenched ever changing course,0.5,0,0.0,0.0
expert,b10,negative,28,entrenched changing strategy,0.75,0,0.0,0.0
expert,b10,negative,29,entrenched always changing course,0.5,0,0.0,0.0
expert,b10,negative,30,entrenched always alter course,0.25,0,0.0,0.0
expert,b10,negative,31,entrenched alter strategy,0.5,0,0.0,0.0
expert,b10,negative,32,culture of strategical drift,0.25,0,0.0,0.0
expert,b10,negative,33,culture of strategic drift,0.5,0,0.0,0.0
expert,b10,negative,34,culture of leadership churn,0.5,0,0.0,0.0
expert,b10,negative,35,culture of chaotic direction,1.0,0,0.0,0.0
expert,b10,negative,36,culture of changing strategy,0.5,0,0.0,0.0
expert,b10,negative,37,confused priorities,1.0,0,0.0,0.0
expert,b10,negative,38,chaotic direction,1.0,0,0.0,0.0
expert,b10,negative,39,chaos at the top,1.0,0,0.0,0.0
expert,b10,negative,40,alter strategy,0.25,0,0.0,0.0
expert,b10,negative,41,abandoned initiatives,1.0,0,0.0,0.0
expert,b10,positive,1,clear strategy,1.0,30,67.0,0.0334
expert,b10,positive,2,strategic clarity,1.0,0,3.0,0.0015
expert,b10,positive,3,stable leadership,1.0,1,2.0,0.001
expert,b10,positive,4,consistent messaging,1.0,2,2.0,0.001
expert,b10,positive,5,consistent direction,1.0,1,2.0,0.001
expert,b10,positive,6,clear priorities,1.0,2,2.0,0.001
expert,b10,positive,7,sustained focus,1.0,1,1.0,0.0005
expert,b10,positive,8,stable direction,1.0,1,1.0,0.0005
expert,b10,positive,9,long-term leadership,1.0,0,1.0,0.0005
expert,b10,positive,10,focused execution,1.0,1,1.0,0.0005
expert,b10,positive,11,consistent plan,1.0,1,1.0,0.0005
expert,b10,positive,12,coherent plan,1.0,0,1.0,0.0005
expert,b10,positive,13,clear vision from the top,1.0,1,1.0,0.0005
expert,b10,positive,14,well-executed strategy,1.0,0,0.0,0.0
expert,b10,positive,15,strategical clarity,0.25,0,0.0,0.0
expert,b10,positive,16,strategic lucidness,0.25,0,0.0,0.0
expert,b10,positive,17,strategic lucidity,0.25,0,0.0,0.0
expert,b10,positive,18,steady hand at the top,1.0,0,0.0,0.0
expert,b10,positive,19,steady direction,1.0,0,0.0,0.0
expert,b10,positive,20,stable leading,1.0,0,0.0,0.0
expert,b10,positive,21,predictable strategy,1.0,0,0.0,0.0
expert,b10,positive,22,long-tenured executives,1.0,0,0.0,0.0
expert,b10,positive,23,long-run leadership,0.75,0,0.0,0.0
expert,b10,positive,24,leadership continuity,1.0,0,0.0,0.0
expert,b10,positive,25,focus on well-executed strategy,0.5,0,0.0,0.0
expert,b10,positive,26,focus on strategical clarity,0.25,0,0.0,0.0
expert,b10,positive,27,focus on strategic lucidness,0.5,0,0.0,0.0
expert,b10,positive,28,focus on strategic lucidity,0.5,0,0.0,0.0
expert,b10,positive,29,focus on stable leading,1.0,0,0.0,0.0
expert,b10,positive,30,focus on stable leadership,0.75,0,0.0,0.0
expert,b10,positive,31,focus on stable direction,0.75,0,0.0,0.0
expert,b10,positive,32,focus on predictable strategy,0.25,0,0.0,0.0
expert,b10,positive,33,focus on long-term leadership,0.5,0,0.0,0.0
expert,b10,positive,34,focus on long-run leadership,0.75,0,0.0,0.0
expert,b10,positive,35,focus on consistent direction,0.75,0,0.0,0.0
expert,b10,positive,36,focus on coherent plan,0.25,0,0.0,0.0
expert,b10,positive,37,focus on clear strategy,0.5,0,0.0,0.0
expert,b10,positive,38,focus on aligned leadership,0.5,0,0.0,0.0
expert,b10,positive,39,focus on align leadership,0.5,0,0.0,0.0
expert,b10,positive,40,durable strategy,1.0,0,0.0,0.0
expert,b10,positive,41,culture of long-lasting strategy,0.25,0,0.0,0.0
expert,b10,positive,42,culture of clear strategy,0.25,0,0.0,0.0
expert,b10,positive,43,commitment to well-executed strategy,0.5,0,0.0,0.0
expert,b10,positive,44,commitment to strategical clarity,0.5,0,0.0,0.0
expert,b10,positive,45,commitment to strategic lucidness,0.25,0,0.0,0.0
expert,b10,positive,46,commitment to strategic lucidity,0.25,0,0.0,0.0
expert,b10,positive,47,commitment to strategic clarity,0.25,0,0.0,0.0
expert,b10,positive,48,commitment to stable leading,1.0,0,0.0,0.0
expert,b10,positive,49,commitment to stable leadership,1.0,0,0.0,0.0
expert,b10,positive,50,commitment to stable direction,0.5,0,0.0,0.0
expert,b10,positive,51,commitment to long-run leadership,0.5,0,0.0,0.0
expert,b10,positive,52,commitment to coherent plan,0.5,0,0.0,0.0
expert,b10,positive,53,commitment to clear strategy,0.75,0,0.0,0.0
expert,b10,positive,54,commitment to aligned leading,0.5,0,0.0,0.0
expert,b10,positive,55,commitment to aligned leadership,0.5,0,0.0,0.0
expert,b10,positive,56,commitment to align leadership,0.5,0,0.0,0.0
expert,b10,positive,57,aligned leadership,1.0,0,0.0,0.0
expert,b11,negative,1,look the other way,1.0,10,10.0,0.005
expert,b11,negative,2,cutting corners,1.0,5,6.0,0.003
expert,b11,negative,3,bending the rules,1.0,2,2.0,0.001
expert,b11,negative,4,hiding problems,1.0,0,1.0,0.0005
expert,b11,negative,5,covering up mistakes,1.0,1,1.0,0.0005
expert,b11,negative,6,wrongdoing tolerated,1.0,0,0.0,0.0
expert,b11,negative,7,wilful blindness,1.0,0,0.0,0.0
expert,b11,negative,8,unethical shortcuts,1.0,0,0.0,0.0
expert,b11,negative,9,unethical shortcut,0.75,0,0.0,0.0
expert,b11,negative,10,unethical cutoff,1.0,0,0.0,0.0
expert,b11,negative,11,unethical crosscut,0.75,0,0.0,0.0
expert,b11,negative,12,sweep under the rug,1.0,0,0.0,0.0
expert,b11,negative,13,silence dissent,1.0,0,0.0,0.0
expert,b11,negative,14,sales at any cost,1.0,0,0.0,0.0
expert,b11,negative,15,regulatory arbitrage,1.0,0,0.0,0.0
expert,b11,negative,16,punish whistleblowers,1.0,0,0.0,0.0
expert,b11,negative,17,profit over ethics,1.0,0,0.0,0.0
expert,b11,negative,18,pervasive unethical shortcuts,0.75,0,0.0,0.0
expert,b11,negative,19,pervasive unethical shortcut,0.75,0,0.0,0.0
expert,b11,negative,20,pervasive unethical cutoff,1.0,0,0.0,0.0
expert,b11,negative,21,pervasive unethical crosscut,1.0,0,0.0,0.0
expert,b11,negative,22,pervasive regulatory arbitrage,0.75,0,0.0,0.0
expert,b11,negative,23,pervasive penalize whistleblowers,0.25,0,0.0,0.0
expert,b11,negative,24,pervasive penalise whistleblowers,0.25,0,0.0,0.0
expert,b11,negative,25,pervasive compliance as ceiling,0.25,0,0.0,0.0
expert,b11,negative,26,pervasive aggressive accounting,0.5,0,0.0,0.0
expert,b11,negative,27,penalize whistleblowers,0.5,0,0.0,0.0
expert,b11,negative,28,penalise whistleblowers,0.5,0,0.0,0.0
expert,b11,negative,29,misreporting results,1.0,0,0.0,0.0
expert,b11,negative,30,loopholes exploited,1.0,0,0.0,0.0
expert,b11,negative,31,loophole exploited,0.75,0,0.0,0.0
expert,b11,negative,32,gaming the rules,1.0,0,0.0,0.0
expert,b11,negative,33,gaming the regulation,0.5,0,0.0,0.0
expert,b11,negative,34,ethical shortcuts,1.0,0,0.0,0.0
expert,b11,negative,35,entrenched wrongdoing tolerated,0.25,0,0.0,0.0
expert,b11,negative,36,entrenched unethical shortcuts,1.0,0,0.0,0.0
expert,b11,negative,37,entrenched unethical shortcut,0.75,0,0.0,0.0
expert,b11,negative,38,entrenched unethical cutoff,1.0,0,0.0,0.0
expert,b11,negative,39,entrenched unethical crosscut,0.75,0,0.0,0.0
expert,b11,negative,40,entrenched regulatory arbitrage,0.5,0,0.0,0.0
expert,b11,negative,41,entrenched punish whistleblowers,0.25,0,0.0,0.0
expert,b11,negative,42,entrenched penalize whistleblowers,0.75,0,0.0,0.0
expert,b11,negative,43,entrenched penalise whistleblowers,0.75,0,0.0,0.0
expert,b11,negative,44,entrenched loopholes exploited,0.75,0,0.0,0.0
expert,b11,negative,45,entrenched loophole exploited,1.0,0,0.0,0.0
expert,b11,negative,46,entrenched gaming the rules,0.25,0,0.0,0.0
expert,b11,negative,47,entrenched gaming the regulation,0.75,0,0.0,0.0
expert,b11,negative,48,entrenched error tolerated,0.5,0,0.0,0.0
expert,b11,negative,49,entrenched concealment problems,0.75,0,0.0,0.0
expert,b11,negative,50,entrenched concealing problems,0.5,0,0.0,0.0
expert,b11,negative,51,entrenched compliance as ceiling,1.0,0,0.0,0.0
expert,b11,negative,52,entrenched aggressive accounting,0.25,0,0.0,0.0
expert,b11,negative,53,culture of unethical shortcuts,0.75,0,0.0,0.0
expert,b11,negative,54,culture of regulatory arbitrage,0.5,0,0.0,0.0
expert,b11,negative,55,culture of loopholes exploited,0.5,0,0.0,0.0
expert,b11,negative,56,culture of loophole exploited,0.75,0,0.0,0.0
expert,b11,negative,57,culture of concealment problems,0.25,0,0.0,0.0
expert,b11,negative,58,culture of aggressive accounting,0.25,0,0.0,0.0
expert,b11,negative,59,conformity as ceiling,0.25,0,0.0,0.0
expert,b11,negative,60,concealment problems,0.75,0,0.0,0.0
expert,b11,negative,61,concealing problems,0.5,0,0.0,0.0
expert,b11,negative,62,compliance as ceiling,1.0,0,0.0,0.0
expert,b11,negative,63,aggressive accounting,1.0,0,0.0,0.0
expert,b11,positive,1,do the right thing,1.0,146,148.0,0.0728
expert,b11,positive,2,high ethical standards,1.0,18,18.0,0.009
expert,b11,positive,3,values-driven,1.0,16,17.0,0.008
expert,b11,positive,4,moral compass,1.0,10,11.0,0.0055
expert,b11,positive,5,ethical leadership,1.0,5,5.0,0.0025
expert,b11,positive,6,honest culture,1.0,1,2.0,0.001
expert,b11,positive,7,walking the talk,1.0,0,1.0,0.0005
expert,b11,positive,8,high ethical standard,1.0,1,1.0,0.0005
expert,b11,positive,9,beyond compliance,1.0,1,1.0,0.0005
expert,b11,positive,10,speaking up about wrong,1.0,0,0.0,0.0
expert,b11,positive,11,raising ethical concerns,1.0,0,0.0,0.0
expert,b11,positive,12,raising ethical concern,0.75,0,0.0,0.0
expert,b11,positive,13,psychological safety to challenge,1.0,0,0.0,0.0
expert,b11,positive,14,principled leadership,1.0,0,0.0,0.0
expert,b11,positive,15,principled decisions,1.0,0,0.0,0.0
expert,b11,positive,16,morals over profit,0.75,0,0.0,0.0
expert,b11,positive,17,morals first,0.75,0,0.0,0.0
expert,b11,positive,18,morals escalation,0.5,0,0.0,0.0
expert,b11,positive,19,morality first,0.75,0,0.0,0.0
expert,b11,positive,20,morality escalation,0.25,0,0.0,0.0
expert,b11,positive,21,moral courageousness,0.5,0,0.0,0.0
expert,b11,positive,22,moral courage,1.0,0,0.0,0.0
expert,b11,positive,23,moral bravery,0.25,0,0.0,0.0
expert,b11,positive,24,lift ethical concerns,0.5,0,0.0,0.0
expert,b11,positive,25,integrity thing,1.0,0,0.0,0.0
expert,b11,positive,26,integrity matters,1.0,0,0.0,0.0
expert,b11,positive,27,integrity matter,1.0,0,0.0,0.0
expert,b11,positive,28,high ethical touchstone,0.5,0,0.0,0.0
expert,b11,positive,29,high ethical measure,1.0,0,0.0,0.0
expert,b11,positive,30,high ethical criterion,1.0,0,0.0,0.0
expert,b11,positive,31,genuine integrity,1.0,0,0.0,0.0
expert,b11,positive,32,focus on raising ethical concerns,1.0,0,0.0,0.0
expert,b11,positive,33,focus on morals over profit,0.5,0,0.0,0.0
expert,b11,positive,34,focus on morals escalation,0.25,0,0.0,0.0
expert,b11,positive,35,focus on morality over profit,0.75,0,0.0,0.0
expert,b11,positive,36,focus on morality first,0.75,0,0.0,0.0
expert,b11,positive,37,focus on morality escalation,0.25,0,0.0,0.0
expert,b11,positive,38,focus on moral courageousness,0.5,0,0.0,0.0
expert,b11,positive,39,focus on moral courage,0.25,0,0.0,0.0
expert,b11,positive,40,focus on moral compass,0.5,0,0.0,0.0
expert,b11,positive,41,focus on moral bravery,0.5,0,0.0,0.0
expert,b11,positive,42,focus on moral braveness,0.25,0,0.0,0.0
expert,b11,positive,43,focus on lift ethical concerns,0.5,0,0.0,0.0
expert,b11,positive,44,focus on integrity thing,1.0,0,0.0,0.0
expert,b11,positive,45,focus on integrity matters,1.0,0,0.0,0.0
expert,b11,positive,46,focus on integrity matter,1.0,0,0.0,0.0
expert,b11,positive,47,focus on high ethical standards,1.0,0,0.0,0.0
expert,b11,positive,48,focus on high ethical standard,1.0,0,0.0,0.0
expert,b11,positive,49,focus on high ethical measure,1.0,0,0.0,0.0
expert,b11,positive,50,focus on high ethical criterion,1.0,0,0.0,0.0
expert,b11,positive,51,focus on genuine integrity,1.0,0,0.0,0.0
expert,b11,positive,52,focus on ethics over profit,1.0,0,0.0,0.0
expert,b11,positive,53,focus on ethics over lucre,0.75,0,0.0,0.0
expert,b11,positive,54,focus on ethics first,1.0,0,0.0,0.0
expert,b11,positive,55,focus on ethics escalation,1.0,0,0.0,0.0
expert,b11,positive,56,focus on ethical leading,0.5,0,0.0,0.0
expert,b11,positive,57,focus on ethical leadership,0.5,0,0.0,0.0
expert,b11,positive,58,focus on ethical keystone,0.5,0,0.0,0.0
expert,b11,positive,59,focus on ethical backbone,1.0,0,0.0,0.0
expert,b11,positive,60,focus on ethical anchor,0.75,0,0.0,0.0
expert,b11,positive,61,focus on elevation ethical concerns,0.5,0,0.0,0.0
expert,b11,positive,62,focus on echt integrity,1.0,0,0.0,0.0
expert,b11,positive,63,ethics over profit,1.0,0,0.0,0.0
expert,b11,positive,64,ethics over lucre,0.75,0,0.0,0.0
expert,b11,positive,65,ethics first,1.0,0,0.0,0.0
expert,b11,positive,66,ethics escalation,1.0,0,0.0,0.0
expert,b11,positive,67,ethical mainstay,0.75,0,0.0,0.0
expert,b11,positive,68,ethical leading,0.5,0,0.0,0.0
expert,b11,positive,69,ethical keystone,0.5,0,0.0,0.0
expert,b11,positive,70,ethical backbone,1.0,0,0.0,0.0
expert,b11,positive,71,ethical anchor,0.5,0,0.0,0.0
expert,b11,positive,72,elevation ethical concerns,0.25,0,0.0,0.0
expert,b11,positive,73,echt integrity,1.0,0,0.0,0.0
expert,b11,positive,74,culture of raising ethical concerns,0.25,0,0.0,0.0
expert,b11,positive,75,culture of morals over profit,0.5,0,0.0,0.0
expert,b11,positive,76,culture of morals first,0.5,0,0.0,0.0
expert,b11,positive,77,culture of morals escalation,0.5,0,0.0,0.0
expert,b11,positive,78,culture of morality over profit,0.5,0,0.0,0.0
expert,b11,positive,79,culture of moral compass,0.25,0,0.0,0.0
expert,b11,positive,80,culture of integrity thing,0.25,0,0.0,0.0
expert,b11,positive,81,culture of integrity matters,0.5,0,0.0,0.0
expert,b11,positive,82,culture of integrity matter,0.5,0,0.0,0.0
expert,b11,positive,83,culture of integrity affair,0.25,0,0.0,0.0
expert,b11,positive,84,culture of high ethical standards,1.0,0,0.0,0.0
expert,b11,positive,85,culture of high ethical standard,1.0,0,0.0,0.0
expert,b11,positive,86,culture of high ethical measure,0.75,0,0.0,0.0
expert,b11,positive,87,culture of high ethical criterion,0.5,0,0.0,0.0
expert,b11,positive,88,culture of genuine integrity,0.5,0,0.0,0.0
expert,b11,positive,89,culture of ethics over profit,1.0,0,0.0,0.0
expert,b11,positive,90,culture of ethics over lucre,0.75,0,0.0,0.0
expert,b11,positive,91,culture of ethics first,0.75,0,0.0,0.0
expert,b11,positive,92,culture of ethics escalation,0.5,0,0.0,0.0
expert,b11,positive,93,culture of ethical leading,0.75,0,0.0,0.0
expert,b11,positive,94,culture of ethical leadership,0.5,0,0.0,0.0
expert,b11,positive,95,culture of ethical keystone,0.25,0,0.0,0.0
expert,b11,positive,96,culture of ethical backbone,0.5,0,0.0,0.0
expert,b11,positive,97,culture of elevation ethical concerns,0.5,0,0.0,0.0
expert,b11,positive,98,culture of echt integrity,0.5,0,0.0,0.0
expert,b11,positive,99,commitment to raising ethical concerns,1.0,0,0.0,0.0
expert,b11,positive,100,commitment to morals over profit,0.5,0,0.0,0.0
expert,b12,negative,1,lack of diversity,1.0,192,210.0,0.1027
expert,b12,negative,2,boys club,1.0,184,193.0,0.0907
expert,b12,negative,3,old boys club,1.0,71,79.0,0.0379
expert,b12,negative,4,cliquey environment,1.0,7,7.0,0.0035
expert,b12,negative,5,lack of variety,0.75,3,2.2,0.0015
expert,b12,negative,6,homogenous culture,0.75,2,1.5,0.001
expert,b12,negative,7,no diversity at the top,1.0,1,1.0,0.0005
expert,b12,negative,8,monoculture,1.0,1,1.0,0.0005
expert,b12,negative,9,exclusionary culture,1.0,1,1.0,0.0005
expert,b12,negative,10,culture of old boys club,0.75,0,0.8,0.0005
expert,b12,negative,11,uniform thinking,1.0,0,0.0,0.0
expert,b12,negative,12,same background everywhere,1.0,0,0.0,0.0
expert,b12,negative,13,pervasive uniform thinking,0.25,0,0.0,0.0
expert,b12,negative,14,pervasive outsiders not welcome,0.5,0,0.0,0.0
expert,b12,negative,15,pervasive old boys club,0.75,0,0.0,0.0
expert,b12,negative,16,pervasive narrow demographic,0.5,0,0.0,0.0
expert,b12,negative,17,pervasive monoculture,0.25,0,0.0,0.0
expert,b12,negative,18,pervasive in-group exclusion,1.0,0,0.0,0.0
expert,b12,negative,19,pervasive homogenous culture,0.5,0,0.0,0.0
expert,b12,negative,20,pervasive homogeneous culture,0.5,0,0.0,0.0
expert,b12,negative,21,pervasive homogeneous civilization,0.5,0,0.0,0.0
expert,b12,negative,22,pervasive homogeneous civilisation,0.5,0,0.0,0.0
expert,b12,negative,23,pervasive exclusionary culture,0.5,0,0.0,0.0
expert,b12,negative,24,pervasive exclusionary civilization,0.75,0,0.0,0.0
expert,b12,negative,25,pervasive exclusionary civilisation,0.75,0,0.0,0.0
expert,b12,negative,26,pervasive excluding outsiders,0.5,0,0.0,0.0
expert,b12,negative,27,pervasive excluding outsider,0.25,0,0.0,0.0
expert,b12,negative,28,pervasive excluding minority,1.0,0,0.0,0.0
expert,b12,negative,29,pervasive excluding minorities,1.0,0,0.0,0.0
expert,b12,negative,30,pervasive exclude outsiders,0.75,0,0.0,0.0
expert,b12,negative,31,pervasive exclude minorities,1.0,0,0.0,0.0
expert,b12,negative,32,pervasive boys club,0.75,0,0.0,0.0
expert,b12,negative,33,outsiders not welcome,1.0,0,0.0,0.0
expert,b12,negative,34,narrow demographic,1.0,0,0.0,0.0
expert,b12,negative,35,insular in-group,1.0,0,0.0,0.0
expert,b12,negative,36,in-group exclusion,1.0,0,0.0,0.0
expert,b12,negative,37,homogeneous leadership,1.0,0,0.0,0.0
expert,b12,negative,38,homogeneous culture,1.0,0,0.0,0.0
expert,b12,negative,39,homogeneous civilization,0.75,0,0.0,0.0
expert,b12,negative,40,homogeneous civilisation,0.75,0,0.0,0.0
expert,b12,negative,41,exclusionary practices,1.0,0,0.0,0.0
expert,b12,negative,42,exclusionary practice,0.75,0,0.0,0.0
expert,b12,negative,43,exclusionary civilization,1.0,0,0.0,0.0
expert,b12,negative,44,exclusionary civilisation,1.0,0,0.0,0.0
expert,b12,negative,45,excluding outsiders,1.0,0,0.0,0.0
expert,b12,negative,46,excluding outsider,0.75,0,0.0,0.0
expert,b12,negative,47,excluding minority,1.0,0,0.0,0.0
expert,b12,negative,48,excluding minorities,1.0,0,0.0,0.0
expert,b12,negative,49,excluding foreigner,0.5,0,0.0,0.0
expert,b12,negative,50,exclude outsiders,1.0,0,0.0,0.0
expert,b12,negative,51,exclude minorities,1.0,0,0.0,0.0
expert,b12,negative,52,except outsiders,1.0,0,0.0,0.0
expert,b12,negative,53,except minorities,1.0,0,0.0,0.0
expert,b12,negative,54,entrenched old boys club,0.5,0,0.0,0.0
expert,b12,negative,55,entrenched narrow demographic,0.5,0,0.0,0.0
expert,b12,negative,56,entrenched in-group exclusion,1.0,0,0.0,0.0
expert,b12,negative,57,entrenched homogenous culture,0.5,0,0.0,0.0
expert,b12,negative,58,entrenched homogeneous culture,0.5,0,0.0,0.0
expert,b12,negative,59,entrenched exclusionary practices,0.25,0,0.0,0.0
expert,b12,negative,60,entrenched exclusionary practice,0.5,0,0.0,0.0
expert,b12,negative,61,entrenched exclusionary culture,0.75,0,0.0,0.0
expert,b12,negative,62,entrenched exclusionary civilization,0.5,0,0.0,0.0
expert,b12,negative,63,entrenched exclusionary civilisation,0.5,0,0.0,0.0
expert,b12,negative,64,entrenched excluding outsiders,0.25,0,0.0,0.0
expert,b12,negative,65,entrenched excluding minority,0.75,0,0.0,0.0
expert,b12,negative,66,entrenched excluding minorities,1.0,0,0.0,0.0
expert,b12,negative,67,entrenched excluding foreigner,0.25,0,0.0,0.0
expert,b12,negative,68,entrenched exclude outsiders,0.5,0,0.0,0.0
expert,b12,negative,69,entrenched exclude minorities,1.0,0,0.0,0.0
expert,b12,negative,70,entrenched except minorities,0.25,0,0.0,0.0
expert,b12,negative,71,entrenched discrimination issues,0.75,0,0.0,0.0
expert,b12,negative,72,entrenched discrimination issue,0.75,0,0.0,0.0
expert,b12,negative,73,entrenched boys club,0.5,0,0.0,0.0
expert,b12,negative,74,discrimination issues,1.0,0,0.0,0.0
expert,b12,negative,75,discrimination issue,1.0,0,0.0,0.0
expert,b12,negative,76,culture of uniform thought,0.5,0,0.0,0.0
expert,b12,negative,77,culture of uniform thinking,0.5,0,0.0,0.0
expert,b12,negative,78,culture of same background everywhere,1.0,0,0.0,0.0
expert,b12,negative,79,culture of same background everyplace,0.75,0,0.0,0.0
expert,b12,negative,80,culture of outsiders not welcome,0.5,0,0.0,0.0
expert,b12,negative,81,culture of outsider not welcome,0.5,0,0.0,0.0
expert,b12,negative,82,culture of narrow demographic,1.0,0,0.0,0.0
expert,b12,negative,83,culture of monoculture,0.5,0,0.0,0.0
expert,b12,negative,84,culture of in-group exclusion,1.0,0,0.0,0.0
expert,b12,negative,85,culture of homogeneous leading,0.25,0,0.0,0.0
expert,b12,negative,86,culture of homogeneous civilization,0.5,0,0.0,0.0
expert,b12,negative,87,culture of homogeneous civilisation,0.75,0,0.0,0.0
expert,b12,negative,88,culture of exclusionary practices,0.5,0,0.0,0.0
expert,b12,negative,89,culture of exclusionary practice,0.75,0,0.0,0.0
expert,b12,negative,90,culture of exclusionary pattern,1.0,0,0.0,0.0
expert,b12,negative,91,culture of exclusionary civilization,0.75,0,0.0,0.0
expert,b12,negative,92,culture of exclusionary civilisation,1.0,0,0.0,0.0
expert,b12,negative,93,culture of excluding outsiders,1.0,0,0.0,0.0
expert,b12,negative,94,culture of excluding outsider,1.0,0,0.0,0.0
expert,b12,negative,95,culture of excluding minority,1.0,0,0.0,0.0
expert,b12,negative,96,culture of excluding minorities,1.0,0,0.0,0.0
expert,b12,negative,97,culture of excluding foreigner,0.75,0,0.0,0.0
expert,b12,negative,98,culture of exclude outsiders,1.0,0,0.0,0.0
expert,b12,negative,99,culture of exclude minorities,1.0,0,0.0,0.0
expert,b12,negative,100,culture of except outsiders,0.75,0,0.0,0.0
expert,b12,positive,1,diversity and inclusion,1.0,388,405.0,0.1945
expert,b12,positive,2,inclusive culture,1.0,237,242.0,0.1157
expert,b12,positive,3,inclusive environment,1.0,125,131.0,0.0653
expert,b12,positive,4,diverse workforce,1.0,86,91.0,0.0449
expert,b12,positive,5,diverse teams,1.0,42,43.0,0.0214
expert,b12,positive,6,sense of belonging,1.0,26,28.0,0.0135
expert,b12,positive,7,focus on diversity and inclusion,1.0,25,26.0,0.013
expert,b12,positive,8,commitment to diversity and inclusion,1.0,12,12.0,0.006
expert,b12,positive,9,diverse leadership,1.0,4,6.0,0.003
expert,b12,positive,10,inclusive hiring,1.0,4,4.0,0.002
expert,b12,positive,11,diverse representation,1.0,2,3.0,0.0015
expert,b12,positive,12,varied perspectives,1.0,1,1.0,0.0005
expert,b12,positive,13,inclusive leadership,1.0,1,1.0,0.0005
expert,b12,positive,14,varied perspective,0.25,0,0.0,0.0
expert,b12,positive,15,underrepresented groups supported,1.0,0,0.0,0.0
expert,b12,positive,16,underrepresented group supported,0.75,0,0.0,0.0
expert,b12,positive,17,psychological safety for all,1.0,0,0.0,0.0
expert,b12,positive,18,inclusive engage,1.0,0,0.0,0.0
expert,b12,positive,19,inclusive civilization,1.0,0,0.0,0.0
expert,b12,positive,20,inclusive civilisation,1.0,0,0.0,0.0
expert,b12,positive,21,inclusion at all levels,1.0,0,0.0,0.0
expert,b12,positive,22,inclusion at all level,0.75,0,0.0,0.0
expert,b12,positive,23,focus on vary perspectives,0.25,0,0.0,0.0
expert,b12,positive,24,focus on varied perspectives,0.25,0,0.0,0.0
expert,b12,positive,25,focus on underrepresented groups supported,0.75,0,0.0,0.0
expert,b12,positive,26,focus on underrepresented group supported,0.75,0,0.0,0.0
expert,b12,positive,27,focus on sense of belonging,0.5,0,0.0,0.0
expert,b12,positive,28,focus on inclusive leading,0.75,0,0.0,0.0
expert,b12,positive,29,focus on inclusive leadership,1.0,0,0.0,0.0
expert,b12,positive,30,focus on inclusive hiring,1.0,0,0.0,0.0
expert,b12,positive,31,focus on inclusive environment,1.0,0,0.0,0.0
expert,b12,positive,32,focus on inclusive engage,1.0,0,0.0,0.0
expert,b12,positive,33,focus on inclusive culture,1.0,0,0.0,0.0
expert,b12,positive,34,focus on inclusive civilization,1.0,0,0.0,0.0
expert,b12,positive,35,focus on inclusive civilisation,1.0,0,0.0,0.0
expert,b12,positive,36,focus on diverseness and inclusion,1.0,0,0.0,0.0
expert,b12,positive,37,focus on diverse workforce,1.0,0,0.0,0.0
expert,b12,positive,38,focus on diverse voices heard,1.0,0,0.0,0.0
expert,b12,positive,39,focus on diverse voices hear,1.0,0,0.0,0.0
expert,b12,positive,40,focus on diverse voice heard,1.0,0,0.0,0.0
expert,b12,positive,41,focus on diverse team,0.5,0,0.0,0.0
expert,b12,positive,42,focus on diverse representation,1.0,0,0.0,0.0
expert,b12,positive,43,focus on diverse manpower,1.0,0,0.0,0.0
expert,b12,positive,44,focus on diverse leading,0.75,0,0.0,0.0
expert,b12,positive,45,focus on diverse leadership,0.5,0,0.0,0.0
expert,b12,positive,46,focus on diverse hands,0.75,0,0.0,0.0
expert,b12,positive,47,equity practices,1.0,0,0.0,0.0
expert,b12,positive,48,equitable opportunity,1.0,0,0.0,0.0
expert,b12,positive,49,diverseness and inclusion,1.0,0,0.0,0.0
expert,b12,positive,50,diverse voices heard,1.0,0,0.0,0.0
expert,b12,positive,51,diverse voices hear,1.0,0,0.0,0.0
expert,b12,positive,52,diverse voice heard,1.0,0,0.0,0.0
expert,b12,positive,53,diverse manpower,1.0,0,0.0,0.0
expert,b12,positive,54,diverse leading,0.75,0,0.0,0.0
expert,b12,positive,55,different viewpoints welcomed,1.0,0,0.0,0.0
expert,b12,positive,56,different backgrounds valued,1.0,0,0.0,0.0
expert,b12,positive,57,culture of inclusive leading,1.0,0,0.0,0.0
expert,b12,positive,58,culture of inclusive leadership,1.0,0,0.0,0.0
expert,b12,positive,59,culture of inclusive hiring,1.0,0,0.0,0.0
expert,b12,positive,60,culture of inclusive environment,1.0,0,0.0,0.0
expert,b12,positive,61,culture of inclusive engage,1.0,0,0.0,0.0
expert,b12,positive,62,culture of inclusive civilization,1.0,0,0.0,0.0
expert,b12,positive,63,culture of inclusive civilisation,1.0,0,0.0,0.0
expert,b12,positive,64,culture of diverse voices heard,1.0,0,0.0,0.0
expert,b12,positive,65,culture of diverse voices hear,0.75,0,0.0,0.0
expert,b12,positive,66,culture of diverse voice heard,0.75,0,0.0,0.0
expert,b12,positive,67,culture of diverse representation,0.75,0,0.0,0.0
expert,b12,positive,68,culture of diverse manpower,1.0,0,0.0,0.0
expert,b12,positive,69,commitment to vary perspectives,0.5,0,0.0,0.0
expert,b12,positive,70,commitment to varied perspectives,0.5,0,0.0,0.0
expert,b12,positive,71,commitment to varied perspective,0.25,0,0.0,0.0
expert,b12,positive,72,commitment to underrepresented groups supported,0.5,0,0.0,0.0
expert,b12,positive,73,commitment to underrepresented group supported,0.5,0,0.0,0.0
expert,b12,positive,74,commitment to sense of belonging,0.25,0,0.0,0.0
expert,b12,positive,75,commitment to inclusive leading,1.0,0,0.0,0.0
expert,b12,positive,76,commitment to inclusive leadership,1.0,0,0.0,0.0
expert,b12,positive,77,commitment to inclusive hiring,1.0,0,0.0,0.0
expert,b12,positive,78,commitment to inclusive environment,1.0,0,0.0,0.0
expert,b12,positive,79,commitment to inclusive engage,1.0,0,0.0,0.0
expert,b12,positive,80,commitment to inclusive culture,1.0,0,0.0,0.0
expert,b12,positive,81,commitment to inclusive civilization,1.0,0,0.0,0.0
expert,b12,positive,82,commitment to inclusive civilisation,1.0,0,0.0,0.0
expert,b12,positive,83,commitment to diverseness and inclusion,1.0,0,0.0,0.0
expert,b12,positive,84,commitment to diverse workforce,1.0,0,0.0,0.0
expert,b12,positive,85,commitment to diverse voices heard,1.0,0,0.0,0.0
expert,b12,positive,86,commitment to diverse voices hear,1.0,0,0.0,0.0
expert,b12,positive,87,commitment to diverse voice heard,1.0,0,0.0,0.0
expert,b12,positive,88,commitment to diverse teams,0.5,0,0.0,0.0
expert,b12,positive,89,commitment to diverse team,0.5,0,0.0,0.0
expert,b12,positive,90,commitment to diverse representation,1.0,0,0.0,0.0
expert,b12,positive,91,commitment to diverse manpower,1.0,0,0.0,0.0
expert,b12,positive,92,commitment to diverse leading,0.75,0,0.0,0.0
expert,b12,positive,93,commitment to diverse leadership,0.75,0,0.0,0.0
expert,b12,positive,94,commitment to diverse hands,0.75,0,0.0,0.0
expert,b12,positive,95,commitment to different viewpoints welcomed,0.25,0,0.0,0.0
expert,b12,positive,96,commitment to different viewpoint welcomed,0.25,0,0.0,0.0
expert,b12,positive,97,commitment to different standpoint welcomed,0.5,0,0.0,0.0
expert,b12,positive,98,commitment to different backgrounds valued,0.5,0,0.0,0.0
expert,b12,positive,99,belonging culture,1.0,0,0.0,0.0
mined,b01,negative,1,short,0.561,1659,1000.8,0.8596
mined,b01,negative,2,terms,0.489,1585,890.5,0.8706
mined,b01,negative,3,goals,0.444,1239,610.5,0.6308
mined,b01,negative,4,short term,1.077,352,412.5,0.186
mined,b01,negative,5,targets,0.489,295,157.9,0.1486
mined,b01,negative,6,quarter,0.441,294,138.0,0.1436
mined,b01,negative,7,objectives,0.439,181,94.8,0.1057
mined,b01,negative,8,short time,0.577,150,92.3,0.0793
mined,b01,negative,9,short sighted,1.0,62,68.0,0.0334
mined,b01,negative,10,short staffed,0.449,120,56.6,0.0618
mined,b01,negative,11,short period,0.532,92,49.5,0.0454
mined,b01,negative,12,very short,0.449,90,42.2,0.0464
mined,b01,negative,13,a short time,0.525,67,35.2,0.0334
mined,b01,negative,14,fast track,0.514,54,31.9,0.0299
mined,b01,negative,15,a short period,0.516,61,31.5,0.0304
mined,b01,negative,16,the short term,0.698,38,30.7,0.0214
mined,b01,negative,17,limited scope,0.472,57,28.8,0.0294
mined,b01,negative,18,short amount,0.489,54,26.4,0.0259
mined,b01,negative,19,quarterly bonuses,0.45,53,26.1,0.0289
mined,b01,negative,20,too short,0.468,51,25.3,0.0264
mined,b01,negative,21,less scope,0.453,46,22.2,0.0239
mined,b01,negative,22,a short amount,0.452,43,19.4,0.0204
mined,b01,negative,23,math,0.477,33,19.1,0.0189
mined,b01,negative,24,budget cuts,0.304,55,17.6,0.0289
mined,b01,negative,25,quarterly bonus,0.44,32,14.5,0.0155
mined,b01,negative,26,fast learning,0.44,30,13.2,0.015
mined,b01,negative,27,sales targets,0.513,19,11.8,0.01
mined,b01,negative,28,company goals,0.443,25,11.5,0.013
mined,b01,negative,29,short span,0.503,22,11.1,0.011
mined,b01,negative,30,short deadlines,0.459,22,10.6,0.0115
mined,b01,negative,31,always short,0.531,17,10.1,0.0095
mined,b01,negative,32,short breaks,0.454,20,9.1,0.0095
mined,b01,negative,33,short duration,0.552,14,8.8,0.008
mined,b01,negative,34,short review,0.456,19,8.7,0.0095
mined,b01,negative,35,little focus,0.459,15,7.8,0.008
mined,b01,negative,36,hindsight,0.44,17,7.5,0.0085
mined,b01,negative,37,the short time,0.558,10,7.3,0.0065
mined,b01,negative,38,short term thinking,1.0,6,7.0,0.0035
mined,b01,negative,39,quick wins,1.0,7,7.0,0.0035
mined,b01,negative,40,little progression,0.496,12,6.9,0.007
mined,b01,negative,41,good terms,0.453,12,6.8,0.0075
mined,b01,negative,42,high targets,0.484,14,6.8,0.0065
mined,b01,negative,43,quick learning,0.503,13,6.5,0.0065
mined,b01,negative,44,the annual bonus,0.453,11,6.3,0.007
mined,b01,negative,45,low interest,0.45,14,6.3,0.007
mined,b01,negative,46,a monthly basis,0.442,13,6.2,0.007
mined,b01,negative,47,quick turnaround,0.439,13,6.1,0.007
mined,b01,negative,48,quick promotion,0.465,12,6.0,0.0065
mined,b01,negative,49,short end,0.604,10,6.0,0.005
mined,b01,negative,50,the terms,0.469,11,5.6,0.006
mined,b01,negative,51,my short time,0.495,10,5.4,0.0055
mined,b01,negative,52,less efficient,0.452,12,5.4,0.006
mined,b01,negative,53,relatively short,0.47,11,5.2,0.0055
mined,b01,negative,54,short term results,1.0,5,5.0,0.0025
mined,b01,negative,55,quick progression,0.614,7,4.9,0.004
mined,b01,negative,56,short run,0.568,8,4.5,0.0035
mined,b01,negative,57,the months,0.454,10,4.5,0.005
mined,b01,negative,58,quarterly basis,0.44,10,4.4,0.005
mined,b01,negative,59,poor strategy,0.454,8,4.1,0.0045
mined,b01,negative,60,short term focus,1.0,4,4.0,0.002
mined,b01,negative,61,no long term plan,1.0,3,4.0,0.002
mined,b01,negative,62,hit the numbers,1.0,4,4.0,0.002
mined,b01,negative,63,short space,0.478,8,3.8,0.004
mined,b01,negative,64,short experience,0.519,6,3.6,0.0035
mined,b01,negative,65,low progression,0.451,6,3.6,0.004
mined,b01,negative,66,positive results,0.445,6,3.6,0.004
mined,b01,negative,67,quick pace,0.462,7,3.2,0.0035
mined,b01,negative,68,short periods,0.58,5,2.9,0.0025
mined,b01,negative,69,short title,0.487,5,2.4,0.0025
mined,b01,negative,70,quarterly targets,1.0,1,1.0,0.0005
mined,b01,negative,71,monthly targets,1.0,1,1.0,0.0005
mined,b01,negative,72,chasing quarterly numbers,1.0,0,0.0,0.0
mined,b01,positive,1,long term,1.65,1714,3547.5,0.9948
mined,b01,positive,2,long-term,0.798,1714,1715.7,0.9948
mined,b01,positive,3,career progression,0.583,1235,963.1,0.7873
mined,b01,positive,4,future,0.578,1370,908.6,0.7464
mined,b01,positive,5,the future,0.581,384,251.6,0.2099
mined,b01,positive,6,long term career,0.714,216,192.8,0.1301
mined,b01,positive,7,a long term,0.736,162,164.9,0.1107
mined,b01,positive,8,the long-term,0.795,157,146.3,0.0898
mined,b01,positive,9,the long term,0.779,157,143.3,0.0898
mined,b01,positive,10,progression opportunities,0.582,132,103.6,0.0863
mined,b01,positive,11,longevity,0.574,118,76.9,0.0653
mined,b01,positive,12,long term employees,0.617,103,76.5,0.0583
mined,b01,positive,13,long-term employees,0.607,103,75.3,0.0583
mined,b01,positive,14,a long-term career,0.695,65,65.3,0.0464
mined,b01,positive,15,the long run,0.55,92,63.3,0.0553
mined,b01,positive,16,long term vision,1.433,16,48.7,0.017
mined,b01,positive,17,long career,0.663,65,47.7,0.0359
mined,b01,positive,18,future career,0.544,75,45.7,0.0414
mined,b01,positive,19,good career growth,0.548,78,44.4,0.0394
mined,b01,positive,20,long term growth,0.738,45,42.8,0.0284
mined,b01,positive,21,good investment,0.551,71,42.4,0.0359
mined,b01,positive,22,limited career progression,0.558,61,36.3,0.0319
mined,b01,positive,23,long term strategy,1.0,22,36.0,0.018
mined,b01,positive,24,good career progression,0.561,58,34.2,0.0299
mined,b01,positive,25,long term focus,0.815,38,33.4,0.0184
mined,b01,positive,26,long-term focus,0.807,38,33.1,0.0184
mined,b01,positive,27,long term view,1.0,26,30.0,0.0145
mined,b01,positive,28,a long career,0.641,39,26.9,0.0209
mined,b01,positive,29,future opportunities,0.548,44,26.3,0.0239
mined,b01,positive,30,a future,0.577,34,22.5,0.0189
mined,b01,positive,31,long term employment,0.652,24,20.9,0.016
mined,b01,positive,32,long-term success,0.737,27,20.6,0.014
mined,b01,positive,33,long term success,0.733,27,20.5,0.014
mined,b01,positive,34,the retirement plan,0.54,36,19.4,0.0175
mined,b01,positive,35,long term employee,0.605,30,19.4,0.016
mined,b01,positive,36,bright future,0.552,29,17.7,0.016
mined,b01,positive,37,the long haul,0.552,23,16.6,0.0145
mined,b01,positive,38,great career progression,0.547,28,16.4,0.0145
mined,b01,positive,39,long term thinking,1.0,11,15.0,0.0075
mined,b01,positive,40,long term prospects,0.753,16,14.3,0.0095
mined,b01,positive,41,multiple years,0.558,23,14.0,0.0125
mined,b01,positive,42,your career progression,0.577,20,12.1,0.0105
mined,b01,positive,43,future prospects,0.569,16,11.4,0.01
mined,b01,positive,44,long decision,0.585,18,11.1,0.0095
mined,b01,positive,45,good future,0.55,18,10.5,0.0095
mined,b01,positive,46,a bright future,0.57,17,10.3,0.009
mined,b01,positive,47,limited progression opportunities,0.564,11,7.9,0.0065
mined,b01,positive,48,the career growth,0.546,12,7.1,0.0065
mined,b01,positive,49,the career progression,0.592,9,6.5,0.0055
mined,b01,positive,50,extensive opportunities,0.553,11,6.1,0.0055
mined,b01,positive,51,better future,0.559,8,5.0,0.0045
mined,b01,positive,52,sustainable growth,1.0,3,5.0,0.0025
mined,b01,positive,53,long years,0.611,6,4.3,0.0035
mined,b01,positive,54,future focused,1.0,4,4.0,0.002
mined,b01,positive,55,long duration,0.571,6,4.0,0.0035
mined,b01,positive,56,future endeavors,0.559,7,3.9,0.0035
mined,b01,positive,57,thinks long term,1.0,0,0.0,0.0
mined,b01,positive,58,patient capital,1.0,0,0.0,0.0
mined,b01,positive,59,invests for the future,1.0,0,0.0,0.0
mined,b01,positive,60,builds for the long run,1.0,0,0.0,0.0
mined,b02,negative,1,compensation,0.88,9291,9130.0,4.7798
mined,b02,negative,2,money,1.508,4111,6988.1,1.9486
mined,b02,negative,3,low pay,1.446,3143,4913.5,1.5627
mined,b02,negative,4,too much,1.0,4069,4839.0,2.2722
mined,b02,negative,5,cost,1.512,2223,3665.1,1.1
mined,b02,negative,6,layoffs,0.828,1565,1431.6,0.7674
mined,b02,negative,7,costs,1.554,767,1260.3,0.3705
mined,b02,negative,8,cost-cutting,1.725,643,1186.8,0.3276
mined,b02,negative,9,cost cutting,1.649,643,1134.5,0.3276
mined,b02,negative,10,cheap,1.0,553,608.0,0.2708
mined,b02,negative,11,budget,0.717,523,458.9,0.2947
mined,b02,negative,12,deals,0.556,571,338.0,0.2827
mined,b02,negative,13,less pay,0.639,412,289.5,0.2144
mined,b02,negative,14,poor pay,0.577,417,270.0,0.2189
mined,b02,negative,15,lower pay,0.553,441,251.1,0.2209
mined,b02,negative,16,expenses,0.567,294,182.6,0.1496
mined,b02,negative,17,more money,0.579,269,167.9,0.1396
mined,b02,negative,18,spending,0.647,199,157.9,0.1202
mined,b02,negative,19,demand,0.557,230,140.9,0.1227
mined,b02,negative,20,low cost,0.61,218,137.9,0.1042
mined,b02,negative,21,the cost,0.596,168,117.4,0.0932
mined,b02,negative,22,discounts,0.559,189,112.9,0.0962
mined,b02,negative,23,pricing,0.578,173,104.6,0.0843
mined,b02,negative,24,do more with less,1.0,101,103.0,0.0499
mined,b02,negative,25,very cheap,1.516,58,94.0,0.0299
mined,b02,negative,26,budgets,0.706,114,90.4,0.0628
mined,b02,negative,27,a cost,0.587,133,84.5,0.0683
mined,b02,negative,28,budget cuts,1.168,55,67.7,0.0289
mined,b02,negative,29,constant cost,1.539,34,56.9,0.0175
mined,b02,negative,30,cheap company,1.571,29,48.7,0.015
mined,b02,negative,31,cheap labor,1.648,28,47.8,0.0145
mined,b02,negative,32,constant cost cutting,1.515,29,47.0,0.0145
mined,b02,negative,33,cost cutting measures,1.483,29,44.5,0.0145
mined,b02,negative,34,cost saving,0.614,62,40.5,0.0329
mined,b02,negative,35,the budget,0.695,40,37.5,0.0259
mined,b02,negative,36,cost savings,0.574,64,37.3,0.0324
mined,b02,negative,37,less money,0.667,52,35.4,0.0259
mined,b02,negative,38,high cost,0.602,51,32.5,0.0269
mined,b02,negative,39,cost cutting mode,1.398,22,32.2,0.011
mined,b02,negative,40,much cost,1.529,17,29.1,0.0095
mined,b02,negative,41,cost reduction,0.675,35,25.0,0.0175
mined,b02,negative,42,job cuts,0.56,40,24.6,0.0209
mined,b02,negative,43,no budget,0.651,29,24.1,0.018
mined,b02,negative,44,lower cost,0.656,35,23.6,0.0175
mined,b02,negative,45,the low pay,0.565,32,22.0,0.0184
mined,b02,negative,46,too cheap,1.482,14,20.7,0.007
mined,b02,negative,47,minimal pay,0.572,31,19.4,0.017
mined,b02,negative,48,frugal,1.0,19,19.0,0.0095
mined,b02,negative,49,so cheap,1.453,12,18.9,0.006
mined,b02,negative,50,more expensive,0.576,29,17.3,0.015
mined,b02,negative,51,the costs,0.617,24,16.0,0.0125
mined,b02,negative,52,cheap food,1.399,11,15.4,0.0055
mined,b02,negative,53,a discount,0.565,25,14.7,0.0125
mined,b02,negative,54,penny pinching,1.0,14,14.0,0.007
mined,b02,negative,55,a pay cut,0.616,18,12.3,0.01
mined,b02,negative,56,a budget,0.685,11,11.0,0.008
mined,b02,negative,57,low budget,0.668,15,10.7,0.008
mined,b02,negative,58,limited budget,0.689,14,10.3,0.0075
mined,b02,negative,59,too much money,0.567,15,9.6,0.0085
mined,b02,negative,60,budget constraints,0.598,15,9.6,0.007
mined,b02,negative,61,budget cut,0.792,11,8.7,0.0055
mined,b02,negative,62,tight budget,0.666,12,8.7,0.0065
mined,b02,negative,63,the demand,0.565,11,8.5,0.0075
mined,b02,negative,64,tight budgets,1.0,8,8.0,0.0035
mined,b02,negative,65,too little pay,0.594,11,7.7,0.006
mined,b02,negative,66,lower costs,0.695,10,7.6,0.0055
mined,b02,negative,67,higher cost,0.609,9,5.5,0.0045
mined,b02,negative,68,cheap labour,0.596,9,5.4,0.0045
mined,b02,negative,69,cheaper labor,0.592,9,5.3,0.0045
mined,b02,negative,70,lowest cost,0.587,9,5.3,0.0045
mined,b02,negative,71,huge cost,0.556,8,5.0,0.004
mined,b02,negative,72,low costs,0.658,7,4.6,0.0035
mined,b02,negative,73,high costs,0.638,6,4.5,0.0035
mined,b02,negative,74,less payment,0.603,7,4.2,0.0035
mined,b02,negative,75,low expenses,0.684,6,4.1,0.003
mined,b02,negative,76,headcount freeze,1.0,4,4.0,0.002
mined,b02,negative,77,reasonable prices,0.567,6,3.4,0.003
mined,b02,negative,78,understaffed to save money,1.0,0,0.0,0.0
mined,b02,negative,79,cutting corners on cost,1.0,0,0.0,0.0
mined,b02,positive,1,growth,0.744,12976,12238.1,7.4669
mined,b02,positive,2,investment,0.696,4960,3711.8,2.3495
mined,b02,positive,3,growth opportunities,0.769,1558,1460.3,0.917
mined,b02,positive,4,investments,0.672,831,582.6,0.4054
mined,b02,positive,5,slow growth,0.668,751,535.1,0.3824
mined,b02,positive,6,investing,0.671,535,386.5,0.2688
mined,b02,positive,7,limited growth,0.722,436,336.5,0.2214
mined,b02,positive,8,growth opportunity,0.766,317,324.0,0.2064
mined,b02,positive,9,the investment,0.705,412,313.7,0.2064
mined,b02,positive,10,good growth,0.672,251,174.7,0.1271
mined,b02,positive,11,an investment,0.681,197,158.7,0.1117
mined,b02,positive,12,much growth,0.72,15,131.8,0.0888
mined,b02,positive,13,limited growth opportunities,0.735,164,130.8,0.0863
mined,b02,positive,14,growing company,0.768,148,116.7,0.0733
mined,b02,positive,15,the growth,0.749,134,114.6,0.0753
mined,b02,positive,16,less growth,0.668,120,89.5,0.0663
mined,b02,positive,17,internal growth,0.671,89,67.8,0.0484
mined,b02,positive,18,growth prospects,0.713,64,63.5,0.0424
mined,b02,positive,19,growth mindset,1.504,41,61.7,0.0194
mined,b02,positive,20,technical growth,0.686,47,54.9,0.0379
mined,b02,positive,21,good growth opportunities,0.731,73,53.4,0.0359
mined,b02,positive,22,high growth,0.696,55,39.7,0.0269
mined,b02,positive,23,growing business,0.821,46,39.4,0.0234
mined,b02,positive,24,great growth opportunities,0.735,53,39.0,0.0259
mined,b02,positive,25,growth path,0.669,35,38.1,0.0274
mined,b02,positive,26,fast growth,0.727,43,34.9,0.0229
mined,b02,positive,27,rapid growth,0.695,45,33.4,0.0239
mined,b02,positive,28,many growth,0.707,17,30.4,0.0214
mined,b02,positive,29,growing fast,1.0,27,30.0,0.015
mined,b02,positive,30,many growth opportunities,0.755,14,28.7,0.0189
mined,b02,positive,31,less growth opportunities,0.727,34,27.6,0.0189
mined,b02,positive,32,future growth,0.717,28,25.8,0.018
mined,b02,positive,33,big investment,0.751,29,23.3,0.0155
mined,b02,positive,34,strong growth,0.747,31,23.2,0.0145
mined,b02,positive,35,business growth,0.711,30,22.8,0.016
mined,b02,positive,36,company growth,0.686,31,22.6,0.016
mined,b02,positive,37,limited growth opportunity,0.722,31,22.4,0.0155
mined,b02,positive,38,growing firm,0.773,27,21.6,0.013
mined,b02,positive,39,strong investment,0.686,31,21.3,0.0155
mined,b02,positive,40,great growth opportunity,0.741,27,20.0,0.0135
mined,b02,positive,41,more growth,0.731,25,19.0,0.013
mined,b02,positive,42,large investment,0.738,25,18.4,0.0125
mined,b02,positive,43,growing opportunities,0.746,19,17.9,0.012
mined,b02,positive,44,real growth,0.713,5,16.4,0.0115
mined,b02,positive,45,a growing company,0.744,21,16.4,0.011
mined,b02,positive,46,fast growing company,0.763,21,16.0,0.0095
mined,b02,positive,47,well funded,1.0,15,16.0,0.008
mined,b02,positive,48,own growth,0.697,20,14.6,0.0105
mined,b02,positive,49,good growth opportunity,0.727,19,14.5,0.0095
mined,b02,positive,50,better growth,0.688,19,13.8,0.0095
mined,b02,positive,51,unlimited growth,0.705,18,13.4,0.0095
mined,b02,positive,52,more investment,0.735,18,13.2,0.009
mined,b02,positive,53,excellent growth opportunities,0.711,18,12.8,0.009
mined,b02,positive,54,slower growth,0.68,17,11.6,0.0085
mined,b02,positive,55,invests in technology,1.0,11,11.0,0.0055
mined,b02,positive,56,more growth opportunities,0.781,12,10.2,0.0065
mined,b02,positive,57,low growth opportunities,0.704,14,9.9,0.0065
mined,b02,positive,58,continued growth,0.728,13,9.5,0.0065
mined,b02,positive,59,few growth,0.673,11,9.4,0.0065
mined,b02,positive,60,the growth opportunities,0.77,11,9.2,0.006
mined,b02,positive,61,major investment,0.675,11,8.8,0.0065
mined,b02,positive,62,heavy investment,0.726,12,8.7,0.006
mined,b02,positive,63,tremendous growth,0.698,11,8.4,0.006
mined,b02,positive,64,enough investment,0.674,0,7.4,0.0055
mined,b02,positive,65,significant growth,0.706,8,7.1,0.005
mined,b02,positive,66,new investment,0.692,9,6.9,0.005
mined,b02,positive,67,huge growth,0.706,9,6.4,0.0045
mined,b02,positive,68,huge investment,0.732,8,5.9,0.004
mined,b02,positive,69,incredible growth,0.67,8,5.4,0.004
mined,b02,positive,70,faster growth,0.705,5,4.9,0.0035
mined,b02,positive,71,initial growth,0.675,7,4.7,0.0035
mined,b02,positive,72,massive growth,0.714,6,4.3,0.003
mined,b02,positive,73,quick growth,0.7,5,4.2,0.003
mined,b02,positive,74,rapid expansion,1.0,3,3.0,0.0015
mined,b02,positive,75,investing in growth,1.0,1,1.0,0.0005
mined,b02,positive,76,hiring aggressively,1.0,1,1.0,0.0005
mined,b02,positive,77,scaling the business,1.0,0,0.0,0.0
mined,b02,positive,78,invests in new products,1.0,0,0.0,0.0
mined,b02,positive,79,expanding into new markets,1.0,0,0.0,0.0
mined,b03,negative,1,micromanagement,1.67,808,1621.6,0.4552
mined,b03,negative,2,- micromanagement,1.532,808,1487.6,0.4552
mined,b03,negative,3,hierarchy,0.729,1306,1041.7,0.6961
mined,b03,negative,4,managing,0.681,913,725.3,0.5096
mined,b03,negative,5,layers,1.0,619,640.0,0.3002
mined,b03,negative,6,hierarchical,0.666,814,583.4,0.4243
mined,b03,negative,7,very hierarchical,1.691,192,361.9,0.1047
mined,b03,negative,8,top management,0.732,360,311.1,0.198
mined,b03,negative,9,level management,0.718,373,305.9,0.2009
mined,b03,negative,10,many layers,1.0,237,250.0,0.1232
mined,b03,negative,11,higher management,0.677,312,239.0,0.172
mined,b03,negative,12,layers of management,1.0,186,192.0,0.0942
mined,b03,negative,13,chain,0.924,179,179.3,0.0952
mined,b03,negative,14,too many layers,1.0,149,158.0,0.0778
mined,b03,negative,15,hierarchical structure,1.434,98,152.0,0.0519
mined,b03,negative,16,management structure,0.717,180,147.0,0.1002
mined,b03,negative,17,management level,0.69,170,131.8,0.0932
mined,b03,negative,18,level managers,0.693,161,120.6,0.0853
mined,b03,negative,19,command,1.0,93,98.0,0.0484
mined,b03,negative,20,mid-level management,0.702,109,91.3,0.0618
mined,b03,negative,21,mid level management,0.702,109,91.3,0.0618
mined,b03,negative,22,top down management,1.604,48,81.8,0.0254
mined,b03,negative,23,the chain,1.0,73,80.0,0.0394
mined,b03,negative,24,no micromanagement,1.0,73,79.0,0.0394
mined,b03,negative,25,managements,0.681,101,74.9,0.0544
mined,b03,negative,26,down management,1.425,49,74.1,0.0259
mined,b03,negative,27,some management,0.669,96,66.9,0.0499
mined,b03,negative,28,management decisions,0.676,67,66.2,0.0489
mined,b03,negative,29,the upper management,0.706,78,65.0,0.0439
mined,b03,negative,30,the hierarchy,0.759,79,63.8,0.0419
mined,b03,negative,31,upper level management,0.733,72,60.1,0.0389
mined,b03,negative,32,chain of command,1.0,40,48.0,0.0239
mined,b03,negative,33,much micromanagement,1.598,24,47.9,0.0145
mined,b03,negative,34,mid-level managers,0.665,55,43.2,0.0319
mined,b03,negative,35,hierarchies,0.672,60,41.0,0.0299
mined,b03,negative,36,management levels,0.701,52,38.6,0.0274
mined,b03,negative,37,rigid hierarchy,1.573,22,36.2,0.0115
mined,b03,negative,38,multiple layers,0.828,41,34.8,0.0204
mined,b03,negative,39,the top management,0.752,42,34.6,0.0214
mined,b03,negative,40,much hierarchy,0.713,38,33.5,0.0234
mined,b03,negative,41,top level management,0.748,36,30.7,0.0199
mined,b03,negative,42,extreme micromanagement,1.53,18,30.6,0.01
mined,b03,negative,43,the middle management,0.664,36,27.2,0.0204
mined,b03,negative,44,too much hierarchy,0.697,34,27.2,0.0194
mined,b03,negative,45,the micromanagement,1.586,15,25.4,0.008
mined,b03,negative,46,corporate hierarchy,0.684,31,23.9,0.017
mined,b03,negative,47,middle level management,0.719,23,23.0,0.0155
mined,b03,negative,48,management hierarchy,0.784,29,22.7,0.0145
mined,b03,negative,49,high management,0.687,28,22.7,0.0165
mined,b03,negative,50,the management level,0.724,31,22.4,0.015
mined,b03,negative,51,the higher management,0.713,31,22.1,0.015
mined,b03,negative,52,lower level management,0.688,25,19.3,0.013
mined,b03,negative,53,most management,0.664,25,18.6,0.0135
mined,b03,negative,54,top heavy management,0.675,24,18.2,0.013
mined,b03,negative,55,constant micromanagement,1.472,11,17.7,0.006
mined,b03,negative,56,the management structure,0.733,17,13.9,0.0095
mined,b03,negative,57,hierarchical management,0.768,15,12.3,0.008
mined,b03,negative,58,quite hierarchical,0.668,16,11.4,0.0085
mined,b03,negative,59,a hierarchy,0.724,15,10.9,0.0075
mined,b03,negative,60,managerial level,0.692,14,10.4,0.0075
mined,b03,negative,61,low level managers,0.689,15,10.3,0.0075
mined,b03,negative,62,hierarchical organization,0.719,13,10.1,0.007
mined,b03,negative,63,very hierarchal,0.666,11,10.0,0.0075
mined,b03,negative,64,extremely hierarchical,0.676,12,8.8,0.0065
mined,b03,negative,65,complex management,0.685,12,8.2,0.0055
mined,b03,negative,66,highly hierarchical,0.674,12,8.1,0.006
mined,b03,negative,67,many hierarchy,0.679,8,6.8,0.005
mined,b03,negative,68,certain management,0.717,6,6.5,0.0045
mined,b03,negative,69,heavy hierarchy,0.697,9,6.3,0.0045
mined,b03,negative,70,know your place,1.0,2,2.0,0.001
mined,b03,negative,71,decisions made at the top,1.0,2,2.0,0.001
mined,b03,negative,72,bureaucratic hierarchy,1.0,1,1.0,0.0005
mined,b03,negative,73,senior leadership decides everything,1.0,0,0.0,0.0
mined,b03,positive,1,good culture,0.568,5007,2906.5,2.36
mined,b03,positive,2,smart people,0.445,4155,1888.6,2.0364
mined,b03,positive,3,meetings,0.505,1953,1036.3,0.8791
mined,b03,positive,4,employee friendly,0.511,1542,835.5,0.7519
mined,b03,positive,5,autonomy,0.637,621,464.4,0.351
mined,b03,positive,6,flat hierarchy,1.511,280,435.2,0.1401
mined,b03,positive,7,open door,1.0,375,383.0,0.189
mined,b03,positive,8,open door policy,1.0,311,315.0,0.1551
mined,b03,positive,9,flat structure,1.0,266,283.0,0.1381
mined,b03,positive,10,a role,0.519,206,118.3,0.1102
mined,b03,positive,11,very flat,1.0,81,90.0,0.0444
mined,b03,positive,12,empowerment,0.523,112,77.4,0.0728
mined,b03,positive,13,friendly policies,0.505,139,74.7,0.0728
mined,b03,positive,14,relatively flat,1.0,54,54.0,0.0264
mined,b03,positive,15,cooperation,0.537,71,51.6,0.0469
mined,b03,positive,16,friendly organization,0.566,44,27.2,0.0234
mined,b03,positive,17,flat organisation,0.599,41,27.0,0.0214
mined,b03,positive,18,employee friendly organization,0.534,40,23.0,0.0209
mined,b03,positive,19,friendly organisation,0.577,37,22.5,0.0189
mined,b03,positive,20,friendly workplace,0.518,36,19.7,0.0189
mined,b03,positive,21,no autonomy,0.577,30,19.0,0.016
mined,b03,positive,22,a flat structure,0.963,16,18.3,0.0095
mined,b03,positive,23,flat organizational structure,0.59,29,18.3,0.0155
mined,b03,positive,24,employee friendly organisation,0.534,30,17.1,0.0155
mined,b03,positive,25,a friendly environment,0.529,19,14.3,0.0135
mined,b03,positive,26,very flat structure,0.799,13,12.8,0.008
mined,b03,positive,27,flexible workplace,0.507,23,12.2,0.0115
mined,b03,positive,28,individuality,0.528,16,11.1,0.0105
mined,b03,positive,29,approachable leadership,0.614,17,10.4,0.0085
mined,b03,positive,30,great autonomy,0.572,18,10.3,0.009
mined,b03,positive,31,approachable people,0.504,20,10.1,0.01
mined,b03,positive,32,much autonomy,0.582,5,9.9,0.008
mined,b03,positive,33,transparent leadership,0.616,14,9.9,0.008
mined,b03,positive,34,little autonomy,0.566,17,9.6,0.0085
mined,b03,positive,35,approachable colleagues,0.516,18,9.3,0.009
mined,b03,positive,36,individual development,0.509,18,9.2,0.008
mined,b03,positive,37,limited autonomy,0.636,14,8.9,0.006
mined,b03,positive,38,accessible leadership,1.0,8,8.0,0.004
mined,b03,positive,39,the autonomy,0.64,12,7.7,0.006
mined,b03,positive,40,open roles,0.547,9,7.7,0.0065
mined,b03,positive,41,capable employees,0.517,12,7.2,0.007
mined,b03,positive,42,every role,0.509,13,7.1,0.007
mined,b03,positive,43,more autonomy,0.625,11,6.9,0.0055
mined,b03,positive,44,full autonomy,0.626,9,6.3,0.005
mined,b03,positive,45,respectful colleagues,0.506,12,6.1,0.006
mined,b03,positive,46,capable colleagues,0.535,11,5.9,0.0055
mined,b03,positive,47,high autonomy,0.63,9,5.7,0.0045
mined,b03,positive,48,enough autonomy,0.56,4,5.0,0.0045
mined,b03,positive,49,everyone has a voice,1.0,4,5.0,0.0025
mined,b03,positive,50,autonomy to make decisions,1.0,2,5.0,0.0025
mined,b03,positive,51,respectful workplace,0.527,9,4.7,0.0045
mined,b03,positive,52,collaborative nature,0.523,9,4.7,0.0045
mined,b03,positive,53,capable individuals,0.508,8,4.6,0.0045
mined,b03,positive,54,internal groups,0.517,8,4.1,0.004
mined,b03,positive,55,good autonomy,0.586,6,3.5,0.003
mined,b03,positive,56,limited roles,0.527,6,3.2,0.003
mined,b03,positive,57,varied roles,0.52,6,3.1,0.003
mined,b03,positive,58,egalitarian culture,1.0,2,2.0,0.001
mined,b03,positive,59,collaborative decision making,1.0,2,2.0,0.001
mined,b03,positive,60,leadership listens,1.0,1,1.0,0.0005
mined,b03,positive,61,empowered employees,1.0,1,1.0,0.0005
mined,b04,negative,1,process,1.519,5083,8389.4,2.4802
mined,b04,negative,2,processes,1.497,2743,4435.6,1.3827
mined,b04,negative,3,too many,0.855,2842,2823.2,1.5423
mined,b04,negative,4,red-tape,1.47,1174,1790.5,0.5829
mined,b04,negative,5,red tape,1.465,1174,1784.4,0.5829
mined,b04,negative,6,compliance,0.611,1102,693.5,0.5151
mined,b04,negative,7,the process,0.64,436,311.0,0.2329
mined,b04,negative,8,procedures,0.559,479,300.7,0.2543
mined,b04,negative,9,processing,0.591,364,226.9,0.1755
mined,b04,negative,10,approval,0.58,262,168.8,0.1381
mined,b04,negative,11,regulations,0.554,266,152.4,0.1276
mined,b04,negative,12,approvals,0.6,188,116.4,0.0937
mined,b04,negative,13,the processes,0.648,121,86.2,0.0658
mined,b04,negative,14,some processes,0.591,80,49.6,0.0419
mined,b04,negative,15,many processes,0.557,82,49.6,0.0439
mined,b04,negative,16,the red tape,1.0,37,43.0,0.0209
mined,b04,negative,17,a process,0.608,60,38.9,0.0319
mined,b04,negative,18,process heavy,1.0,34,36.0,0.018
mined,b04,negative,19,some red tape,1.465,23,33.7,0.0115
mined,b04,negative,20,manual processes,0.574,53,33.3,0.0289
mined,b04,negative,21,process improvement,0.561,50,29.7,0.0264
mined,b04,negative,22,very process,0.57,43,26.8,0.0234
mined,b04,negative,23,much process,0.582,44,26.8,0.0224
mined,b04,negative,24,corporate red tape,0.944,26,24.5,0.013
mined,b04,negative,25,too much process,0.569,39,23.3,0.0204
mined,b04,negative,26,good processes,0.63,32,21.4,0.017
mined,b04,negative,27,by the book,1.0,19,20.0,0.0095
mined,b04,negative,28,strict rules,0.58,32,19.7,0.0165
mined,b04,negative,29,business processes,0.553,31,19.4,0.0175
mined,b04,negative,30,process improvements,0.56,34,19.0,0.0165
mined,b04,negative,31,some process,0.612,28,18.4,0.014
mined,b04,negative,32,new processes,0.571,26,15.4,0.0135
mined,b04,negative,33,this process,0.604,20,13.9,0.0115
mined,b04,negative,34,bureaucratic red tape,0.799,16,13.6,0.008
mined,b04,negative,35,structured processes,0.585,23,13.5,0.011
mined,b04,negative,36,their processes,0.555,23,12.8,0.0115
mined,b04,negative,37,strict work,0.548,19,11.5,0.0105
mined,b04,negative,38,certain processes,0.557,20,11.1,0.01
mined,b04,negative,39,complex processes,0.549,17,10.4,0.0095
mined,b04,negative,40,proper process,0.642,9,10.3,0.008
mined,b04,negative,41,strict compliance,0.601,16,10.2,0.0085
mined,b04,negative,42,the procedures,0.596,14,10.1,0.008
mined,b04,negative,43,the workflow,0.583,16,9.9,0.0085
mined,b04,negative,44,established processes,0.612,15,9.8,0.008
mined,b04,negative,45,more process,0.595,15,9.5,0.0075
mined,b04,negative,46,whole process,0.551,16,9.4,0.008
mined,b04,negative,47,every process,0.648,13,9.1,0.007
mined,b04,negative,48,new process,0.556,14,8.3,0.007
mined,b04,negative,49,complicated processes,0.587,14,8.2,0.007
mined,b04,negative,50,lengthy process,0.547,15,8.2,0.0075
mined,b04,negative,51,a long process,0.546,14,7.6,0.007
mined,b04,negative,52,many process,0.579,13,7.5,0.0065
mined,b04,negative,53,cumbersome processes,0.57,13,7.4,0.0065
mined,b04,negative,54,much processes,0.616,10,6.8,0.0055
mined,b04,negative,55,many approvals,0.557,12,6.7,0.006
mined,b04,negative,56,the whole process,0.548,10,6.0,0.0055
mined,b04,negative,57,tedious processes,0.59,9,5.9,0.005
mined,b04,negative,58,structured process,0.557,8,5.6,0.005
mined,b04,negative,59,unnecessary processes,0.553,9,5.0,0.0045
mined,b04,negative,60,formal process,0.602,4,4.8,0.004
mined,b04,negative,61,strict regulations,0.563,8,4.5,0.004
mined,b04,negative,62,rigid rules,0.551,7,4.4,0.0035
mined,b04,negative,63,more processes,0.606,6,4.2,0.0035
mined,b04,negative,64,strict processes,1.0,4,4.0,0.002
mined,b04,negative,65,follow the process,1.0,4,4.0,0.002
mined,b04,negative,66,great processes,0.566,7,4.0,0.0035
mined,b04,negative,67,few process,0.547,6,3.3,0.003
mined,b04,negative,68,rigid procedures,1.0,3,3.0,0.0015
mined,b04,negative,69,compliance driven,1.0,3,3.0,0.0015
mined,b04,negative,70,inflexible rules,1.0,1,1.0,0.0005
mined,b04,negative,71,everything needs approval,1.0,1,1.0,0.0005
mined,b04,negative,72,checklists for everything,1.0,1,1.0,0.0005
mined,b04,positive,1,- flexibility,0.503,4584,2720.7,2.5963
mined,b04,positive,2,flexibility,0.502,4584,2715.3,2.5963
mined,b04,positive,3,decisions,0.622,1636,1165.6,0.8776
mined,b04,positive,4,decision,0.544,1654,1018.4,0.8806
mined,b04,positive,5,flexible working,0.516,1555,847.3,0.7998
mined,b04,positive,6,decision making,0.585,1002,669.2,0.551
mined,b04,positive,7,decision-making,0.565,1002,646.4,0.551
mined,b04,positive,8,approach,0.583,947,595.2,0.4847
mined,b04,positive,9,design,0.519,292,166.6,0.1237
mined,b04,positive,10,consideration,0.582,112,141.4,0.1197
mined,b04,positive,11,nimble,1.0,66,97.0,0.0474
mined,b04,positive,12,willingness,0.528,147,87.1,0.0803
mined,b04,positive,13,the flexibility,0.502,137,72.8,0.0723
mined,b04,positive,14,coordination,0.581,69,69.1,0.0588
mined,b04,positive,15,the decision,0.545,109,64.3,0.0578
mined,b04,positive,16,competence,0.513,93,59.0,0.0539
mined,b04,positive,17,capability,0.514,95,55.0,0.0524
mined,b04,positive,18,a decision,0.565,80,53.1,0.0469
mined,b04,positive,19,approaches,0.552,77,44.7,0.0389
mined,b04,positive,20,decision makers,0.57,68,44.5,0.0389
mined,b04,positive,21,the decisions,0.595,53,34.5,0.0284
mined,b04,positive,22,logic,0.515,41,31.4,0.0299
mined,b04,positive,23,business decisions,0.529,44,29.6,0.0269
mined,b04,positive,24,common sense,0.526,40,26.3,0.0249
mined,b04,positive,25,flexible approach,1.529,17,26.0,0.0085
mined,b04,positive,26,pragmatic,1.0,18,20.0,0.0095
mined,b04,positive,27,their approach,0.501,33,19.0,0.0184
mined,b04,positive,28,adaptability,0.575,27,16.7,0.0135
mined,b04,positive,29,manipulation,0.546,30,16.4,0.0145
mined,b04,positive,30,easily approachable,0.505,27,14.1,0.014
mined,b04,positive,31,determination,0.546,20,11.5,0.0105
mined,b04,positive,32,key decisions,0.561,16,10.7,0.0095
mined,b04,positive,33,the expertise,0.503,15,10.6,0.0105
mined,b04,positive,34,adapt quickly,1.0,8,9.0,0.0045
mined,b04,positive,35,the capability,0.517,14,8.8,0.0085
mined,b04,positive,36,more nimble,0.799,11,8.8,0.0055
mined,b04,positive,37,approachability,0.559,12,8.4,0.0075
mined,b04,positive,38,some decisions,0.569,12,8.0,0.007
mined,b04,positive,39,many decisions,0.551,13,7.7,0.007
mined,b04,positive,40,major decisions,0.513,14,7.7,0.0075
mined,b04,positive,41,ingenuity,0.576,11,7.5,0.006
mined,b04,positive,42,own decisions,0.554,12,7.2,0.0065
mined,b04,positive,43,this approach,0.544,12,7.1,0.0065
mined,b04,positive,44,important decisions,0.541,11,7.0,0.0065
mined,b04,positive,45,big decisions,0.526,13,6.8,0.0065
mined,b04,positive,46,technical decisions,0.504,9,6.6,0.0065
mined,b04,positive,47,your decisions,0.508,12,6.1,0.0055
mined,b04,positive,48,the right mindset,0.504,10,6.0,0.006
mined,b04,positive,49,slower decision,0.522,10,5.2,0.005
mined,b04,positive,50,quick decisions,0.629,6,5.0,0.004
mined,b04,positive,51,agile way,0.501,9,5.0,0.005
mined,b04,positive,52,complex situations,0.528,6,3.7,0.0035
mined,b04,positive,53,reasonable flexibility,0.525,7,3.7,0.0035
mined,b04,positive,54,good decisions,0.511,6,3.6,0.0035
mined,b04,positive,55,trusted to make decisions,1.0,1,1.0,0.0005
mined,b04,positive,56,freedom to decide,1.0,1,1.0,0.0005
mined,b04,positive,57,agile ways of working,1.0,1,1.0,0.0005
mined,b04,positive,58,use your judgement,1.0,0,0.0,0.0
mined,b04,positive,59,common sense over process,1.0,0,0.0,0.0
mined,b04,positive,60,adapts to change,1.0,0,0.0,0.0
mined,b05,negative,1,competitive,0.633,5981,4857.0,3.619
mined,b05,negative,2,competitors,0.635,1291,919.5,0.7041
mined,b05,negative,3,competition,0.685,944,709.7,0.5031
mined,b05,negative,4,competitive environment,0.557,573,334.8,0.2917
mined,b05,negative,5,more competitive,0.563,247,141.9,0.1247
mined,b05,negative,6,highly competitive,0.569,204,120.1,0.1027
mined,b05,negative,7,sink,0.855,110,113.7,0.0663
mined,b05,negative,8,sink or swim,1.0,86,105.0,0.0524
mined,b05,negative,9,himself,1.0,84,86.0,0.0409
mined,b05,negative,10,your peers,0.6,129,83.4,0.0683
mined,b05,negative,11,the ranks,0.564,142,82.9,0.0728
mined,b05,negative,12,the competition,0.667,97,70.0,0.0504
mined,b05,negative,13,competitor,0.601,108,67.9,0.0548
mined,b05,negative,14,less competitive,0.551,100,56.2,0.0509
mined,b05,negative,15,other competitors,0.588,81,53.5,0.0454
mined,b05,negative,16,competitive culture,0.569,88,52.9,0.0454
mined,b05,negative,17,competitiveness,0.617,72,48.7,0.0389
mined,b05,negative,18,extremely competitive,0.565,79,48.0,0.0419
mined,b05,negative,19,its competitors,0.549,78,47.8,0.0429
mined,b05,negative,20,my peers,0.577,74,46.2,0.0394
mined,b05,negative,21,every man,0.999,33,40.0,0.0199
mined,b05,negative,22,internal competition,1.105,34,39.8,0.018
mined,b05,negative,23,too competitive,0.563,58,39.4,0.0349
mined,b05,negative,24,the competitors,0.636,46,37.5,0.0294
mined,b05,negative,25,most competitive,0.577,7,33.5,0.0284
mined,b05,negative,26,individual performance,0.56,40,30.2,0.0254
mined,b05,negative,27,its peers,0.554,47,28.3,0.0244
mined,b05,negative,28,every man for himself,1.0,21,26.0,0.013
mined,b05,negative,29,much competition,0.58,39,23.8,0.0204
mined,b05,negative,30,high competition,0.627,37,23.2,0.0184
mined,b05,negative,31,their competitors,0.566,38,22.6,0.0199
mined,b05,negative,32,competitions,0.594,38,22.6,0.017
mined,b05,negative,33,a competitor,0.58,33,21.5,0.018
mined,b05,negative,34,a competitive environment,0.606,30,20.6,0.017
mined,b05,negative,35,their peers,0.581,30,20.3,0.0175
mined,b05,negative,36,stack ranking,1.0,20,20.0,0.009
mined,b05,negative,37,sharp elbows,1.0,17,19.0,0.009
mined,b05,negative,38,super competitive,0.559,19,18.4,0.0165
mined,b05,negative,39,overly competitive,0.583,26,18.1,0.015
mined,b05,negative,40,competitive people,0.666,24,16.7,0.0125
mined,b05,negative,41,intense competition,0.609,27,16.4,0.0125
mined,b05,negative,42,competitive colleagues,1.485,11,16.3,0.0055
mined,b05,negative,43,our competitors,0.583,23,15.7,0.0135
mined,b05,negative,44,competitive place,0.601,23,15.0,0.0125
mined,b05,negative,45,competitive nature,0.605,24,14.5,0.012
mined,b05,negative,46,talented peers,0.561,24,14.0,0.0125
mined,b05,negative,47,some competitors,0.629,18,13.2,0.0105
mined,b05,negative,48,competitive base,0.587,18,12.9,0.011
mined,b05,negative,49,internal talent,0.545,19,12.0,0.0105
mined,b05,negative,50,competitive workplace,0.591,19,11.2,0.0095
mined,b05,negative,51,always competitive,0.548,2,10.4,0.0095
mined,b05,negative,52,most competitors,0.572,17,9.7,0.0085
mined,b05,negative,53,our peers,0.61,15,9.2,0.007
mined,b05,negative,54,competitive company,0.552,15,8.8,0.008
mined,b05,negative,55,tough competition,0.592,14,8.3,0.007
mined,b05,negative,56,fierce competition,0.625,10,6.9,0.0055
mined,b05,negative,57,some peers,0.574,10,6.3,0.0055
mined,b05,negative,58,many competitors,0.606,9,6.1,0.005
mined,b05,negative,59,competitive peers,0.625,7,5.0,0.004
mined,b05,negative,60,competitive landscape,0.545,8,4.9,0.0045
mined,b05,negative,61,direct competitors,0.605,7,4.8,0.004
mined,b05,negative,62,main competitors,0.601,8,4.8,0.004
mined,b05,negative,63,competitive edge,0.559,7,4.5,0.004
mined,b05,negative,64,star culture,1.0,3,4.0,0.0015
mined,b05,negative,65,cutthroat competition,1.0,4,4.0,0.002
mined,b05,negative,66,local competitors,0.57,5,4.0,0.0035
mined,b05,negative,67,most peers,0.554,7,3.9,0.0035
mined,b05,negative,68,heavy competition,0.624,6,3.7,0.003
mined,b05,negative,69,more competition,0.59,6,3.5,0.003
mined,b05,negative,70,major competitors,0.57,5,3.4,0.003
mined,b05,negative,71,individual effort,0.559,5,3.4,0.003
mined,b05,negative,72,huge competition,0.559,5,3.4,0.003
mined,b05,negative,73,many peers,0.552,5,3.3,0.003
mined,b05,negative,74,personal quotas,1.0,0,0.0,0.0
mined,b05,negative,75,individual targets,1.0,0,0.0,0.0
mined,b05,positive,1,great team,1.0,2218,2260.0,1.086
mined,b05,positive,2,good team,1.0,1784,1842.0,0.8905
mined,b05,positive,3,collaborative,0.69,2380,1709.8,1.1797
mined,b05,positive,4,a team,1.708,757,1486.0,0.4188
mined,b05,positive,5,team members,0.77,1111,920.9,0.5654
mined,b05,positive,6,collaboration,0.759,1057,905.5,0.5774
mined,b05,positive,7,collaborative environment,1.62,463,774.4,0.2324
mined,b05,positive,8,teamwork,0.811,792,697.5,0.4193
mined,b05,positive,9,team work,0.84,636,591.4,0.347
mined,b05,positive,10,team spirit,1.658,277,527.2,0.1556
mined,b05,positive,11,very collaborative,1.66,218,398.4,0.1187
mined,b05,positive,12,team environment,0.748,495,391.2,0.2568
mined,b05,positive,13,teammates,0.74,483,373.0,0.2438
mined,b05,positive,14,team oriented,1.0,261,276.0,0.1366
mined,b05,positive,15,supportive colleagues,1.092,200,223.9,0.1012
mined,b05,positive,16,very team,1.604,122,211.7,0.0633
mined,b05,positive,17,supportive team,0.464,448,209.7,0.2209
mined,b05,positive,18,team building,0.785,187,190.8,0.1197
mined,b05,positive,19,great teamwork,1.692,94,164.1,0.0469
mined,b05,positive,20,team leaders,0.717,198,155.6,0.1002
mined,b05,positive,21,team mates,0.715,175,130.8,0.0898
mined,b05,positive,22,helpful team,0.753,131,99.4,0.0653
mined,b05,positive,23,good team spirit,1.58,60,96.4,0.0294
mined,b05,positive,24,collaborative work,0.703,132,94.9,0.0668
mined,b05,positive,25,team management,0.717,100,85.3,0.0578
mined,b05,positive,26,team collaboration,0.849,89,84.9,0.0499
mined,b05,positive,27,collaborative team,0.857,98,84.8,0.0489
mined,b05,positive,28,very collaborative environment,1.633,43,76.8,0.0234
mined,b05,positive,29,team support,0.769,79,63.1,0.0399
mined,b05,positive,30,team structure,0.739,73,60.6,0.0404
mined,b05,positive,31,team dynamics,0.746,77,58.9,0.0394
mined,b05,positive,32,a collaborative environment,1.653,30,54.5,0.0165
mined,b05,positive,33,team bonding,0.724,46,52.1,0.0354
mined,b05,positive,34,great team spirit,1.0,46,46.0,0.0224
mined,b05,positive,35,team oriented culture,1.435,30,45.9,0.016
mined,b05,positive,36,the team members,0.73,54,45.3,0.0304
mined,b05,positive,37,good teamwork,0.702,56,41.4,0.0289
mined,b05,positive,38,team meetings,0.708,48,38.2,0.0269
mined,b05,positive,39,work as a team,1.0,34,37.0,0.0184
mined,b05,positive,40,collaborative working,0.722,46,33.9,0.0229
mined,b05,positive,41,supportive teams,0.699,47,32.9,0.0234
mined,b05,positive,42,supportive team members,0.728,43,32.0,0.0219
mined,b05,positive,43,other team members,0.691,40,31.1,0.0219
mined,b05,positive,44,collaborative teams,0.84,37,31.1,0.0184
mined,b05,positive,45,great collaborative environment,1.525,19,29.0,0.0095
mined,b05,positive,46,support teams,0.74,30,28.1,0.0184
mined,b05,positive,47,a team environment,0.775,26,27.1,0.0175
mined,b05,positive,48,collaborative people,0.716,30,22.2,0.0155
mined,b05,positive,49,collaborative colleagues,0.727,28,21.1,0.014
mined,b05,positive,50,functional collaboration,1.488,13,19.3,0.0065
mined,b05,positive,51,functional teams,0.697,26,18.1,0.013
mined,b05,positive,52,cross-functional teams,0.693,24,17.3,0.0125
mined,b05,positive,53,team activities,0.728,17,16.7,0.0115
mined,b05,positive,54,team mentality,0.696,16,16.7,0.0115
mined,b05,positive,55,helpful team members,0.723,23,16.6,0.0115
mined,b05,positive,56,supportive team environment,0.721,22,15.9,0.0105
mined,b05,positive,57,supportive teammates,0.706,22,15.5,0.011
mined,b05,positive,58,the team leaders,0.692,20,15.2,0.01
mined,b05,positive,59,no team spirit,0.828,13,14.9,0.009
mined,b05,positive,60,some team members,0.702,20,14.7,0.0105
mined,b05,positive,61,a team member,0.692,19,14.5,0.0105
mined,b05,positive,62,individual team,0.715,18,13.6,0.0095
mined,b05,positive,63,friendly team members,0.713,18,13.5,0.0095
mined,b05,positive,64,a global team,0.697,17,13.2,0.0095
mined,b05,positive,65,cross functional collaboration,1.0,13,13.0,0.0065
mined,b05,positive,66,the teamwork,0.822,15,12.3,0.0075
mined,b05,positive,67,the team environment,0.739,15,11.1,0.0075
mined,b05,positive,68,strong collaboration,0.731,15,11.0,0.0075
mined,b05,positive,69,great team collaboration,0.789,13,10.3,0.0065
mined,b05,positive,70,collaborative workplace,0.715,14,10.0,0.0065
mined,b05,positive,71,strong teamwork,0.743,13,9.7,0.0065
mined,b05,positive,72,your team members,0.701,11,9.1,0.0065
mined,b05,positive,73,the collaboration,0.695,11,8.3,0.006
mined,b05,positive,74,helpful teams,0.754,11,8.3,0.0055
mined,b05,positive,75,cohesive team,0.743,10,8.2,0.0055
mined,b05,positive,76,cooperative colleagues,0.73,11,8.0,0.0055
mined,b05,positive,77,everyone helps each other,1.0,8,8.0,0.004
mined,b05,positive,78,team first,1.0,5,5.0,0.0025
mined,b05,positive,79,collective success,1.0,1,1.0,0.0005
mined,b06,negative,1,technology,1.357,7722,11507.4,3.6968
mined,b06,negative,2,focus,0.556,3320,2107.8,1.7367
mined,b06,negative,3,internal politics,1.071,494,585.8,0.2608
mined,b06,negative,4,visibility,0.563,434,293.9,0.2498
mined,b06,negative,5,the times,1.0,217,230.0,0.1117
mined,b06,negative,6,internal opportunities,0.584,194,120.3,0.1017
mined,b06,negative,7,behind the times,1.0,93,93.0,0.0444
mined,b06,negative,8,a focus,0.555,139,85.5,0.0763
mined,b06,negative,9,the focus,0.57,128,83.8,0.0703
mined,b06,negative,10,internal job,0.543,140,82.5,0.0728
mined,b06,negative,11,the outside,0.588,129,81.1,0.0663
mined,b06,negative,12,internal movement,0.544,128,77.2,0.0698
mined,b06,negative,13,strong focus,0.547,120,67.3,0.0598
mined,b06,negative,14,awareness,0.526,80,52.6,0.0494
mined,b06,negative,15,too focused,0.522,57,30.8,0.0294
mined,b06,negative,16,the forefront,0.571,41,27.4,0.0239
mined,b06,negative,17,big focus,0.513,51,26.7,0.0249
mined,b06,negative,18,the inside,0.625,37,26.2,0.0209
mined,b06,negative,19,internal career,0.512,38,23.0,0.0214
mined,b06,negative,20,this environment,0.52,41,22.9,0.0214
mined,b06,negative,21,some internal politics,1.465,12,22.0,0.0075
mined,b06,negative,22,an outsider,0.512,38,21.0,0.0204
mined,b06,negative,23,internal culture,0.625,28,20.6,0.0155
mined,b06,negative,24,a strong focus,0.569,33,19.3,0.017
mined,b06,negative,25,the internal politics,1.442,10,17.3,0.006
mined,b06,negative,26,proximity,0.515,32,17.0,0.016
mined,b06,negative,27,internal movements,0.533,27,16.5,0.0155
mined,b06,negative,28,internal technology,0.57,25,15.4,0.0135
mined,b06,negative,29,internal advancement,0.534,24,14.4,0.0135
mined,b06,negative,30,internal opportunity,0.595,23,14.3,0.012
mined,b06,negative,31,main focus,0.516,23,13.9,0.0125
mined,b06,negative,32,internal competition,0.376,34,13.5,0.018
mined,b06,negative,33,internal team,0.513,20,13.3,0.013
mined,b06,negative,34,the front lines,0.526,24,13.2,0.012
mined,b06,negative,35,internal development,0.517,20,12.4,0.012
mined,b06,negative,36,ivory tower,1.0,11,12.0,0.006
mined,b06,negative,37,many internal opportunities,0.556,16,11.1,0.01
mined,b06,negative,38,a big focus,0.539,18,9.7,0.009
mined,b06,negative,39,internal tech,0.522,17,9.4,0.008
mined,b06,negative,40,internal projects,0.515,16,9.3,0.0085
mined,b06,negative,41,internal management,0.54,14,8.6,0.008
mined,b06,negative,42,outside experience,0.571,12,8.6,0.0075
mined,b06,negative,43,transparent culture,0.52,16,8.3,0.008
mined,b06,negative,44,outside world,0.578,10,8.1,0.007
mined,b06,negative,45,insular culture,1.0,8,8.0,0.004
mined,b06,negative,46,a global presence,0.529,14,7.9,0.007
mined,b06,negative,47,the main focus,0.538,13,7.5,0.006
mined,b06,negative,48,internal bureaucracy,0.515,14,7.2,0.0065
mined,b06,negative,49,real focus,0.543,10,7.1,0.0065
mined,b06,negative,50,internal education,0.539,12,7.0,0.0065
mined,b06,negative,51,not invented here,1.0,7,7.0,0.0035
mined,b06,negative,52,internally focused,1.0,6,7.0,0.0035
mined,b06,negative,53,the visibility,0.582,11,7.0,0.006
mined,b06,negative,54,internal networks,0.547,12,6.6,0.006
mined,b06,negative,55,the internal systems,0.546,11,6.6,0.006
mined,b06,negative,56,the transparency,0.537,11,6.4,0.006
mined,b06,negative,57,internal work,0.569,10,6.3,0.0055
mined,b06,negative,58,global focus,0.548,11,6.0,0.0055
mined,b06,negative,59,internal business,0.601,10,6.0,0.0045
mined,b06,negative,60,inward looking,1.0,4,6.0,0.003
mined,b06,negative,61,internal positions,0.524,11,5.8,0.0055
mined,b06,negative,62,internal people,0.573,7,5.7,0.0045
mined,b06,negative,63,internal knowledge,0.567,9,5.7,0.005
mined,b06,negative,64,its focus,0.515,11,5.7,0.0055
mined,b06,negative,65,a huge focus,0.512,10,5.6,0.0055
mined,b06,negative,66,internal position,0.53,9,5.3,0.005
mined,b06,negative,67,internal technologies,0.569,8,5.1,0.004
mined,b06,negative,68,intense focus,0.526,8,4.7,0.0045
mined,b06,negative,69,internal control,0.521,7,4.7,0.0045
mined,b06,negative,70,outside interests,0.551,7,4.4,0.004
mined,b06,negative,71,outside opportunities,0.552,7,3.9,0.0035
mined,b06,negative,72,internal use,0.516,6,3.1,0.003
mined,b06,negative,73,navel gazing,1.0,2,2.0,0.0005
mined,b06,negative,74,resistant to outside ideas,1.0,1,1.0,0.0005
mined,b06,negative,75,out of touch with the market,1.0,1,1.0,0.0005
mined,b06,positive,1,business,0.601,9901,6371.2,4.4388
mined,b06,positive,2,market,0.645,5442,3958.4,2.8347
mined,b06,positive,3,customer,1.709,1968,3587.2,0.9035
mined,b06,positive,4,clients,0.663,4504,3142.0,1.9581
mined,b06,positive,5,customers,0.805,1312,1123.8,0.6073
mined,b06,positive,6,the market,0.626,1197,868.3,0.6702
mined,b06,positive,7,customer service,0.688,872,637.1,0.4268
mined,b06,positive,8,marketing,0.683,810,600.4,0.3715
mined,b06,positive,9,the customer,1.632,247,445.5,0.1197
mined,b06,positive,10,the client,0.579,503,322.5,0.2408
mined,b06,positive,11,the clients,0.623,293,198.1,0.1466
mined,b06,positive,12,their clients,0.59,179,114.5,0.0927
mined,b06,positive,13,this industry,0.608,137,86.9,0.0703
mined,b06,positive,14,the customers,0.759,96,80.5,0.0509
mined,b06,positive,15,a customer,0.698,103,78.2,0.0509
mined,b06,positive,16,customer centric,1.606,44,73.9,0.0229
mined,b06,positive,17,customer focused,1.0,65,70.0,0.0344
mined,b06,positive,18,your clients,0.624,97,64.3,0.0484
mined,b06,positive,19,our clients,0.596,101,61.4,0.0459
mined,b06,positive,20,customer experience,0.69,57,43.5,0.0304
mined,b06,positive,21,its clients,0.614,68,43.0,0.0344
mined,b06,positive,22,customer first,1.0,37,41.0,0.0199
mined,b06,positive,23,very customer,1.486,25,40.1,0.0135
mined,b06,positive,24,their customers,0.751,48,36.8,0.0239
mined,b06,positive,25,a market,0.595,51,34.5,0.0289
mined,b06,positive,26,the marketplace,0.627,45,30.1,0.0239
mined,b06,positive,27,customer relationship advocate,0.706,39,27.5,0.0194
mined,b06,positive,28,many clients,0.611,45,27.5,0.0219
mined,b06,positive,29,its customers,0.762,34,26.7,0.0175
mined,b06,positive,30,our customers,0.737,34,26.5,0.0165
mined,b06,positive,31,potential clients,0.662,37,25.2,0.0175
mined,b06,positive,32,rude customers,0.64,35,24.3,0.0189
mined,b06,positive,33,customer focus,0.813,27,23.6,0.014
mined,b06,positive,34,customer satisfaction,0.662,31,21.2,0.0155
mined,b06,positive,35,consumers,0.647,30,20.7,0.016
mined,b06,positive,36,angry customers,0.623,31,19.9,0.0155
mined,b06,positive,37,their client,0.591,27,17.7,0.015
mined,b06,positive,38,the client experience,0.594,24,16.0,0.013
mined,b06,positive,39,market research,0.587,23,15.3,0.013
mined,b06,positive,40,market knowledge,0.593,21,14.2,0.012
mined,b06,positive,41,prospective clients,0.62,19,13.0,0.0105
mined,b06,positive,42,some clients,0.586,20,12.9,0.011
mined,b06,positive,43,good customer service,0.587,20,12.3,0.0105
mined,b06,positive,44,certain business,0.591,19,11.8,0.01
mined,b06,positive,45,strong market,0.592,19,11.2,0.0095
mined,b06,positive,46,competitive market,0.59,18,11.2,0.0095
mined,b06,positive,47,market driven,1.0,9,11.0,0.0055
mined,b06,positive,48,difficult customers,0.674,15,10.8,0.008
mined,b06,positive,49,potential customers,0.745,13,10.4,0.007
mined,b06,positive,50,digital marketing,0.608,15,10.3,0.008
mined,b06,positive,51,customer obsessed,1.0,9,10.0,0.005
mined,b06,positive,52,this market,0.588,16,9.4,0.008
mined,b06,positive,53,more clients,0.613,13,8.6,0.006
mined,b06,positive,54,your customers,0.781,9,7.8,0.005
mined,b06,positive,55,more customer,0.65,12,7.8,0.006
mined,b06,positive,56,large clients,0.597,13,7.8,0.0065
mined,b06,positive,57,great customers,0.592,13,7.7,0.0065
mined,b06,positive,58,many customers,0.699,11,7.7,0.0055
mined,b06,positive,59,middle market,0.58,12,7.5,0.0065
mined,b06,positive,60,top clients,0.624,12,7.5,0.006
mined,b06,positive,61,frustrated customers,0.652,11,7.2,0.0055
mined,b06,positive,62,strong customer,0.676,10,6.8,0.005
mined,b06,positive,63,new customers,0.703,9,6.3,0.0045
mined,b06,positive,64,the marketing team,0.6,9,6.0,0.0045
mined,b06,positive,65,poor customer,0.587,10,5.9,0.005
mined,b06,positive,66,internal clients,0.582,10,5.8,0.005
mined,b06,positive,67,retail services,0.579,9,5.2,0.004
mined,b06,positive,68,most clients,0.639,7,5.1,0.004
mined,b06,positive,69,most customers,0.723,7,5.1,0.0035
mined,b06,positive,70,loyal clients,0.612,7,4.9,0.004
mined,b06,positive,71,best clients,0.598,8,4.8,0.004
mined,b06,positive,72,big clients,0.635,6,4.4,0.0035
mined,b06,positive,73,nice customers,0.605,7,4.2,0.0035
mined,b06,positive,74,retail customers,0.694,6,4.2,0.0025
mined,b06,positive,75,irate customers,0.633,6,3.8,0.0025
mined,b06,positive,76,close to the market,1.0,1,2.0,0.001
mined,b06,positive,77,responsive to clients,1.0,0,1.0,0.0005
mined,b06,positive,78,listens to customers,1.0,1,1.0,0.0005
mined,b06,positive,79,in tune with the industry,1.0,0,0.0,0.0
mined,b06,positive,80,externally focused,1.0,0,0.0,0.0
mined,b07,negative,1,risk,0.697,1855,1384.2,0.8866
mined,b07,negative,2,security,0.495,2120,1277.6,1.1768
mined,b07,negative,3,avoid,0.577,786,480.6,0.3819
mined,b07,negative,4,fear,0.669,432,330.5,0.2319
mined,b07,negative,5,concerns,0.582,378,275.3,0.2204
mined,b07,negative,6,risk averse,1.541,162,263.5,0.0818
mined,b07,negative,7,concern,0.571,235,194.7,0.1645
mined,b07,negative,8,very conservative,0.88,199,182.2,0.1002
mined,b07,negative,9,status quo,1.0,136,151.0,0.0738
mined,b07,negative,10,risk management,0.558,227,135.6,0.1112
mined,b07,negative,11,safety,0.624,184,133.5,0.1027
mined,b07,negative,12,uncertainty,0.482,266,133.5,0.1331
mined,b07,negative,13,the status quo,1.0,86,97.0,0.0484
mined,b07,negative,14,risks,0.658,107,88.2,0.0648
mined,b07,negative,15,conservative culture,1.0,69,71.0,0.0339
mined,b07,negative,16,threat,0.533,101,60.8,0.0558
mined,b07,negative,17,the risk,0.662,73,54.3,0.0399
mined,b07,negative,18,survival,0.6,62,39.6,0.0319
mined,b07,negative,19,risk taking,0.676,47,38.5,0.0274
mined,b07,negative,20,insecurity,0.48,76,38.4,0.0394
mined,b07,negative,21,slow to innovate,1.0,35,35.0,0.0175
mined,b07,negative,22,low risk,0.601,49,32.5,0.0249
mined,b07,negative,23,protection,0.51,45,29.1,0.0279
mined,b07,negative,24,a concern,0.529,41,28.0,0.0264
mined,b07,negative,25,constant fear,0.642,40,27.6,0.0209
mined,b07,negative,26,caution,0.582,46,26.8,0.0229
mined,b07,negative,27,high risk,0.572,41,25.2,0.0189
mined,b07,negative,28,a risk,0.629,35,24.5,0.0189
mined,b07,negative,29,job safety,0.479,40,22.5,0.0229
mined,b07,negative,30,threats,0.531,33,20.2,0.0184
mined,b07,negative,31,own risk,0.597,33,19.7,0.016
mined,b07,negative,32,resilience,0.553,32,18.2,0.016
mined,b07,negative,33,safe environment,0.556,29,17.8,0.016
mined,b07,negative,34,danger,0.641,26,17.3,0.012
mined,b07,negative,35,your own risk,0.594,28,16.6,0.0135
mined,b07,negative,36,operational risk,0.529,30,16.4,0.0145
mined,b07,negative,37,constant threat,0.581,24,16.3,0.014
mined,b07,negative,38,no trust,0.473,20,14.7,0.015
mined,b07,negative,39,your concerns,0.494,18,14.3,0.014
mined,b07,negative,40,warnings,0.523,19,14.1,0.0125
mined,b07,negative,41,safe job,0.504,26,14.1,0.014
mined,b07,negative,42,a threat,0.511,26,13.8,0.013
mined,b07,negative,43,uncertainties,0.506,25,12.7,0.0115
mined,b07,negative,44,the fear,0.611,18,11.6,0.0095
mined,b07,negative,45,more worried,0.541,18,10.8,0.01
mined,b07,negative,46,psychological safety,0.534,13,10.1,0.0085
mined,b07,negative,47,risk aversion,0.533,19,10.1,0.0095
mined,b07,negative,48,good risk,0.598,14,9.0,0.0075
mined,b07,negative,49,a safe place,0.471,12,8.5,0.009
mined,b07,negative,50,strong risk,0.647,13,8.4,0.0065
mined,b07,negative,51,a warning,0.492,15,7.9,0.007
mined,b07,negative,52,very cautious,0.54,13,7.6,0.007
mined,b07,negative,53,safe company,0.502,14,7.5,0.007
mined,b07,negative,54,more risk,0.601,12,7.2,0.006
mined,b07,negative,55,too afraid,0.534,13,6.9,0.0065
mined,b07,negative,56,too worried,0.498,11,6.5,0.0065
mined,b07,negative,57,poor risk,0.613,9,6.1,0.005
mined,b07,negative,58,major concern,0.508,8,6.1,0.006
mined,b07,negative,59,little concern,0.494,11,5.9,0.006
mined,b07,negative,60,the concerns,0.563,8,5.6,0.005
mined,b07,negative,61,the concern,0.557,10,5.6,0.005
mined,b07,negative,62,safe work,0.502,10,5.5,0.0055
mined,b07,negative,63,low chances,0.482,10,5.3,0.005
mined,b07,negative,64,less risk,0.584,9,5.3,0.0045
mined,b07,negative,65,uncertain future,0.508,10,5.1,0.0045
mined,b07,negative,66,my concerns,0.473,10,4.7,0.005
mined,b07,negative,67,safe space,0.472,8,4.2,0.0045
mined,b07,negative,68,genuine concern,0.512,7,3.6,0.0035
mined,b07,negative,69,afraid of change,1.0,1,3.0,0.0015
mined,b07,negative,70,serious concerns,0.498,4,3.0,0.003
mined,b07,negative,71,more risks,0.591,3,3.0,0.0025
mined,b07,negative,72,little warning,0.473,5,2.4,0.0025
mined,b07,negative,73,plays it safe,1.0,2,2.0,0.001
mined,b07,negative,74,fear of failure,1.0,2,2.0,0.001
mined,b07,negative,75,resistant to new ideas,1.0,1,1.0,0.0005
mined,b07,negative,76,never takes risks,1.0,1,1.0,0.0005
mined,b07,negative,77,cautious to a fault,1.0,0,0.0,0.0
mined,b07,positive,1,opportunities,0.55,19718,11979.0,9.8214
mined,b07,positive,2,experience,0.552,18583,11136.6,8.8641
mined,b07,positive,3,learn,0.567,12035,7180.5,5.8085
mined,b07,positive,4,innovation,0.625,1137,897.5,0.6677
mined,b07,positive,5,strategy,0.612,1091,836.6,0.6318
mined,b07,positive,6,success,0.633,1052,728.6,0.5305
mined,b07,positive,7,challenges,0.572,911,571.4,0.4722
mined,b07,positive,8,innovative,0.582,804,569.8,0.4682
mined,b07,positive,9,experiences,0.596,524,354.6,0.2872
mined,b07,positive,10,efforts,0.55,527,326.7,0.2867
mined,b07,positive,11,strong culture,0.555,493,276.9,0.2388
mined,b07,positive,12,hardworking,0.563,450,264.6,0.2274
mined,b07,positive,13,entrepreneurial,0.6,322,218.4,0.173
mined,b07,positive,14,creativity,0.606,240,199.4,0.1606
mined,b07,positive,15,strategies,0.6,307,192.0,0.1481
mined,b07,positive,16,new skills,0.562,274,163.0,0.1431
mined,b07,positive,17,influence,0.552,191,120.3,0.1027
mined,b07,positive,18,entrepreneurial spirit,1.565,53,98.6,0.0314
mined,b07,positive,19,the opportunities,0.569,163,95.6,0.0798
mined,b07,positive,20,more opportunities,0.552,152,88.9,0.0793
mined,b07,positive,21,new opportunities,0.582,110,69.8,0.0588
mined,b07,positive,22,attempts,0.551,93,60.1,0.0529
mined,b07,positive,23,innovative culture,1.531,32,53.6,0.017
mined,b07,positive,24,innovations,0.553,62,41.5,0.0369
mined,b07,positive,25,the success,0.613,56,36.2,0.0294
mined,b07,positive,26,a strong culture,0.567,56,31.8,0.0274
mined,b07,positive,27,an entrepreneurial spirit,1.573,18,29.9,0.0095
mined,b07,positive,28,the strategy,0.599,36,25.8,0.0199
mined,b07,positive,29,the challenges,0.573,41,24.6,0.0214
mined,b07,positive,30,strong business,0.55,40,22.0,0.0194
mined,b07,positive,31,more innovative,0.56,29,16.8,0.014
mined,b07,positive,32,very entrepreneurial,0.569,23,16.5,0.0145
mined,b07,positive,33,innovative work,0.554,20,13.9,0.0125
mined,b07,positive,34,challenging opportunities,0.568,20,11.9,0.0105
mined,b07,positive,35,innovators,0.567,16,11.9,0.0105
mined,b07,positive,36,the innovation,0.614,17,11.7,0.0095
mined,b07,positive,37,experimentation,0.582,16,11.1,0.0095
mined,b07,positive,38,little innovation,0.561,18,10.7,0.009
mined,b07,positive,39,limited experience,0.563,18,10.1,0.009
mined,b07,positive,40,new experience,0.598,15,9.6,0.008
mined,b07,positive,41,new strategy,0.588,16,9.4,0.008
mined,b07,positive,42,the approach,0.594,13,8.9,0.007
mined,b07,positive,43,much innovation,0.62,2,8.7,0.007
mined,b07,positive,44,more successful,0.557,15,8.4,0.0075
mined,b07,positive,45,invaluable experience,0.561,14,7.9,0.007
mined,b07,positive,46,challenging experience,0.571,13,7.4,0.0065
mined,b07,positive,47,a willingness,0.553,13,7.2,0.006
mined,b07,positive,48,strong opportunities,0.589,12,7.1,0.006
mined,b07,positive,49,much development,0.562,1,6.7,0.006
mined,b07,positive,50,strong development,0.572,10,6.3,0.0055
mined,b07,positive,51,limited innovation,0.569,10,6.3,0.0055
mined,b07,positive,52,new strategies,0.619,9,6.2,0.0045
mined,b07,positive,53,the willingness,0.572,10,5.7,0.005
mined,b07,positive,54,new experiences,0.625,9,5.6,0.0045
mined,b07,positive,55,future success,0.568,8,5.1,0.0045
mined,b07,positive,56,embraces change,1.0,5,5.0,0.0025
mined,b07,positive,57,more innovation,0.603,6,4.2,0.0035
mined,b07,positive,58,innovative ways,0.582,6,4.1,0.0035
mined,b07,positive,59,strong experience,0.578,7,4.0,0.0035
mined,b07,positive,60,hard decisions,0.575,5,3.4,0.003
mined,b07,positive,61,fail fast,1.0,2,3.0,0.0015
mined,b07,positive,62,new practices,0.566,5,2.8,0.002
mined,b07,positive,63,test and learn,1.0,2,2.0,0.001
mined,b07,positive,64,willing to try new things,1.0,1,1.0,0.0005
mined,b07,positive,65,takes risks,1.0,0,1.0,0.0005
mined,b07,positive,66,bold decisions,1.0,1,1.0,0.0005
mined,b07,positive,67,pushes boundaries,1.0,0,0.0,0.0
mined,b07,positive,68,encourages experimentation,1.0,0,0.0,0.0
mined,b08,negative,1,politics,1.329,7170,10334.3,3.4844
mined,b08,negative,2,its,0.999,6009,6633.4,2.7888
mined,b08,negative,3,- politics,0.555,7170,4315.7,3.4844
mined,b08,negative,4,part,0.828,2877,2610.7,1.4675
mined,b08,negative,5,bureaucracy,1.02,2275,2414.3,1.1179
mined,b08,negative,6,office politics,1.634,1093,1965.7,0.5809
mined,b08,negative,7,communication,0.597,2075,1942.0,1.5442
mined,b08,negative,8,workplace,0.536,2524,1410.2,1.2241
mined,b08,negative,9,favoritism,1.581,770,1358.1,0.4074
mined,b08,negative,10,leaders,0.56,1969,1214.6,0.9529
mined,b08,negative,11,the way,0.799,822,742.3,0.4423
mined,b08,negative,12,your manager,0.568,923,573.7,0.4523
mined,b08,negative,13,play,0.649,789,569.8,0.4178
mined,b08,negative,14,nepotism,1.574,335,568.2,0.1675
mined,b08,negative,15,the managers,0.828,556,511.7,0.2897
mined,b08,negative,16,high turnover,0.358,1105,446.1,0.5959
mined,b08,negative,17,much politics,0.751,513,436.3,0.2727
mined,b08,negative,18,who you know,1.0,356,404.0,0.1985
mined,b08,negative,19,tenure,0.552,606,370.4,0.3201
mined,b08,negative,20,favouritism,1.198,250,341.4,0.1356
mined,b08,negative,21,senior leadership,0.538,534,326.0,0.2897
mined,b08,negative,22,internal politics,0.586,494,320.5,0.2608
mined,b08,negative,23,boys,0.963,288,289.9,0.1421
mined,b08,negative,24,senior managers,0.535,396,231.1,0.2014
mined,b08,negative,25,boys club,1.0,184,193.0,0.0907
mined,b08,negative,26,the game,0.799,194,166.2,0.0997
mined,b08,negative,27,senior leaders,0.553,272,163.7,0.1396
mined,b08,negative,28,corporate politics,0.598,207,135.7,0.1102
mined,b08,negative,29,old boys,1.0,116,125.0,0.0603
mined,b08,negative,30,seniority,0.605,185,124.6,0.1002
mined,b08,negative,31,senior manager,0.536,206,114.7,0.1007
mined,b08,negative,32,political culture,1.596,64,106.9,0.0324
mined,b08,negative,33,the politics,0.618,150,98.3,0.0763
mined,b08,negative,34,the senior management,0.537,140,84.3,0.0738
mined,b08,negative,35,brown nosing,1.0,52,65.0,0.0309
mined,b08,negative,36,company politics,0.578,99,63.0,0.0484
mined,b08,negative,37,some office politics,1.608,30,51.5,0.016
mined,b08,negative,38,management politics,0.583,73,48.4,0.0414
mined,b08,negative,39,some politics,0.602,72,47.6,0.0394
mined,b08,negative,40,many politics,0.541,60,36.2,0.0329
mined,b08,negative,41,cronyism,0.536,57,33.8,0.0309
mined,b08,negative,42,dirty politics,0.54,46,29.7,0.0259
mined,b08,negative,43,a boys club,0.944,27,25.5,0.013
mined,b08,negative,44,work politics,0.567,37,24.9,0.0214
mined,b08,negative,45,much favoritism,1.449,13,23.2,0.008
mined,b08,negative,46,bad office,0.828,26,23.2,0.014
mined,b08,negative,47,the office politics,1.504,15,22.6,0.0075
mined,b08,negative,48,team politics,0.578,34,22.0,0.018
mined,b08,negative,49,politicking,0.567,36,21.5,0.0184
mined,b08,negative,50,political game,0.599,34,21.0,0.0165
mined,b08,negative,51,the senior managers,0.536,38,20.9,0.017
mined,b08,negative,52,the senior leadership,0.561,34,20.2,0.0175
mined,b08,negative,53,political games,0.536,30,19.8,0.018
mined,b08,negative,54,favourism,0.59,33,19.5,0.0165
mined,b08,negative,55,very political culture,1.375,12,19.2,0.0065
mined,b08,negative,56,workplace politics,0.599,28,17.4,0.0135
mined,b08,negative,57,blatant favoritism,1.358,10,16.3,0.006
mined,b08,negative,58,political work,0.583,24,15.2,0.013
mined,b08,negative,59,favortism,0.555,22,15.0,0.013
mined,b08,negative,60,typical office,0.799,17,13.6,0.0085
mined,b08,negative,61,high politics,0.616,15,12.9,0.0105
mined,b08,negative,62,favorism,0.608,18,12.8,0.01
mined,b08,negative,63,some senior management,0.549,20,11.5,0.0105
mined,b08,negative,64,politicians,0.554,20,11.1,0.0095
mined,b08,negative,65,the senior leaders,0.549,18,11.0,0.01
mined,b08,negative,66,the political game,0.603,17,10.9,0.009
mined,b08,negative,67,senior leader,0.541,19,10.3,0.009
mined,b08,negative,68,politics politics politics,0.544,16,9.2,0.008
mined,b08,negative,69,petty politics,0.561,10,6.7,0.006
mined,b08,negative,70,a leadership position,0.544,8,6.0,0.0055
mined,b08,negative,71,political management,0.576,9,5.8,0.005
mined,b08,negative,72,rampant nepotism,0.551,6,4.4,0.004
mined,b08,negative,73,higher leadership,0.554,5,3.3,0.003
mined,b08,negative,74,promotions based on tenure,1.0,2,2.0,0.001
mined,b08,negative,75,play the game to get ahead,1.0,2,2.0,0.001
mined,b08,negative,76,seniority over merit,1.0,0,0.0,0.0
mined,b08,positive,1,promotion,0.664,3563,2913.0,2.0434
mined,b08,positive,2,promotions,0.682,2890,2346.8,1.6265
mined,b08,positive,3,-promotions,0.621,2890,2136.9,1.6265
mined,b08,positive,4,- promotions,0.621,2890,2136.9,1.6265
mined,b08,positive,5,meritocracy,1.682,441,1100.0,0.3161
mined,b08,positive,6,rewarding,0.652,1053,739.4,0.5395
mined,b08,positive,7,merit,0.786,545,643.7,0.3884
mined,b08,positive,8,incentives,0.626,599,467.6,0.3605
mined,b08,positive,9,reward,0.645,476,467.0,0.3485
mined,b08,positive,10,competitive pay,0.613,654,451.8,0.365
mined,b08,positive,11,-competitive pay,0.604,654,445.1,0.365
mined,b08,positive,12,rewards,0.627,599,433.9,0.3301
mined,b08,positive,13,incentive,0.661,357,363.6,0.2633
mined,b08,positive,14,a meritocracy,1.715,69,286.4,0.0808
mined,b08,positive,15,a promotion,0.645,315,243.2,0.18
mined,b08,positive,16,promotion process,0.603,262,179.7,0.1466
mined,b08,positive,17,merit based,1.0,102,163.0,0.0803
mined,b08,positive,18,meritocratic,0.637,160,144.0,0.1102
mined,b08,positive,19,promotion opportunities,0.688,153,143.1,0.1032
mined,b08,positive,20,not a meritocracy,1.364,67,96.8,0.0344
mined,b08,positive,21,merit increases,0.671,93,81.2,0.0558
mined,b08,positive,22,competitive work,0.642,112,78.3,0.0588
mined,b08,positive,23,true meritocracy,1.687,25,59.0,0.0175
mined,b08,positive,24,no meritocracy,1.536,35,56.8,0.0184
mined,b08,positive,25,talented employees,0.596,91,56.6,0.0469
mined,b08,positive,26,rewarding work,0.717,74,55.2,0.0379
mined,b08,positive,27,internal promotions,0.618,76,51.9,0.0409
mined,b08,positive,28,internal promotion,0.601,62,49.9,0.0404
mined,b08,positive,29,rewarding experience,0.623,72,46.1,0.0354
mined,b08,positive,30,the promotions,0.648,52,37.6,0.0274
mined,b08,positive,31,not merit,0.636,59,37.5,0.0294
mined,b08,positive,32,talent retention,0.6,37,35.4,0.0279
mined,b08,positive,33,the promotion process,0.646,44,32.9,0.0254
mined,b08,positive,34,a true meritocracy,1.633,11,32.7,0.01
mined,b08,positive,35,merit increase,0.688,39,31.6,0.0219
mined,b08,positive,36,promotion opportunity,0.669,34,30.1,0.0224
mined,b08,positive,37,retaining talent,0.609,37,28.6,0.0234
mined,b08,positive,38,rewarding career,0.704,38,28.2,0.0184
mined,b08,positive,39,promotion criteria,0.654,30,26.2,0.0199
mined,b08,positive,40,talent management,0.634,23,26.0,0.0199
mined,b08,positive,41,merits,0.624,28,23.7,0.0184
mined,b08,positive,42,promotion system,0.625,23,20.6,0.0165
mined,b08,positive,43,self promotion,0.613,27,18.4,0.015
mined,b08,positive,44,limited promotion opportunities,0.616,20,12.9,0.0105
mined,b08,positive,45,competitive working,0.614,21,12.9,0.0105
mined,b08,positive,46,very meritocratic,0.642,16,12.8,0.01
mined,b08,positive,47,less promotion,0.609,20,12.8,0.0105
mined,b08,positive,48,annual merit,0.638,18,12.8,0.01
mined,b08,positive,49,rewarding job,0.734,17,12.5,0.0085
mined,b08,positive,50,much promotion,0.599,2,11.4,0.0095
mined,b08,positive,51,financially rewarding,0.642,17,10.9,0.0085
mined,b08,positive,52,recognition for good work,1.0,4,10.0,0.005
mined,b08,positive,53,quick promotions,0.608,13,9.7,0.008
mined,b08,positive,54,timely promotion,0.649,12,9.1,0.007
mined,b08,positive,55,a rewarding career,0.695,12,9.0,0.006
mined,b08,positive,56,a rewarding experience,0.628,12,8.8,0.007
mined,b08,positive,57,monetary rewards,0.605,10,7.9,0.006
mined,b08,positive,58,long promotion,0.602,12,7.8,0.0065
mined,b08,positive,59,highly rewarding,0.632,12,7.6,0.006
mined,b08,positive,60,high reward,0.601,11,6.6,0.0055
mined,b08,positive,61,timely promotions,0.642,8,6.4,0.005
mined,b08,positive,62,less promotions,0.625,8,6.2,0.005
mined,b08,positive,63,rewarding company,0.685,8,6.2,0.0045
mined,b08,positive,64,performance based pay,1.0,4,6.0,0.003
mined,b08,positive,65,fast promotions,0.662,7,6.0,0.0045
mined,b08,positive,66,hard promotion,0.603,8,5.4,0.0045
mined,b08,positive,67,unfair promotions,0.678,6,5.4,0.004
mined,b08,positive,68,financial reward,0.607,5,4.9,0.004
mined,b08,positive,69,rewarding performance,0.714,5,4.3,0.003
mined,b08,positive,70,most promotions,0.609,6,4.3,0.0035
mined,b08,positive,71,less meritocracy,0.646,6,3.9,0.003
mined,b08,positive,72,high rewards,0.594,6,3.6,0.003
mined,b08,positive,73,actual merit,0.693,5,3.5,0.0025
mined,b08,positive,74,biased promotions,0.654,4,3.3,0.0025
mined,b08,positive,75,promotions based on performance,1.0,1,2.0,0.001
mined,b08,positive,76,fair promotion process,1.0,2,2.0,0.001
mined,b08,positive,77,rewarded for results,1.0,1,1.0,0.0005
mined,b08,positive,78,best ideas win,1.0,1,1.0,0.0005
mined,b08,positive,79,talent gets recognised,1.0,0,0.0,0.0
mined,b08,positive,80,earn your advancement,1.0,0,0.0,0.0
mined,b09,negative,1,poor management,1.613,1209,2180.8,0.6328
mined,b09,negative,2,toxic,0.664,2855,2053.8,1.2755
mined,b09,negative,3,turnover,0.589,2597,1659.2,1.3134
mined,b09,negative,4,high turnover,1.044,1105,1300.8,0.5959
mined,b09,negative,5,bad management,1.458,673,1089.1,0.352
mined,b09,negative,6,toxic culture,1.726,498,916.5,0.2378
mined,b09,negative,7,toxic environment,1.667,399,731.8,0.2034
mined,b09,negative,8,bullying,1.605,336,611.5,0.1685
mined,b09,negative,9,no room,0.799,679,606.4,0.3675
mined,b09,negative,10,low morale,1.598,223,394.7,0.1192
mined,b09,negative,11,no support,1.0,278,321.0,0.1536
mined,b09,negative,12,high turnover rate,1.512,169,293.3,0.0952
mined,b09,negative,13,toxic work,0.695,382,290.5,0.196
mined,b09,negative,14,very toxic,1.596,165,279.3,0.0828
mined,b09,negative,15,harassment,1.561,144,238.8,0.0653
mined,b09,negative,16,toxic work environment,0.676,206,151.4,0.1067
mined,b09,negative,17,toxic work culture,0.73,146,119.0,0.0773
mined,b09,negative,18,toxic workplace,1.795,54,105.9,0.0274
mined,b09,negative,19,bad managers,0.593,144,93.1,0.0728
mined,b09,negative,20,a toxic environment,1.727,50,88.1,0.0254
mined,b09,negative,21,very high turnover,1.0,78,87.0,0.0434
mined,b09,negative,22,horrible management,0.601,124,85.9,0.0668
mined,b09,negative,23,a high turnover,1.536,48,81.4,0.0264
mined,b09,negative,24,extremely toxic,1.589,51,81.0,0.0249
mined,b09,negative,25,toxic management,0.781,90,78.9,0.0489
mined,b09,negative,26,a toxic culture,1.761,36,68.7,0.0194
mined,b09,negative,27,the high turnover,1.554,42,68.4,0.0219
mined,b09,negative,28,management doesn't care,1.0,51,57.0,0.0284
mined,b09,negative,29,management lack,0.602,64,55.4,0.0459
mined,b09,negative,30,very toxic environment,1.644,31,54.3,0.016
mined,b09,negative,31,high staff turnover,0.59,67,44.2,0.0374
mined,b09,negative,32,hostile work environment,0.617,55,38.9,0.0299
mined,b09,negative,33,intimidation,0.855,44,38.5,0.0224
mined,b09,negative,34,toxic people,0.706,46,38.1,0.0269
mined,b09,negative,35,extremely high turnover,1.0,32,38.0,0.0184
mined,b09,negative,36,high turnover rates,1.407,23,36.6,0.013
mined,b09,negative,37,hostile environment,0.63,41,30.2,0.0224
mined,b09,negative,38,management turnover,0.609,40,29.2,0.0239
mined,b09,negative,39,toxic managers,0.777,29,27.2,0.0175
mined,b09,negative,40,toxic working,0.744,33,26.8,0.0155
mined,b09,negative,41,workplace bullying,1.383,16,24.9,0.008
mined,b09,negative,42,most toxic,0.609,34,21.9,0.017
mined,b09,negative,43,very bad management,0.589,34,21.8,0.0175
mined,b09,negative,44,toxic team,0.646,31,20.0,0.0145
mined,b09,negative,45,toxic leadership,0.71,25,19.9,0.0135
mined,b09,negative,46,toxic working environment,0.708,25,19.8,0.0125
mined,b09,negative,47,toxic company,0.697,28,19.5,0.014
mined,b09,negative,48,toxic place,0.643,27,19.3,0.0145
mined,b09,negative,49,the toxic culture,1.524,10,18.3,0.0055
mined,b09,negative,50,too much management,0.604,28,17.5,0.0145
mined,b09,negative,51,toxic manager,0.712,20,16.4,0.0115
mined,b09,negative,52,the toxic environment,1.475,10,16.2,0.005
mined,b09,negative,53,pathetic management,0.607,16,12.7,0.0105
mined,b09,negative,54,toxic politics,0.691,17,12.4,0.0085
mined,b09,negative,55,bad company culture,0.599,17,12.0,0.01
mined,b09,negative,56,toxic colleagues,0.729,14,10.9,0.0065
mined,b09,negative,57,bad employees,0.613,10,10.4,0.0085
mined,b09,negative,58,toxic office,0.599,16,10.2,0.0085
mined,b09,negative,59,a hostile environment,0.632,14,10.1,0.008
mined,b09,negative,60,rude management,0.61,10,9.8,0.008
mined,b09,negative,61,aggressive management,0.592,14,9.5,0.0075
mined,b09,negative,62,bad morale,0.608,14,9.1,0.0075
mined,b09,negative,63,toxic behavior,0.737,11,8.1,0.0055
mined,b09,negative,64,ineffective management,0.668,10,8.0,0.006
mined,b09,negative,65,unhappy employees,0.606,12,7.9,0.0065
mined,b09,negative,66,quite toxic,0.606,13,7.9,0.0065
mined,b09,negative,67,pretty toxic,0.604,13,7.9,0.0065
mined,b09,negative,68,abusive management,0.676,11,7.4,0.005
mined,b09,negative,69,toxic behaviour,0.737,7,7.4,0.005
mined,b09,negative,70,more toxic,0.606,9,7.3,0.006
mined,b09,negative,71,toxic environments,0.656,10,7.2,0.0055
mined,b09,negative,72,toxic employees,0.774,8,7.0,0.0045
mined,b09,negative,73,so toxic,0.594,10,6.5,0.0055
mined,b09,negative,74,ineffective managers,0.639,10,6.4,0.005
mined,b09,negative,75,bad behaviour,0.589,9,5.9,0.005
mined,b09,negative,76,harsh culture,0.627,8,5.6,0.0045
mined,b09,negative,77,toxic boss,0.64,6,3.8,0.003
mined,b09,negative,78,hostile management,1.0,2,2.0,0.001
mined,b09,negative,79,burnout culture,1.0,2,2.0,0.001
mined,b09,negative,80,people leave constantly,1.0,0,0.0,0.0
mined,b09,positive,1,support,0.636,6001,4736.9,3.3453
mined,b09,positive,2,supportive,0.629,4816,3195.3,2.4114
mined,b09,positive,3,very supportive,1.543,748,1220.5,0.3899
mined,b09,positive,4,supportive team,1.116,448,504.4,0.2209
mined,b09,positive,5,good work/life balance,0.599,728,455.8,0.367
mined,b09,positive,6,supportive culture,1.67,220,374.1,0.1102
mined,b09,positive,7,supportive management,0.748,370,284.2,0.187
mined,b09,positive,8,supportive environment,0.754,307,237.5,0.1541
mined,b09,positive,9,support staff,0.638,205,157.6,0.1122
mined,b09,positive,10,the support,0.595,179,124.4,0.1002
mined,b09,positive,11,management support,0.603,130,111.0,0.0893
mined,b09,positive,12,supportive managers,0.72,124,92.9,0.0638
mined,b09,positive,13,supportive colleagues,0.452,200,92.7,0.1012
mined,b09,positive,14,supportive work,0.661,136,91.2,0.0678
mined,b09,positive,15,management cares,1.0,85,89.0,0.0444
mined,b09,positive,16,healthy environment,1.0,79,87.0,0.0429
mined,b09,positive,17,supportive work environment,0.686,99,69.3,0.0504
mined,b09,positive,18,low turnover,1.0,67,67.0,0.0309
mined,b09,positive,19,good worklife balance,0.594,95,58.2,0.0459
mined,b09,positive,20,very supportive team,1.601,36,57.6,0.018
mined,b09,positive,21,supportive people,0.683,75,51.9,0.0374
mined,b09,positive,22,supportive leadership,0.719,70,50.3,0.0339
mined,b09,positive,23,supportive staff,0.683,60,43.7,0.0314
mined,b09,positive,24,supportive manager,0.7,58,41.3,0.0289
mined,b09,positive,25,good life balance,0.602,61,39.7,0.0289
mined,b09,positive,26,support work,0.63,55,39.1,0.0309
mined,b09,positive,27,strong support,0.643,53,34.7,0.0259
mined,b09,positive,28,loyal employees,0.615,41,30.8,0.0249
mined,b09,positive,29,extremely supportive,0.597,49,29.3,0.0244
mined,b09,positive,30,very supportive environment,0.701,37,28.7,0.0204
mined,b09,positive,31,supportive team culture,1.491,19,28.3,0.0095
mined,b09,positive,32,supportive company,0.696,37,27.1,0.0189
mined,b09,positive,33,caring people,0.6,41,25.8,0.0214
mined,b09,positive,34,supportive coworkers,0.647,31,20.7,0.016
mined,b09,positive,35,strong balance,0.593,32,19.6,0.016
mined,b09,positive,36,the support staff,0.625,20,18.1,0.014
mined,b09,positive,37,generally supportive,0.62,28,18.0,0.0145
mined,b09,positive,38,supportive working,0.677,26,17.6,0.013
mined,b09,positive,39,supportive work culture,0.641,26,16.7,0.0125
mined,b09,positive,40,very supportive management,0.712,22,16.4,0.0115
mined,b09,positive,41,managerial support,0.652,14,15.6,0.012
mined,b09,positive,42,strong commitment,0.594,25,15.4,0.013
mined,b09,positive,43,supportive co,0.609,23,14.6,0.012
mined,b09,positive,44,supportive leaders,0.7,18,14.0,0.01
mined,b09,positive,45,a supportive environment,0.764,15,13.8,0.0085
mined,b09,positive,46,strong community,0.594,21,13.1,0.0105
mined,b09,positive,47,supportive workplace,0.724,16,13.0,0.009
mined,b09,positive,48,good management support,0.644,18,12.2,0.0095
mined,b09,positive,49,strong team culture,0.609,19,12.2,0.01
mined,b09,positive,50,highly supportive,0.601,18,10.8,0.009
mined,b09,positive,51,a support role,0.648,15,10.4,0.008
mined,b09,positive,52,supportive seniors,0.6,17,10.2,0.0085
mined,b09,positive,53,supportive boss,0.637,15,10.2,0.008
mined,b09,positive,54,supportive employer,0.626,14,8.8,0.0065
mined,b09,positive,55,supportive employees,0.721,11,8.7,0.006
mined,b09,positive,56,supportive community,0.655,13,8.5,0.0065
mined,b09,positive,57,supportive place,0.633,12,7.6,0.006
mined,b09,positive,58,most supportive,0.623,7,6.9,0.0055
mined,b09,positive,59,stable management,0.412,13,6.2,0.0075
mined,b09,positive,60,strong support system,1.0,6,6.0,0.003
mined,b09,positive,61,caring team,0.602,9,5.4,0.0045
mined,b09,positive,62,supportive hr,0.638,8,5.1,0.004
mined,b09,positive,63,positive leadership,0.6,6,4.8,0.004
mined,b09,positive,64,strong employees,0.607,7,4.2,0.0035
mined,b09,positive,65,work-life balance respected,1.0,2,2.0,0.001
mined,b09,positive,66,psychologically safe,1.0,2,2.0,0.001
mined,b09,positive,67,compassionate leadership,1.0,1,1.0,0.0005
mined,b09,positive,68,people stay for years,1.0,0,0.0,0.0
mined,b10,negative,1,change,0.547,4400,2721.9,2.2393
mined,b10,negative,2,changes,0.604,2811,1827.7,1.3832
mined,b10,negative,3,direction,0.548,933,853.8,0.736
mined,b10,negative,4,chaotic,1.0,246,271.0,0.1267
mined,b10,negative,5,restructuring,0.615,409,266.3,0.2059
mined,b10,negative,6,transition,0.56,441,263.8,0.2259
mined,b10,negative,7,management changes,0.55,191,111.7,0.1007
mined,b10,negative,8,many changes,0.575,162,98.3,0.0823
mined,b10,negative,9,chaos,0.563,154,96.3,0.0808
mined,b10,negative,10,constant restructuring,1.643,45,78.9,0.0234
mined,b10,negative,11,reorgs,0.577,120,75.6,0.0633
mined,b10,negative,12,disorganised,1.0,70,75.0,0.0349
mined,b10,negative,13,reorganization,0.647,104,73.8,0.0544
mined,b10,negative,14,reorganizations,0.644,98,63.8,0.0479
mined,b10,negative,15,too many changes,0.542,106,62.3,0.0548
mined,b10,negative,16,no clear direction,1.0,42,55.0,0.0264
mined,b10,negative,17,a change,0.543,93,53.8,0.0489
mined,b10,negative,18,organizational changes,0.56,81,48.7,0.0424
mined,b10,negative,19,adjustments,0.542,62,47.2,0.0424
mined,b10,negative,20,frequent changes,0.546,75,44.2,0.0394
mined,b10,negative,21,the direction,0.553,64,43.1,0.0384
mined,b10,negative,22,the changes,0.593,70,42.7,0.0349
mined,b10,negative,23,the change,0.564,64,42.3,0.0364
mined,b10,negative,24,leadership changes,0.588,64,38.2,0.0314
mined,b10,negative,25,reorg,0.564,64,37.8,0.0319
mined,b10,negative,26,new leadership,0.542,58,35.2,0.0324
mined,b10,negative,27,very disorganized,0.566,52,32.8,0.0279
mined,b10,negative,28,too much change,0.555,48,28.9,0.0259
mined,b10,negative,29,a new position,0.551,52,28.7,0.0259
mined,b10,negative,30,the move,0.568,41,27.3,0.0229
mined,b10,negative,31,management change,0.545,43,26.7,0.0244
mined,b10,negative,32,a shift,0.575,40,25.3,0.0209
mined,b10,negative,33,the shift,0.59,35,24.8,0.0209
mined,b10,negative,34,very accommodating,0.549,42,24.2,0.0219
mined,b10,negative,35,the transition,0.571,30,20.0,0.0175
mined,b10,negative,36,disorganization,0.629,30,19.5,0.015
mined,b10,negative,37,shifting priorities,1.0,18,19.0,0.0095
mined,b10,negative,38,big changes,0.587,23,15.8,0.0135
mined,b10,negative,39,organizational change,0.554,27,15.5,0.014
mined,b10,negative,40,frequent change,0.544,23,15.2,0.0135
mined,b10,negative,41,very chaotic,1.384,10,15.2,0.0055
mined,b10,negative,42,chaotic environment,0.944,11,15.1,0.007
mined,b10,negative,43,more organized,0.552,27,14.9,0.013
mined,b10,negative,44,constant reorganization,0.62,20,13.6,0.011
mined,b10,negative,45,slow change,0.569,21,11.9,0.0105
mined,b10,negative,46,frequent restructuring,0.603,18,11.5,0.009
mined,b10,negative,47,some changes,0.571,19,11.4,0.01
mined,b10,negative,48,the shifts,0.582,16,10.5,0.0085
mined,b10,negative,49,major changes,0.546,17,10.4,0.009
mined,b10,negative,50,disorganized management,0.592,13,10.1,0.0085
mined,b10,negative,51,a different position,0.557,17,10.0,0.009
mined,b10,negative,52,the wrong direction,0.556,18,10.0,0.009
mined,b10,negative,53,a transition,0.58,16,9.9,0.0085
mined,b10,negative,54,constant reorganizations,0.598,14,8.4,0.007
mined,b10,negative,55,an overhaul,0.577,14,8.1,0.007
mined,b10,negative,56,organizational restructuring,0.549,13,7.1,0.0065
mined,b10,negative,57,frequent reorgs,0.553,10,6.6,0.0055
mined,b10,negative,58,rapid change,0.586,11,6.4,0.0055
mined,b10,negative,59,organisational changes,0.553,11,6.1,0.0055
mined,b10,negative,60,the movement,0.55,10,6.1,0.0055
mined,b10,negative,61,many reorganizations,0.6,10,6.0,0.005
mined,b10,negative,62,a reorg,0.541,11,6.0,0.0055
mined,b10,negative,63,new direction,0.594,9,5.9,0.005
mined,b10,negative,64,strategic changes,0.577,10,5.8,0.0045
mined,b10,negative,65,small changes,0.544,10,5.4,0.005
mined,b10,negative,66,frequent reorganizations,0.624,8,5.0,0.004
mined,b10,negative,67,ongoing restructuring,0.545,9,4.9,0.0045
mined,b10,negative,68,large changes,0.57,7,4.6,0.004
mined,b10,negative,69,rapid changes,0.595,7,4.2,0.0035
mined,b10,negative,70,political maneuvering,0.553,6,3.9,0.0035
mined,b10,negative,71,major restructuring,0.551,7,3.9,0.0035
mined,b10,negative,72,major change,0.544,7,3.8,0.0035
mined,b10,negative,73,recent restructuring,0.56,6,3.4,0.003
mined,b10,negative,74,several changes,0.554,6,3.3,0.003
mined,b10,negative,75,frequent reorganization,0.624,5,3.1,0.0025
mined,b10,negative,76,leadership churn,1.0,3,3.0,0.0015
mined,b10,negative,77,flavor of the month,1.0,3,3.0,0.0015
mined,b10,negative,78,constant reorganisation,1.0,3,3.0,0.0015
mined,b10,negative,79,strategy changes every year,1.0,0,0.0,0.0
mined,b10,negative,80,left hand doesn't know what the right is doing,1.0,0,0.0,0.0
mined,b10,positive,1,good benefits,0.768,7375,5889.8,3.6634
mined,b10,positive,2,stable company,1.697,499,879.0,0.2488
mined,b10,positive,3,good management,0.656,1135,784.6,0.5849
mined,b10,positive,4,stability,0.608,1092,745.4,0.5784
mined,b10,positive,5,very stable,1.546,170,272.1,0.0848
mined,b10,positive,6,stable job,0.709,262,197.8,0.1321
mined,b10,positive,7,good leadership,0.596,290,187.1,0.1546
mined,b10,positive,8,job stability,0.615,208,153.1,0.1187
mined,b10,positive,9,strong leadership,0.621,188,127.9,0.0992
mined,b10,positive,10,clear direction,1.0,30,122.0,0.0598
mined,b10,positive,11,consistency,0.645,75,112.9,0.0858
mined,b10,positive,12,well organised,1.404,67,108.1,0.0384
mined,b10,positive,13,very stable company,1.673,49,82.0,0.0244
mined,b10,positive,14,stable work,0.656,100,70.8,0.0519
mined,b10,positive,15,a stable company,1.721,33,60.2,0.017
mined,b10,positive,16,excellent management,0.597,91,54.3,0.0434
mined,b10,positive,17,stable environment,0.599,84,52.1,0.0414
mined,b10,positive,18,strong management,0.694,70,51.4,0.0359
mined,b10,positive,19,clear strategy,0.608,30,40.7,0.0334
mined,b10,positive,20,stable employment,0.637,45,29.9,0.0224
mined,b10,positive,21,weak management,0.595,42,28.0,0.0234
mined,b10,positive,22,steady job,0.59,42,27.1,0.0229
mined,b10,positive,23,good stable company,1.563,16,25.0,0.008
mined,b10,positive,24,stable career,0.634,37,24.1,0.0184
mined,b10,positive,25,very good management,0.593,36,22.5,0.0189
mined,b10,positive,26,inconsistent management,0.626,35,21.9,0.017
mined,b10,positive,27,heavy management,0.59,34,21.8,0.018
mined,b10,positive,28,stable organization,0.679,31,21.0,0.015
mined,b10,positive,29,proper management,0.622,6,20.5,0.0165
mined,b10,positive,30,relatively stable,0.597,33,20.3,0.017
mined,b10,positive,31,consistent work,0.634,24,19.0,0.014
mined,b10,positive,32,stable employer,0.636,27,18.4,0.0135
mined,b10,positive,33,stable business,0.727,24,18.2,0.0125
mined,b10,positive,34,constant management,0.628,23,17.0,0.0135
mined,b10,positive,35,stable management,1.12,13,16.8,0.0075
mined,b10,positive,36,stable firm,0.676,23,16.2,0.012
mined,b10,positive,37,a stable job,0.726,21,16.0,0.011
mined,b10,positive,38,decent management,0.631,20,15.8,0.0125
mined,b10,positive,39,a strategy,0.616,19,14.8,0.012
mined,b10,positive,40,a strong company,0.587,22,14.1,0.012
mined,b10,positive,41,stable working,0.669,20,13.4,0.01
mined,b10,positive,42,the stability,0.662,17,13.2,0.01
mined,b10,positive,43,reliable company,0.63,21,13.2,0.0095
mined,b10,positive,44,financially stable,0.61,20,12.8,0.0105
mined,b10,positive,45,good stability,0.605,21,12.7,0.0105
mined,b10,positive,46,strong organization,0.605,17,10.3,0.008
mined,b10,positive,47,persistence,0.612,15,9.2,0.007
mined,b10,positive,48,very stable job,0.646,14,9.0,0.007
mined,b10,positive,49,competent managers,0.602,12,9.0,0.0075
mined,b10,positive,50,effective management,0.631,10,8.2,0.0065
mined,b10,positive,51,competent management,0.624,12,8.1,0.0065
mined,b10,positive,52,unstable management,0.671,11,8.1,0.0055
mined,b10,positive,53,steady company,0.647,12,7.8,0.006
mined,b10,positive,54,steady career,0.588,12,7.6,0.006
mined,b10,positive,55,very consistent,0.621,8,7.5,0.006
mined,b10,positive,56,clear leadership,0.62,2,7.4,0.006
mined,b10,positive,57,stable workplace,0.674,11,7.4,0.0055
mined,b10,positive,58,stable organisation,0.739,10,7.4,0.005
mined,b10,positive,59,stable life,0.598,11,7.2,0.006
mined,b10,positive,60,a clear strategy,0.649,6,7.1,0.0055
mined,b10,positive,61,always consistent,0.671,1,6.7,0.005
mined,b10,positive,62,efficient management,0.6,11,6.6,0.0055
mined,b10,positive,63,tough management,0.588,11,6.5,0.0055
mined,b10,positive,64,unstable job,0.626,10,6.3,0.0045
mined,b10,positive,65,clear management,0.592,6,5.3,0.004
mined,b10,positive,66,reliable employer,1.0,5,5.0,0.002
mined,b10,positive,67,consistent strategy,1.0,2,5.0,0.0025
mined,b10,positive,68,reliable job,0.613,7,4.9,0.004
mined,b10,positive,69,consistent performance,0.614,5,4.3,0.0035
mined,b10,positive,70,inconsistent strategy,0.658,5,3.9,0.003
mined,b10,positive,71,stable jobs,0.65,5,3.9,0.003
mined,b10,positive,72,unstable company,0.598,6,3.6,0.003
mined,b10,positive,73,steady leadership,1.0,1,1.0,0.0005
mined,b10,positive,74,sticks to the plan,1.0,0,0.0,0.0
mined,b10,positive,75,predictable and dependable,1.0,0,0.0,0.0
mined,b10,positive,76,consistent priorities,1.0,0,0.0,0.0
mined,b11,negative,1,practices,0.505,754,418.6,0.3849
mined,b11,negative,2,cutting edge,0.543,422,282.9,0.2518
mined,b11,negative,3,mistakes,0.498,310,184.3,0.1705
mined,b11,negative,4,situations,0.5,247,131.5,0.1262
mined,b11,negative,5,behaviour,0.517,157,93.1,0.0863
mined,b11,negative,6,shady,1.0,66,69.0,0.0329
mined,b11,negative,7,fraud,0.557,105,62.4,0.0469
mined,b11,negative,8,circumstances,0.524,77,47.7,0.0454
mined,b11,negative,9,discretion,0.507,86,45.6,0.0444
mined,b11,negative,10,mismanagement,0.547,73,42.1,0.0364
mined,b11,negative,11,excuses,0.497,73,41.3,0.0399
mined,b11,negative,12,business practices,0.508,61,34.5,0.0329
mined,b11,negative,13,the rules,0.52,57,32.8,0.0314
mined,b11,negative,14,laws,0.517,51,28.4,0.0259
mined,b11,negative,15,overly bureaucratic,0.548,50,27.9,0.0249
mined,b11,negative,16,behaviours,0.497,45,25.8,0.0239
mined,b11,negative,17,the cutting edge,0.527,33,21.1,0.0199
mined,b11,negative,18,cover up,1.0,20,20.0,0.01
mined,b11,negative,19,bad behavior,0.539,36,19.9,0.0184
mined,b11,negative,20,too strict,0.498,32,17.4,0.0175
mined,b11,negative,21,unfair treatment,0.497,29,16.9,0.017
mined,b11,negative,22,scandals,0.507,26,15.7,0.015
mined,b11,negative,23,cutbacks,0.506,30,15.7,0.0155
mined,b11,negative,24,repercussions,0.511,12,13.3,0.013
mined,b11,negative,25,unclear direction,0.522,23,12.5,0.012
mined,b11,negative,26,unethical behavior,0.677,12,12.2,0.008
mined,b11,negative,27,unfairness,0.546,19,10.9,0.0095
mined,b11,negative,28,the law,0.53,17,10.1,0.009
mined,b11,negative,29,look the other way,1.0,10,10.0,0.005
mined,b11,negative,30,unprofessional behavior,0.498,14,9.5,0.0095
mined,b11,negative,31,questionable management,0.585,13,9.4,0.008
mined,b11,negative,32,own rules,0.509,15,9.2,0.009
mined,b11,negative,33,questionable ethics,1.0,9,9.0,0.004
mined,b11,negative,34,compliance issues,0.516,17,8.8,0.0085
mined,b11,negative,35,bad business,0.54,14,8.6,0.008
mined,b11,negative,36,the discretion,0.526,16,8.4,0.008
mined,b11,negative,37,the incentives,0.524,16,8.4,0.0075
mined,b11,negative,38,the rule,0.513,13,8.2,0.008
mined,b11,negative,39,unclear strategy,0.51,15,8.2,0.008
mined,b11,negative,40,dishonest management,1.0,7,8.0,0.004
mined,b11,negative,41,a complaint,0.512,10,7.7,0.0075
mined,b11,negative,42,regulatory issues,1.0,7,7.0,0.0035
mined,b11,negative,43,questionable decisions,0.591,9,6.5,0.0055
mined,b11,negative,44,too many rules,0.499,11,6.5,0.0065
mined,b11,negative,45,fair market,0.514,11,6.2,0.006
mined,b11,negative,46,unethical company,0.612,9,6.1,0.005
mined,b11,negative,47,the behavior,0.505,11,6.1,0.0055
mined,b11,negative,48,cutting corners,1.0,5,6.0,0.003
mined,b11,negative,49,strict guidelines,0.534,11,5.9,0.0055
mined,b11,negative,50,overly corporate,0.507,11,5.6,0.0055
mined,b11,negative,51,regulatory scrutiny,0.544,10,5.4,0.005
mined,b11,negative,52,bad practices,0.642,8,5.1,0.004
mined,b11,negative,53,unethical practices,1.0,5,5.0,0.0025
mined,b11,negative,54,improper management,0.55,8,5.0,0.0045
mined,b11,negative,55,strict policy,0.524,8,4.7,0.0045
mined,b11,negative,56,certain circumstances,0.516,7,4.1,0.004
mined,b11,negative,57,corporate rules,0.567,6,4.0,0.0035
mined,b11,negative,58,wrong decisions,0.555,6,3.9,0.0035
mined,b11,negative,59,abusive customers,0.546,3,3.8,0.003
mined,b11,negative,60,legal action,0.54,6,3.8,0.0035
mined,b11,negative,61,poor behaviour,0.503,5,3.5,0.003
mined,b11,negative,62,unreasonable demands,0.526,3,3.2,0.003
mined,b11,negative,63,certain situations,0.515,6,3.1,0.003
mined,b11,negative,64,limited guidance,0.499,4,3.0,0.003
mined,b11,negative,65,pressure to bend the rules,1.0,0,0.0,0.0
mined,b11,negative,66,misleading customers,1.0,0,0.0,0.0
mined,b11,positive,1,quality,0.554,2477,1541.8,1.2889
mined,b11,positive,2,trust,0.634,1095,881.3,0.6283
mined,b11,positive,3,responsibility,0.597,1272,854.3,0.6886
mined,b11,positive,4,standards,0.533,1184,747.8,0.6736
mined,b11,positive,5,integrity,0.791,508,454.0,0.2737
mined,b11,positive,6,accountability,0.688,264,375.6,0.2613
mined,b11,positive,7,right thing,0.713,298,216.0,0.1466
mined,b11,positive,8,the right thing,0.713,294,215.3,0.1461
mined,b11,positive,9,ethical company,1.602,116,192.2,0.0583
mined,b11,positive,10,high integrity,1.745,70,122.2,0.0329
mined,b11,positive,11,strong values,1.546,59,94.3,0.0304
mined,b11,positive,12,good organisation,0.533,147,81.5,0.0723
mined,b11,positive,13,trustworthy,1.0,56,76.0,0.0369
mined,b11,positive,14,no accountability,0.576,103,69.7,0.0603
mined,b11,positive,15,authority,0.573,77,64.7,0.0544
mined,b11,positive,16,ethical standards,1.679,34,60.4,0.0175
mined,b11,positive,17,strong reputation,0.556,86,48.9,0.0434
mined,b11,positive,18,good work ethics,0.606,55,35.1,0.0274
mined,b11,positive,19,credibility,0.575,43,31.6,0.0269
mined,b11,positive,20,corporate trust,0.559,49,29.1,0.0229
mined,b11,positive,21,transparent management,1.0,28,29.0,0.014
mined,b11,positive,22,high ethical standards,1.529,18,27.5,0.009
mined,b11,positive,23,highly ethical,0.664,39,25.9,0.0189
mined,b11,positive,24,good ethics,0.655,38,25.5,0.0194
mined,b11,positive,25,much responsibility,0.541,25,24.9,0.0229
mined,b11,positive,26,social responsibility,0.54,45,24.8,0.0229
mined,b11,positive,27,the company values,0.544,40,23.9,0.0204
mined,b11,positive,28,most ethical,0.625,35,23.1,0.0184
mined,b11,positive,29,the responsibility,0.549,36,23.1,0.0209
mined,b11,positive,30,strong ethics,0.721,31,22.4,0.0155
mined,b11,positive,31,the standards,0.55,26,20.4,0.0184
mined,b11,positive,32,fine company,0.55,30,17.6,0.016
mined,b11,positive,33,excellent leadership,0.53,32,17.0,0.016
mined,b11,positive,34,great work ethics,0.594,26,15.4,0.013
mined,b11,positive,35,the responsibilities,0.54,20,14.0,0.013
mined,b11,positive,36,distrust,0.605,20,13.3,0.011
mined,b11,positive,37,does the right thing,1.0,12,12.0,0.006
mined,b11,positive,38,the trust,0.598,20,12.0,0.01
mined,b11,positive,39,honest company,0.569,21,11.9,0.0105
mined,b11,positive,40,competent employees,0.53,20,11.1,0.0105
mined,b11,positive,41,good company values,0.552,19,10.5,0.0095
mined,b11,positive,42,real responsibility,0.565,14,9.0,0.008
mined,b11,positive,43,little accountability,0.599,14,9.0,0.0075
mined,b11,positive,44,a strong reputation,0.55,16,8.8,0.008
mined,b11,positive,45,the integrity,0.779,11,8.6,0.005
mined,b11,positive,46,your leadership,0.535,15,8.0,0.0075
mined,b11,positive,47,a good organisation,0.53,13,8.0,0.0075
mined,b11,positive,48,corporate responsibility,0.547,13,7.7,0.007
mined,b11,positive,49,the authority,0.54,8,6.5,0.006
mined,b11,positive,50,true leadership,0.57,5,6.3,0.0055
mined,b11,positive,51,great integrity,0.678,9,6.1,0.0045
mined,b11,positive,52,high responsibility,0.547,11,6.0,0.0055
mined,b11,positive,53,good responsibility,0.591,10,5.9,0.005
mined,b11,positive,54,ethical people,0.588,10,5.9,0.005
mined,b11,positive,55,great ethics,0.584,9,5.8,0.005
mined,b11,positive,56,ethical values,0.636,7,5.7,0.0045
mined,b11,positive,57,strong integrity,0.79,7,5.5,0.0035
mined,b11,positive,58,respectful management,0.575,8,5.2,0.0045
mined,b11,positive,59,thoughtful leadership,0.554,9,5.0,0.004
mined,b11,positive,60,enough accountability,0.623,0,5.0,0.004
mined,b11,positive,61,proper leadership,0.555,1,4.4,0.004
mined,b11,positive,62,greater responsibility,0.55,8,4.4,0.0035
mined,b11,positive,63,outstanding leadership,0.544,8,4.4,0.0035
mined,b11,positive,64,good standards,0.567,7,4.0,0.0035
mined,b11,positive,65,good morals,0.55,7,3.9,0.0035
mined,b11,positive,66,more accountability,0.604,6,3.6,0.003
mined,b11,positive,67,personal responsibility,0.553,5,3.3,0.003
mined,b11,positive,68,honest leadership,1.0,2,2.0,0.001
mined,b11,positive,69,integrity matters here,1.0,0,0.0,0.0
mined,b11,positive,70,holds itself accountable,1.0,0,0.0,0.0
mined,b12,negative,1,lack,0.979,7100,7804.6,3.5273
mined,b12,negative,2,workforce,0.552,680,393.0,0.3386
mined,b12,negative,3,a lack,0.799,336,286.8,0.1745
mined,b12,negative,4,lack of diversity,1.0,192,210.0,0.1027
mined,b12,negative,5,poor leadership,0.516,263,155.3,0.1441
mined,b12,negative,6,gender,0.538,238,146.9,0.1257
mined,b12,negative,7,the leadership,0.545,239,144.4,0.1271
mined,b12,negative,8,middle managers,0.506,237,133.1,0.1202
mined,b12,negative,9,glass ceiling,1.0,66,83.0,0.0409
mined,b12,negative,10,old boys club,1.0,71,79.0,0.0379
mined,b12,negative,11,cliquey,0.551,126,77.7,0.0668
mined,b12,negative,12,cliques,0.538,123,70.5,0.0623
mined,b12,negative,13,staffs,0.509,110,63.1,0.0553
mined,b12,negative,14,the workforce,0.541,103,57.3,0.0514
mined,b12,negative,15,the leaders,0.515,67,39.1,0.0369
mined,b12,negative,16,males,0.522,67,38.1,0.0339
mined,b12,negative,17,sexism,0.556,62,37.8,0.0314
mined,b12,negative,18,female employees,0.532,61,36.7,0.0324
mined,b12,negative,19,society,0.521,57,31.8,0.0294
mined,b12,negative,20,clubs,0.514,55,29.8,0.0289
mined,b12,negative,21,few managers,0.511,49,26.6,0.0259
mined,b12,negative,22,some leaders,0.505,46,24.7,0.0234
mined,b12,negative,23,very cliquey,0.5,35,19.5,0.0189
mined,b12,negative,24,not inclusive,1.0,14,19.0,0.009
mined,b12,negative,25,all management,0.502,26,18.1,0.018
mined,b12,negative,26,youth,0.528,27,18.0,0.0145
mined,b12,negative,27,weak leadership,0.496,29,15.9,0.0155
mined,b12,negative,28,white males,0.549,24,13.7,0.0125
mined,b12,negative,29,young workforce,0.504,25,13.6,0.0135
mined,b12,negative,30,very clique,0.521,22,13.5,0.0125
mined,b12,negative,31,a glass ceiling,0.855,12,11.1,0.0065
mined,b12,negative,32,groupism,0.53,19,10.6,0.0095
mined,b12,negative,33,heavy organization,0.496,20,9.9,0.01
mined,b12,negative,34,upper leadership,0.509,11,8.1,0.008
mined,b12,negative,35,few women,0.508,15,8.1,0.008
mined,b12,negative,36,the clique,0.6,8,7.8,0.006
mined,b12,negative,37,more women,0.509,15,7.6,0.0075
mined,b12,negative,38,male employees,0.508,15,7.6,0.0075
mined,b12,negative,39,its workforce,0.498,12,7.5,0.0075
mined,b12,negative,40,young colleagues,0.505,12,7.1,0.007
mined,b12,negative,41,clique culture,1.0,7,7.0,0.0035
mined,b12,negative,42,female leadership,0.573,10,6.3,0.005
mined,b12,negative,43,the firm culture,0.509,11,5.6,0.0055
mined,b12,negative,44,younger generation,0.508,9,5.6,0.0055
mined,b12,negative,45,young staff,0.507,11,5.6,0.0055
mined,b12,negative,46,female managers,0.561,8,5.0,0.0045
mined,b12,negative,47,good workculture,0.535,9,4.8,0.0045
mined,b12,negative,48,few leaders,0.527,7,4.7,0.0045
mined,b12,negative,49,bossy culture,0.523,7,4.2,0.004
mined,b12,negative,50,social clubs,0.524,6,3.7,0.0035
mined,b12,negative,51,male counterparts,0.554,6,3.3,0.003
mined,b12,negative,52,female staff,0.511,4,3.1,0.003
mined,b12,negative,53,no women in leadership,1.0,1,1.0,0.0005
mined,b12,negative,54,tokenism,1.0,0,0.0,0.0
mined,b12,negative,55,homogeneous workforce,1.0,0,0.0,0.0
mined,b12,negative,56,diversity is lip service,1.0,0,0.0,0.0
mined,b12,negative,57,all male leadership,1.0,0,0.0,0.0
mined,b12,positive,1,diversity,0.885,2748,2955.0,1.5403
mined,b12,positive,2,- diversity,0.662,2748,2210.4,1.5403
mined,b12,positive,3,diverse,0.707,1789,1387.1,0.9389
mined,b12,positive,4,inclusion,1.499,776,1227.7,0.3884
mined,b12,positive,5,inclusive,0.639,1213,818.6,0.6153
mined,b12,positive,6,inclusive culture,1.762,237,426.4,0.1157
mined,b12,positive,7,diversity and inclusion,1.0,388,405.0,0.1945
mined,b12,positive,8,very diverse,1.313,212,336.1,0.1252
mined,b12,positive,9,very inclusive,1.583,162,280.2,0.0873
mined,b12,positive,10,inclusive environment,1.728,125,226.4,0.0653
mined,b12,positive,11,diverse workforce,1.723,86,156.8,0.0449
mined,b12,positive,12,diverse culture,0.751,98,74.3,0.0489
mined,b12,positive,13,equal opportunities,1.602,31,62.5,0.0189
mined,b12,positive,14,diverse work,0.733,76,57.9,0.0389
mined,b12,positive,15,the diversity,0.764,58,48.1,0.0309
mined,b12,positive,16,inclusive work,0.669,71,47.5,0.0354
mined,b12,positive,17,diverse environment,0.703,63,46.4,0.0329
mined,b12,positive,18,belonging,1.0,36,38.0,0.0184
mined,b12,positive,19,diverse group,0.734,49,36.7,0.0249
mined,b12,positive,20,diverse company,0.655,53,36.0,0.0269
mined,b12,positive,21,inclusiveness,0.719,46,34.5,0.0239
mined,b12,positive,22,more diverse,0.684,48,33.5,0.0239
mined,b12,positive,23,diverse team,0.681,48,33.4,0.0244
mined,b12,positive,24,multicultural environment,0.662,48,33.1,0.0239
mined,b12,positive,25,diverse teams,0.69,42,29.7,0.0214
mined,b12,positive,26,inclusive work environment,0.666,44,29.3,0.0219
mined,b12,positive,27,cultural diversity,0.76,33,28.9,0.0175
mined,b12,positive,28,diverse backgrounds,0.744,37,28.3,0.0189
mined,b12,positive,29,more diversity,0.709,39,27.7,0.0184
mined,b12,positive,30,a diverse workforce,1.628,13,24.4,0.0075
mined,b12,positive,31,inclusive company,0.673,33,23.6,0.0175
mined,b12,positive,32,diverse opportunities,0.781,29,22.6,0.014
mined,b12,positive,33,women in leadership,1.0,18,21.0,0.01
mined,b12,positive,34,diversity initiatives,0.748,25,19.4,0.0125
mined,b12,positive,35,little diversity,0.681,23,19.1,0.014
mined,b12,positive,36,diverse people,0.725,24,18.1,0.0125
mined,b12,positive,37,inclusive workplace,0.743,24,17.8,0.011
mined,b12,positive,38,more inclusive,0.648,25,16.2,0.0125
mined,b12,positive,39,diverse workplace,0.771,18,16.2,0.0105
mined,b12,positive,40,diverse work environment,0.708,21,14.9,0.01
mined,b12,positive,41,strong diversity,0.693,19,13.2,0.0095
mined,b12,positive,42,diverse business,0.687,18,13.1,0.009
mined,b12,positive,43,a diverse group,0.742,15,11.9,0.008
mined,b12,positive,44,culturally diverse,0.732,15,11.7,0.008
mined,b12,positive,45,diverse working,0.768,15,11.5,0.0075
mined,b12,positive,46,as diverse,0.637,6,11.5,0.009
mined,b12,positive,47,diverse background,0.669,16,10.7,0.008
mined,b12,positive,48,diverse organization,0.744,12,10.4,0.0065
mined,b12,positive,49,diverse place,0.675,11,10.1,0.0075
mined,b12,positive,50,inclusive team,0.651,15,9.8,0.0075
mined,b12,positive,51,less diversity,0.682,12,8.9,0.0065
mined,b12,positive,52,diverse community,0.732,12,8.8,0.006
mined,b12,positive,53,diverse employees,0.733,10,8.1,0.0055
mined,b12,positive,54,extremely diverse,0.659,10,7.9,0.006
mined,b12,positive,55,diverse employee,0.694,11,7.6,0.0055
mined,b12,positive,56,ethnic diversity,0.683,7,7.5,0.0055
mined,b12,positive,57,diverse experience,0.74,9,7.4,0.005
mined,b12,positive,58,diverse candidates,0.642,10,7.1,0.0055
mined,b12,positive,59,inclusive community,0.731,9,6.6,0.0045
mined,b12,positive,60,racial diversity,0.707,5,6.4,0.0045
mined,b12,positive,61,inclusive place,0.654,8,5.2,0.004
mined,b12,positive,62,diverse staff,0.711,7,5.0,0.0035
mined,b12,positive,63,limited diversity,0.7,7,4.9,0.0035
mined,b12,positive,64,diverse perspectives,0.674,7,4.7,0.0035
mined,b12,positive,65,diverse exposure,0.647,6,4.5,0.0035
mined,b12,positive,66,diverse leadership team,1.0,1,1.0,0.0005
mined,b12,positive,67,welcoming to everyone,1.0,0,0.0,0.0
mined,b12,positive,68,celebrates differences,1.0,0,0.0,0.0
