sheet,framework,dimension,pole,term,cosine_similarity,proposed_weight,expert_weight_override,base_weight,cross_load_count,effective_weight,corpus_frequency,is_seed,cross_loads_to,notes
job_employee__employee_oriented,hofstede,job_employee,employee_oriented,employee friendly,0.7473,0.75,,0.75,0,0.75,1613,False,,
job_employee__employee_oriented,hofstede,job_employee,employee_oriented,employee care,0.7431,0.75,,0.75,1,0.5,51,False,mit__customer_orientation,
job_employee__employee_oriented,hofstede,job_employee,employee_oriented,employee focused,0.7323,0.75,,0.75,1,0.5,72,False,job_employee__job_oriented,
job_employee__employee_oriented,hofstede,job_employee,employee_oriented,employee satisfaction,0.7277,1,,1.0,0,1.0,118,True,,
job_employee__employee_oriented,hofstede,job_employee,employee_oriented,employee development,0.7221,1,,1.0,0,1.0,175,True,,
job_employee__employee_oriented,hofstede,job_employee,employee_oriented,workplace,0.7192,0.75,,0.75,3,0.3,2553,False,job_employee__job_oriented; open_closed__closed_system; mit__collaboration,
job_employee__employee_oriented,hofstede,job_employee,employee_oriented,employee well,0.7166,0.75,,0.75,0,0.75,91,False,,
job_employee__employee_oriented,hofstede,job_employee,employee_oriented,about employees,0.714,0.75,,0.75,0,0.75,418,False,,
job_employee__employee_oriented,hofstede,job_employee,employee_oriented,the workplace,0.7064,0.75,0.25,0.25,4,0.0833,260,False,job_employee__job_oriented; open_closed__closed_system; tight_loose__loose_control; mit__collaboration,Generic stopword/duplicated-token bigram — weight reduced to 0.25
job_employee__employee_oriented,hofstede,job_employee,employee_oriented,working life,0.7059,0.75,,0.75,1,0.5,63,False,job_employee__job_oriented,
job_employee__employee_oriented,hofstede,job_employee,employee_oriented,employee work,0.705,0.75,,0.75,1,0.5,52,False,job_employee__job_oriented,
job_employee__employee_oriented,hofstede,job_employee,employee_oriented,employee,0.6997,0.5,,0.5,0,0.5,10329,False,,
job_employee__employee_oriented,hofstede,job_employee,employee_oriented,employee good,0.6985,0.5,,0.5,0,0.5,55,False,,
job_employee__employee_oriented,hofstede,job_employee,employee_oriented,employees well,0.6941,0.5,,0.5,1,0.3333,214,False,mit__performance,
job_employee__employee_oriented,hofstede,job_employee,employee_oriented,working people,0.6931,0.5,,0.5,2,0.25,245,False,job_employee__job_oriented; professional_parochial__professional,
job_employee__employee_oriented,hofstede,job_employee,employee_oriented,working employees,0.693,0.5,,0.5,0,0.5,76,False,,
job_employee__employee_oriented,hofstede,job_employee,employee_oriented,employees feel,0.6902,0.5,,0.5,0,0.5,94,False,,
job_employee__employee_oriented,hofstede,job_employee,employee_oriented,about employee,0.6881,0.5,,0.5,0,0.5,104,False,,
job_employee__employee_oriented,hofstede,job_employee,employee_oriented,employee needs,0.6864,0.5,,0.5,0,0.5,56,False,,
job_employee__employee_oriented,hofstede,job_employee,employee_oriented,employee oriented,0.6841,0.5,,0.5,0,0.5,123,False,,
job_employee__employee_oriented,hofstede,job_employee,employee_oriented,employees,0.6833,0.5,,0.5,0,0.5,19966,False,,
job_employee__employee_oriented,hofstede,job_employee,employee_oriented,employees very,0.6829,0.5,0.25,0.25,0,0.25,235,False,,Generic stopword/duplicated-token bigram — weight reduced to 0.25
job_employee__employee_oriented,hofstede,job_employee,employee_oriented,worklife,0.6816,0.5,,0.5,1,0.3333,561,False,job_employee__job_oriented,
job_employee__employee_oriented,hofstede,job_employee,employee_oriented,job satisfaction,0.6816,0.5,,0.5,0,0.5,140,False,,
job_employee__employee_oriented,hofstede,job_employee,employee_oriented,good workplace,0.6748,0.5,,0.5,0,0.5,266,False,,
job_employee__employee_oriented,hofstede,job_employee,employee_oriented,work being,0.6743,0.5,0.25,0.25,1,0.1667,108,False,job_employee__job_oriented,Generic stopword/duplicated-token bigram — weight reduced to 0.25
job_employee__employee_oriented,hofstede,job_employee,employee_oriented,workplace for,0.6734,0.5,0.25,0.25,1,0.1667,54,False,job_employee__job_oriented,Generic stopword/duplicated-token bigram — weight reduced to 0.25
job_employee__employee_oriented,hofstede,job_employee,employee_oriented,employee appreciation,0.6712,0.5,,0.5,0,0.5,110,False,,
job_employee__employee_oriented,hofstede,job_employee,employee_oriented,employees management,0.6706,0.5,,0.5,0,0.5,66,False,,
job_employee__employee_oriented,hofstede,job_employee,employee_oriented,employee morale,0.6703,0.5,,0.5,0,0.5,120,False,,
job_employee__employee_oriented,hofstede,job_employee,employee_oriented,workplace good,0.6669,0.5,,0.5,0,0.5,57,False,,
job_employee__employee_oriented,hofstede,job_employee,employee_oriented,employees good,0.6638,0.5,,0.5,0,0.5,402,False,,
job_employee__employee_oriented,hofstede,job_employee,employee_oriented,workplace and,0.6633,0.5,0.25,0.25,3,0.1,98,False,job_employee__job_oriented; tight_loose__tight_control; mit__collaboration,Generic stopword/duplicated-token bigram — weight reduced to 0.25
job_employee__employee_oriented,hofstede,job_employee,employee_oriented,work life,0.6612,0.5,,0.5,1,0.3333,33507,False,job_employee__job_oriented,
job_employee__employee_oriented,hofstede,job_employee,employee_oriented,friendly employees,0.6584,0.5,,0.5,0,0.5,113,False,,
job_employee__employee_oriented,hofstede,job_employee,employee_oriented,employee you,0.6584,0.5,0.25,0.25,0,0.25,94,False,,Generic stopword/duplicated-token bigram — weight reduced to 0.25
job_employee__employee_oriented,hofstede,job_employee,employee_oriented,workplace with,0.658,0.5,0.25,0.25,2,0.125,89,False,open_closed__closed_system; mit__collaboration,Generic stopword/duplicated-token bigram — weight reduced to 0.25
job_employee__employee_oriented,hofstede,job_employee,employee_oriented,dedicated employees,0.658,0.5,,0.5,0,0.5,58,False,,
job_employee__employee_oriented,hofstede,job_employee,employee_oriented,managing people,0.6566,0.5,,0.5,2,0.25,51,False,tight_loose__tight_control; tight_loose__loose_control,
job_employee__employee_oriented,hofstede,job_employee,employee_oriented,treats employees,0.6558,0.5,,0.5,0,0.5,81,False,,
job_employee__employee_oriented,hofstede,job_employee,employee_oriented,employee the,0.6555,0.5,0.25,0.25,0,0.25,85,False,,Generic stopword/duplicated-token bigram — weight reduced to 0.25
job_employee__employee_oriented,hofstede,job_employee,employee_oriented,employees company,0.6555,0.5,,0.5,1,0.3333,76,False,professional_parochial__parochial,
job_employee__employee_oriented,hofstede,job_employee,employee_oriented,employees they,0.6538,0.5,0.25,0.25,0,0.25,243,False,,Generic stopword/duplicated-token bigram — weight reduced to 0.25
job_employee__employee_oriented,hofstede,job_employee,employee_oriented,employees for,0.6509,0.5,0.25,0.25,0,0.25,153,False,,Generic stopword/duplicated-token bigram — weight reduced to 0.25
job_employee__employee_oriented,hofstede,job_employee,employee_oriented,very employee,0.6509,0.5,0.25,0.25,0,0.25,152,False,,Generic stopword/duplicated-token bigram — weight reduced to 0.25
job_employee__employee_oriented,hofstede,job_employee,employee_oriented,employee centric,0.6509,0.5,,0.5,0,0.5,458,False,,
job_employee__employee_oriented,hofstede,job_employee,employee_oriented,company work,0.6507,0.5,,0.5,2,0.25,8493,False,job_employee__job_oriented; professional_parochial__parochial,
job_employee__employee_oriented,hofstede,job_employee,employee_oriented,work people,0.6497,0.5,,0.5,1,0.3333,189,False,job_employee__job_oriented,
job_employee__employee_oriented,hofstede,job_employee,employee_oriented,employee support,0.6489,0.5,,0.5,0,0.5,50,False,,
job_employee__employee_oriented,hofstede,job_employee,employee_oriented,employees the,0.6472,0.5,0.25,0.25,0,0.25,547,False,,Generic stopword/duplicated-token bigram — weight reduced to 0.25
job_employee__employee_oriented,hofstede,job_employee,employee_oriented,employee welfare,0.6459,0.5,,0.5,0,0.5,69,False,,
job_employee__employee_oriented,hofstede,job_employee,employee_oriented,nice workplace,0.6458,0.5,,0.5,0,0.5,68,False,,
job_employee__employee_oriented,hofstede,job_employee,employee_oriented,employee with,0.6442,0.5,0.25,0.25,0,0.25,54,False,,Generic stopword/duplicated-token bigram — weight reduced to 0.25
job_employee__employee_oriented,hofstede,job_employee,employee_oriented,good employee,0.644,0.5,,0.5,0,0.5,415,False,,
job_employee__employee_oriented,hofstede,job_employee,employee_oriented,employees great,0.6437,0.5,,0.5,0,0.5,386,False,,
job_employee__employee_oriented,hofstede,job_employee,employee_oriented,employees you,0.6411,0.5,0.25,0.25,0,0.25,160,False,,Generic stopword/duplicated-token bigram — weight reduced to 0.25
job_employee__employee_oriented,hofstede,job_employee,employee_oriented,employee and,0.6401,0.5,0.25,0.25,0,0.25,171,False,,Generic stopword/duplicated-token bigram — weight reduced to 0.25
job_employee__employee_oriented,hofstede,job_employee,employee_oriented,the employee,0.6391,0.5,0.25,0.25,0,0.25,500,False,,Generic stopword/duplicated-token bigram — weight reduced to 0.25
job_employee__employee_oriented,hofstede,job_employee,employee_oriented,employees and,0.6388,0.5,0.25,0.25,0,0.25,1270,False,,Generic stopword/duplicated-token bigram — weight reduced to 0.25
job_employee__employee_oriented,hofstede,job_employee,employee_oriented,having work,0.6375,0.5,,0.5,1,0.3333,69,False,job_employee__job_oriented,
job_employee__employee_oriented,hofstede,job_employee,employee_oriented,treat employees,0.6355,0.5,,0.5,0,0.5,112,False,,
job_employee__employee_oriented,hofstede,job_employee,employee_oriented,employee who,0.6353,0.5,0.25,0.25,0,0.25,53,False,,Generic stopword/duplicated-token bigram — weight reduced to 0.25
job_employee__employee_oriented,hofstede,job_employee,employee_oriented,loyal employees,0.6346,0.5,,0.5,1,0.3333,55,False,professional_parochial__parochial,
job_employee__employee_oriented,hofstede,job_employee,employee_oriented,the employees,0.6333,0.5,0.25,0.25,0,0.25,1223,False,,Generic stopword/duplicated-token bigram — weight reduced to 0.25
job_employee__employee_oriented,hofstede,job_employee,employee_oriented,work ethic,0.6328,0.5,,0.5,2,0.25,411,False,job_employee__job_oriented; pragmatic_normative__normative,
job_employee__employee_oriented,hofstede,job_employee,employee_oriented,work friendly,0.6325,0.5,,0.5,1,0.3333,98,False,job_employee__job_oriented,
job_employee__employee_oriented,hofstede,job_employee,employee_oriented,good employees,0.6323,0.5,,0.5,0,0.5,175,False,,
job_employee__employee_oriented,hofstede,job_employee,employee_oriented,great workplace,0.6312,0.5,,0.5,0,0.5,348,False,,
job_employee__employee_oriented,hofstede,job_employee,employee_oriented,work employee,0.6282,0.5,,0.5,0,0.5,76,False,,
job_employee__employee_oriented,hofstede,job_employee,employee_oriented,work environment,0.628,0.5,,0.5,1,0.3333,7966,False,job_employee__job_oriented,
job_employee__employee_oriented,hofstede,job_employee,employee_oriented,wellbeing,0.627,1,,1.0,0,1.0,224,True,,
job_employee__employee_oriented,hofstede,job_employee,employee_oriented,for employee,0.6267,0.5,0.25,0.25,0,0.25,235,False,,Generic stopword/duplicated-token bigram — weight reduced to 0.25
job_employee__employee_oriented,hofstede,job_employee,employee_oriented,company employee,0.6262,0.5,,0.5,1,0.3333,63,False,professional_parochial__parochial,
job_employee__employee_oriented,hofstede,job_employee,employee_oriented,supportive work,0.6249,0.5,,0.5,2,0.25,177,False,job_employee__job_oriented; mit__respect,
job_employee__employee_oriented,hofstede,job_employee,employee_oriented,when working,0.6242,0.5,0.25,0.25,1,0.1667,130,False,job_employee__job_oriented,Generic stopword/duplicated-token bigram — weight reduced to 0.25
job_employee__employee_oriented,hofstede,job_employee,employee_oriented,employee resource,0.6239,0.5,,0.5,0,0.5,62,False,,
job_employee__employee_oriented,hofstede,job_employee,employee_oriented,their employee,0.6225,0.5,0.25,0.25,1,0.1667,63,False,mit__customer_orientation,Generic stopword/duplicated-token bigram — weight reduced to 0.25
job_employee__employee_oriented,hofstede,job_employee,employee_oriented,employee engagement,0.622,0.5,,0.5,0,0.5,302,False,,
job_employee__employee_oriented,hofstede,job_employee,employee_oriented,its employees,0.6214,0.5,0.25,0.25,1,0.1667,715,False,mit__customer_orientation,Generic stopword/duplicated-token bigram — weight reduced to 0.25
job_employee__employee_oriented,hofstede,job_employee,employee_oriented,level employees,0.6212,0.5,,0.5,0,0.5,295,False,,
job_employee__employee_oriented,hofstede,job_employee,employee_oriented,excellent workplace,0.6212,0.5,,0.5,0,0.5,50,False,,
job_employee__employee_oriented,hofstede,job_employee,employee_oriented,about work,0.6202,0.5,,0.5,1,0.3333,179,False,job_employee__job_oriented,
job_employee__employee_oriented,hofstede,job_employee,employee_oriented,employees like,0.6201,0.5,,0.5,0,0.5,128,False,,
job_employee__employee_oriented,hofstede,job_employee,employee_oriented,employees who,0.62,0.5,0.25,0.25,0,0.25,454,False,,Generic stopword/duplicated-token bigram — weight reduced to 0.25
job_employee__employee_oriented,hofstede,job_employee,employee_oriented,nice employees,0.6192,0.5,,0.5,0,0.5,54,False,,
job_employee__employee_oriented,hofstede,job_employee,employee_oriented,employee benefit,0.6191,0.5,,0.5,0,0.5,53,False,,
job_employee__employee_oriented,hofstede,job_employee,employee_oriented,values employees,0.6181,0.5,,0.5,1,0.3333,52,False,pragmatic_normative__normative,
job_employee__employee_oriented,hofstede,job_employee,employee_oriented,people development,0.6173,0.5,,0.5,0,0.5,61,False,,
job_employee__employee_oriented,hofstede,job_employee,employee_oriented,organisation work,0.6168,0.5,,0.5,1,0.3333,127,False,job_employee__job_oriented,
job_employee__employee_oriented,hofstede,job_employee,employee_oriented,productivity,0.6165,0.5,,0.5,3,0.2,400,False,process_results__results_oriented; job_employee__job_oriented; pragmatic_normative__pragmatic,
job_employee__employee_oriented,hofstede,job_employee,employee_oriented,maintain work,0.6163,0.5,,0.5,1,0.3333,102,False,job_employee__job_oriented,
job_employee__employee_oriented,hofstede,job_employee,employee_oriented,work management,0.6157,0.5,,0.5,1,0.3333,183,False,job_employee__job_oriented,
job_employee__employee_oriented,hofstede,job_employee,employee_oriented,workplace environment,0.6152,0.5,,0.5,0,0.5,117,False,,
job_employee__employee_oriented,hofstede,job_employee,employee_oriented,work quality,0.6145,0.5,,0.5,2,0.25,103,False,job_employee__job_oriented; mit__performance,
job_employee__employee_oriented,hofstede,job_employee,employee_oriented,among employees,0.6144,0.5,,0.5,0,0.5,71,False,,
job_employee__employee_oriented,hofstede,job_employee,employee_oriented,supportive colleagues,0.6143,0.5,,0.5,0,0.5,194,False,,
job_employee__employee_oriented,hofstede,job_employee,employee_oriented,value employees,0.6134,0.5,,0.5,1,0.3333,85,False,pragmatic_normative__normative,
job_employee__employee_oriented,hofstede,job_employee,employee_oriented,organizational,0.6132,0.5,,0.5,6,0.125,498,False,process_results__process_oriented; professional_parochial__parochial; tight_loose__tight_control; tight_loose__loose_control; mit__collaboration; mit__performance,
job_employee__employee_oriented,hofstede,job_employee,employee_oriented,talented employees,0.6131,0.5,,0.5,2,0.25,92,False,professional_parochial__professional; mit__performance,
job_employee__employee_oriented,hofstede,job_employee,employee_oriented,friendly working,0.6116,0.5,,0.5,0,0.5,185,False,,
job_employee__employee_oriented,hofstede,job_employee,employee_oriented,working environment,0.6114,0.5,,0.5,1,0.3333,3758,False,job_employee__job_oriented,
job_employee__employee_oriented,hofstede,job_employee,employee_oriented,employees with,0.6106,0.5,0.25,0.25,0,0.25,328,False,,Generic stopword/duplicated-token bigram — weight reduced to 0.25
job_employee__employee_oriented,hofstede,job_employee,employee_oriented,new employees,0.6105,0.5,,0.5,0,0.5,313,False,,
job_employee__employee_oriented,hofstede,job_employee,employee_oriented,work company,0.6101,0.5,,0.5,2,0.25,116,False,job_employee__job_oriented; professional_parochial__parochial,
job_employee__employee_oriented,hofstede,job_employee,employee_oriented,employee training,0.6097,0.5,,0.5,0,0.5,50,False,,
job_employee__employee_oriented,hofstede,job_employee,employee_oriented,work enviornment,0.6096,0.5,,0.5,1,0.3333,52,False,job_employee__job_oriented,
job_employee__employee_oriented,hofstede,job_employee,employee_oriented,employee experience,0.6094,0.5,,0.5,0,0.5,90,False,,
job_employee__employee_oriented,hofstede,job_employee,employee_oriented,employees when,0.6087,0.5,0.25,0.25,0,0.25,50,False,,Generic stopword/duplicated-token bigram — weight reduced to 0.25
job_employee__employee_oriented,hofstede,job_employee,employee_oriented,manage people,0.608,0.5,,0.5,2,0.25,70,False,tight_loose__tight_control; tight_loose__loose_control,
job_employee__employee_oriented,hofstede,job_employee,employee_oriented,working place,0.6079,0.5,,0.5,1,0.3333,115,False,job_employee__job_oriented,
job_employee__employee_oriented,hofstede,job_employee,employee_oriented,people career,0.6076,0.5,,0.5,1,0.3333,62,False,professional_parochial__professional,
job_employee__employee_oriented,hofstede,job_employee,employee_oriented,work job,0.6074,0.5,,0.5,1,0.3333,53,False,job_employee__job_oriented,
job_employee__employee_oriented,hofstede,job_employee,employee_oriented,working work,0.6073,0.5,,0.5,1,0.3333,51,False,job_employee__job_oriented,
job_employee__employee_oriented,hofstede,job_employee,employee_oriented,young employees,0.6071,0.5,,0.5,0,0.5,64,False,,
job_employee__employee_oriented,hofstede,job_employee,employee_oriented,care employees,0.6068,0.5,,0.5,0,0.5,174,False,,
job_employee__employee_oriented,hofstede,job_employee,employee_oriented,work related,0.6068,0.5,,0.5,1,0.3333,63,False,job_employee__job_oriented,
job_employee__employee_oriented,hofstede,job_employee,employee_oriented,supportive staff,0.6065,0.5,,0.5,0,0.5,68,False,,
job_employee__employee_oriented,hofstede,job_employee,employee_oriented,the morale,0.6064,0.5,0.25,0.25,1,0.1667,67,False,pragmatic_normative__normative,Generic stopword/duplicated-token bigram — weight reduced to 0.25
job_employee__employee_oriented,hofstede,job_employee,employee_oriented,who work,0.6063,0.5,0.25,0.25,0,0.25,370,False,,Generic stopword/duplicated-token bigram — weight reduced to 0.25
job_employee__employee_oriented,hofstede,job_employee,employee_oriented,employees more,0.6058,0.5,,0.5,0,0.5,67,False,,
job_employee__employee_oriented,hofstede,job_employee,employee_oriented,employees this,0.6053,0.5,0.25,0.25,0,0.25,66,False,,Generic stopword/duplicated-token bigram — weight reduced to 0.25
job_employee__employee_oriented,hofstede,job_employee,employee_oriented,personal development,0.6047,1,,1.0,0,1.0,307,True,,
job_employee__employee_oriented,hofstede,job_employee,employee_oriented,for employees,0.6046,0.5,0.25,0.25,0,0.25,1428,False,,Generic stopword/duplicated-token bigram — weight reduced to 0.25
job_employee__employee_oriented,hofstede,job_employee,employee_oriented,employee perks,0.6042,0.5,,0.5,0,0.5,76,False,,
job_employee__employee_oriented,hofstede,job_employee,employee_oriented,people management,0.6032,0.5,,0.5,0,0.5,435,False,,
job_employee__employee_oriented,hofstede,job_employee,employee_oriented,employees which,0.6029,0.5,,0.5,0,0.5,69,False,,
job_employee__employee_oriented,hofstede,job_employee,employee_oriented,help employees,0.6012,0.5,,0.5,0,0.5,51,False,,
job_employee__employee_oriented,hofstede,job_employee,employee_oriented,employed,0.6006,0.5,,0.5,0,0.5,306,False,,
job_employee__employee_oriented,hofstede,job_employee,employee_oriented,supportive managers,0.6005,0.5,,0.5,0,0.5,123,False,,
job_employee__employee_oriented,hofstede,job_employee,employee_oriented,office work,0.5998,0.5,,0.5,1,0.3333,244,False,job_employee__job_oriented,
job_employee__employee_oriented,hofstede,job_employee,employee_oriented,best workplace,0.5996,0.5,,0.5,0,0.5,77,False,,
job_employee__employee_oriented,hofstede,job_employee,employee_oriented,working culture,0.5991,0.5,,0.5,0,0.5,947,False,,
job_employee__employee_oriented,hofstede,job_employee,employee_oriented,employer for,0.5989,0.5,0.25,0.25,0,0.25,51,False,,Generic stopword/duplicated-token bigram — weight reduced to 0.25
job_employee__employee_oriented,hofstede,job_employee,employee_oriented,employee growth,0.5984,1,,1.0,0,1.0,98,True,,
job_employee__employee_oriented,hofstede,job_employee,employee_oriented,employees get,0.5984,0.5,,0.5,0,0.5,126,False,,
job_employee__employee_oriented,hofstede,job_employee,employee_oriented,worklife balance,0.5982,0.5,,0.5,0,0.5,501,False,,
job_employee__employee_oriented,hofstede,job_employee,employee_oriented,with employee,0.5973,0.5,0.25,0.25,0,0.25,90,False,,Generic stopword/duplicated-token bigram — weight reduced to 0.25
job_employee__employee_oriented,hofstede,job_employee,employee_oriented,employees that,0.597,0.5,0.25,0.25,0,0.25,221,False,,Generic stopword/duplicated-token bigram — weight reduced to 0.25
job_employee__employee_oriented,hofstede,job_employee,employee_oriented,experienced employees,0.5956,0.5,,0.5,2,0.25,77,False,professional_parochial__professional; mit__customer_orientation,
job_employee__employee_oriented,hofstede,job_employee,employee_oriented,being hired,0.5952,0.5,0.25,0.25,0,0.25,78,False,,Generic stopword/duplicated-token bigram — weight reduced to 0.25
job_employee__employee_oriented,hofstede,job_employee,employee_oriented,supportive management,0.5942,0.5,,0.5,0,0.5,373,False,,
job_employee__employee_oriented,hofstede,job_employee,employee_oriented,other employees,0.5942,0.5,,0.5,0,0.5,162,False,,
job_employee__employee_oriented,hofstede,job_employee,employee_oriented,human resources,0.594,0.5,,0.5,0,0.5,183,False,,
job_employee__employee_oriented,hofstede,job_employee,employee_oriented,work balance,0.594,0.5,,0.5,0,0.5,519,False,,
job_employee__employee_oriented,hofstede,job_employee,employee_oriented,morale and,0.5934,0.5,0.25,0.25,2,0.125,107,False,pragmatic_normative__normative; mit__respect,Generic stopword/duplicated-token bigram — weight reduced to 0.25
job_employee__employee_oriented,hofstede,job_employee,employee_oriented,their employees,0.5934,0.5,0.25,0.25,1,0.1667,1649,False,professional_parochial__parochial,Generic stopword/duplicated-token bigram — weight reduced to 0.25
job_employee__employee_oriented,hofstede,job_employee,employee_oriented,work managers,0.5931,0.5,,0.5,0,0.5,65,False,,
job_employee__employee_oriented,hofstede,job_employee,employee_oriented,company working,0.5924,0.5,,0.5,1,0.3333,101,False,professional_parochial__parochial,
job_employee__employee_oriented,hofstede,job_employee,employee_oriented,career work,0.5923,0.5,,0.5,2,0.25,77,False,job_employee__job_oriented; professional_parochial__professional,
job_employee__employee_oriented,hofstede,job_employee,employee_oriented,great employee,0.5921,0.5,,0.5,0,0.5,205,False,,
job_employee__employee_oriented,hofstede,job_employee,employee_oriented,people managers,0.5916,0.5,,0.5,0,0.5,125,False,,
job_employee__employee_oriented,hofstede,job_employee,employee_oriented,with employees,0.5905,0.5,0.25,0.25,0,0.25,244,False,,Generic stopword/duplicated-token bigram — weight reduced to 0.25
job_employee__employee_oriented,hofstede,job_employee,employee_oriented,employ,0.5904,0.5,,0.5,0,0.5,65,False,,
job_employee__employee_oriented,hofstede,job_employee,employee_oriented,work culture,0.5902,0.5,,0.5,0,0.5,7558,False,,
job_employee__employee_oriented,hofstede,job_employee,employee_oriented,company people,0.59,0.5,,0.5,2,0.25,94,False,professional_parochial__parochial; mit__customer_orientation,
job_employee__employee_oriented,hofstede,job_employee,employee_oriented,employees have,0.5897,0.5,0.25,0.25,0,0.25,310,False,,Generic stopword/duplicated-token bigram — weight reduced to 0.25
job_employee__employee_oriented,hofstede,job_employee,employee_oriented,morale,0.5894,0.5,,0.5,2,0.25,1237,False,pragmatic_normative__normative; mit__respect,
job_employee__employee_oriented,hofstede,job_employee,employee_oriented,employees some,0.5887,0.5,,0.5,0,0.5,58,False,,
job_employee__employee_oriented,hofstede,job_employee,employee_oriented,based work,0.5885,0.5,,0.5,6,0.125,55,False,process_results__results_oriented; job_employee__job_oriented; tight_loose__loose_control; pragmatic_normative__pragmatic; pragmatic_normative__normative; mit__performance,
job_employee__employee_oriented,hofstede,job_employee,employee_oriented,manage work,0.5884,0.5,,0.5,1,0.3333,57,False,job_employee__job_oriented,
job_employee__employee_oriented,hofstede,job_employee,employee_oriented,healthy working,0.5883,0.5,,0.5,0,0.5,51,False,,
job_employee__employee_oriented,hofstede,job_employee,employee_oriented,management work,0.5881,0.5,,0.5,2,0.25,342,False,job_employee__job_oriented; tight_loose__tight_control,
job_employee__employee_oriented,hofstede,job_employee,employee_oriented,personal growth,0.5878,0.5,,0.5,0,0.5,323,False,,
job_employee__employee_oriented,hofstede,job_employee,employee_oriented,work colleagues,0.5878,0.5,,0.5,1,0.3333,66,False,mit__collaboration,
job_employee__employee_oriented,hofstede,job_employee,employee_oriented,stressful work,0.5878,0.5,,0.5,1,0.3333,214,False,job_employee__job_oriented,
job_employee__employee_oriented,hofstede,job_employee,employee_oriented,work style,0.5872,0.5,,0.5,1,0.3333,60,False,job_employee__job_oriented,
job_employee__employee_oriented,hofstede,job_employee,employee_oriented,management people,0.5861,0.5,,0.5,0,0.5,102,False,,
job_employee__employee_oriented,hofstede,job_employee,employee_oriented,working together,0.5861,0.5,,0.5,2,0.25,84,False,job_employee__job_oriented; mit__collaboration,
job_employee__employee_oriented,hofstede,job_employee,employee_oriented,current employees,0.5859,0.5,,0.5,0,0.5,109,False,,
job_employee__employee_oriented,hofstede,job_employee,employee_oriented,job and,0.5858,0.5,0.25,0.25,4,0.0833,780,False,process_results__results_oriented; job_employee__job_oriented; tight_loose__loose_control; mit__execution,Generic stopword/duplicated-token bigram — weight reduced to 0.25
job_employee__employee_oriented,hofstede,job_employee,employee_oriented,working experience,0.5854,0.5,,0.5,2,0.25,201,False,job_employee__job_oriented; professional_parochial__professional,
job_employee__employee_oriented,hofstede,job_employee,employee_oriented,employees many,0.5854,0.5,,0.5,0,0.5,53,False,,
job_employee__employee_oriented,hofstede,job_employee,employee_oriented,profession,0.5851,0.5,,0.5,2,0.25,61,False,professional_parochial__professional; tight_loose__loose_control,
job_employee__employee_oriented,hofstede,job_employee,employee_oriented,not employee,0.5848,0.5,0.25,0.25,0,0.25,112,False,,Generic stopword/duplicated-token bigram — weight reduced to 0.25
job_employee__employee_oriented,hofstede,job_employee,employee_oriented,management supportive,0.5846,0.5,,0.5,0,0.5,75,False,,
job_employee__employee_oriented,hofstede,job_employee,employee_oriented,employee not,0.5842,0.5,0.25,0.25,0,0.25,57,False,,Generic stopword/duplicated-token bigram — weight reduced to 0.25
job_employee__employee_oriented,hofstede,job_employee,employee_oriented,supportive environment,0.5838,0.5,,0.5,1,0.3333,301,False,mit__respect,
job_employee__employee_oriented,hofstede,job_employee,employee_oriented,work career,0.5838,0.5,,0.5,2,0.25,69,False,job_employee__job_oriented; professional_parochial__professional,
job_employee__employee_oriented,hofstede,job_employee,employee_oriented,great employees,0.5835,0.5,,0.5,0,0.5,141,False,,
job_employee__employee_oriented,hofstede,job_employee,employee_oriented,employees benefits,0.583,0.5,,0.5,0,0.5,63,False,,
job_employee__employee_oriented,hofstede,job_employee,employee_oriented,hardworking people,0.5828,0.5,,0.5,0,0.5,94,False,,
job_employee__employee_oriented,hofstede,job_employee,employee_oriented,between employees,0.5826,0.5,,0.5,0,0.5,81,False,,
job_employee__employee_oriented,hofstede,job_employee,employee_oriented,focus employee,0.5824,0.5,,0.5,1,0.3333,98,False,job_employee__job_oriented,
job_employee__employee_oriented,hofstede,job_employee,employee_oriented,doing work,0.5823,0.5,,0.5,2,0.25,57,False,job_employee__job_oriented; mit__execution,
job_employee__employee_oriented,hofstede,job_employee,employee_oriented,company doing,0.5823,0.5,,0.5,3,0.2,61,False,professional_parochial__parochial; mit__customer_orientation; mit__execution,
job_employee__employee_oriented,hofstede,job_employee,employee_oriented,workplace culture,0.5817,0.5,,0.5,0,0.5,115,False,,
job_employee__employee_oriented,hofstede,job_employee,employee_oriented,coworkers,0.5817,0.5,,0.5,0,0.5,2584,False,,
job_employee__employee_oriented,hofstede,job_employee,employee_oriented,make work,0.5816,0.5,,0.5,2,0.25,101,False,job_employee__job_oriented; mit__execution,
job_employee__employee_oriented,hofstede,job_employee,employee_oriented,level employee,0.5815,0.5,,0.5,0,0.5,55,False,,
job_employee__employee_oriented,hofstede,job_employee,employee_oriented,benefits employees,0.5807,0.5,,0.5,0,0.5,64,False,,
job_employee__employee_oriented,hofstede,job_employee,employee_oriented,employees but,0.5798,0.5,0.25,0.25,0,0.25,134,False,,Generic stopword/duplicated-token bigram — weight reduced to 0.25
job_employee__employee_oriented,hofstede,job_employee,employee_oriented,employees are,0.5796,0.5,0.25,0.25,0,0.25,1566,False,,Generic stopword/duplicated-token bigram — weight reduced to 0.25
job_employee__job_oriented,hofstede,job_employee,job_oriented,tasks,0.7603,0.75,,0.75,4,0.25,1982,False,process_results__process_oriented; process_results__results_oriented; tight_loose__tight_control; mit__execution,
job_employee__job_oriented,hofstede,job_employee,job_oriented,tasks and,0.7366,0.75,0.25,0.25,4,0.0833,158,False,process_results__process_oriented; process_results__results_oriented; tight_loose__tight_control; mit__execution,Generic stopword/duplicated-token bigram — weight reduced to 0.25
job_employee__job_oriented,hofstede,job_employee,job_oriented,task,0.7348,0.75,,0.75,3,0.3,467,False,process_results__process_oriented; process_results__results_oriented; mit__execution,
job_employee__job_oriented,hofstede,job_employee,job_oriented,employee focused,0.7314,0.75,,0.75,1,0.5,72,False,job_employee__employee_oriented,
job_employee__job_oriented,hofstede,job_employee,job_oriented,job work,0.7294,0.75,,0.75,3,0.3,108,False,process_results__results_oriented; job_employee__employee_oriented; mit__execution,
job_employee__job_oriented,hofstede,job_employee,job_oriented,productive,0.7233,0.75,,0.75,4,0.25,303,False,process_results__results_oriented; pragmatic_normative__pragmatic; mit__execution; mit__innovation,
job_employee__job_oriented,hofstede,job_employee,job_oriented,productivity,0.7227,1,,1.0,3,0.4,400,True,process_results__results_oriented; job_employee__employee_oriented; pragmatic_normative__pragmatic,
job_employee__job_oriented,hofstede,job_employee,job_oriented,the tasks,0.716,0.75,0.25,0.25,4,0.0833,93,False,process_results__process_oriented; process_results__results_oriented; tight_loose__tight_control; mit__execution,Generic stopword/duplicated-token bigram — weight reduced to 0.25
job_employee__job_oriented,hofstede,job_employee,job_oriented,doing work,0.7157,0.75,,0.75,2,0.375,57,False,job_employee__employee_oriented; mit__execution,
job_employee__job_oriented,hofstede,job_employee,job_oriented,make work,0.7152,0.75,,0.75,2,0.375,101,False,job_employee__employee_oriented; mit__execution,
job_employee__job_oriented,hofstede,job_employee,job_oriented,working work,0.7145,0.75,,0.75,1,0.5,51,False,job_employee__employee_oriented,
job_employee__job_oriented,hofstede,job_employee,job_oriented,work work,0.7065,0.75,0.25,0.25,0,0.25,648,False,,Generic stopword/duplicated-token bigram — weight reduced to 0.25
job_employee__job_oriented,hofstede,job_employee,job_oriented,the task,0.7034,0.75,0.25,0.25,4,0.0833,51,False,process_results__process_oriented; process_results__results_oriented; mit__execution; mit__innovation,Generic stopword/duplicated-token bigram — weight reduced to 0.25
job_employee__job_oriented,hofstede,job_employee,job_oriented,getting work,0.7022,0.75,,0.75,1,0.5,51,False,mit__execution,
job_employee__job_oriented,hofstede,job_employee,job_oriented,work job,0.702,0.75,,0.75,1,0.5,53,False,job_employee__employee_oriented,
job_employee__job_oriented,hofstede,job_employee,job_oriented,work working,0.6997,0.5,,0.5,0,0.5,66,False,,
job_employee__job_oriented,hofstede,job_employee,job_oriented,work being,0.6979,0.5,0.25,0.25,1,0.1667,108,False,job_employee__employee_oriented,Generic stopword/duplicated-token bigram — weight reduced to 0.25
job_employee__job_oriented,hofstede,job_employee,job_oriented,focus work,0.6952,0.5,,0.5,0,0.5,88,False,,
job_employee__job_oriented,hofstede,job_employee,job_oriented,tasks that,0.6929,0.5,0.25,0.25,4,0.0833,83,False,process_results__process_oriented; process_results__results_oriented; mit__execution; mit__innovation,Generic stopword/duplicated-token bigram — weight reduced to 0.25
job_employee__job_oriented,hofstede,job_employee,job_oriented,working hard,0.6897,0.5,,0.5,0,0.5,197,False,,
job_employee__job_oriented,hofstede,job_employee,job_oriented,tasks are,0.688,0.5,0.25,0.25,0,0.25,91,False,,Generic stopword/duplicated-token bigram — weight reduced to 0.25
job_employee__job_oriented,hofstede,job_employee,job_oriented,about work,0.6877,0.5,,0.5,1,0.3333,179,False,job_employee__employee_oriented,
job_employee__job_oriented,hofstede,job_employee,job_oriented,having work,0.6866,0.5,,0.5,1,0.3333,69,False,job_employee__employee_oriented,
job_employee__job_oriented,hofstede,job_employee,job_oriented,tasks good,0.6837,0.5,,0.5,2,0.25,57,False,process_results__results_oriented; mit__execution,
job_employee__job_oriented,hofstede,job_employee,job_oriented,hardworking,0.6787,0.5,,0.5,4,0.1667,460,False,process_results__results_oriented; open_closed__closed_system; tight_loose__loose_control; pragmatic_normative__pragmatic,
job_employee__job_oriented,hofstede,job_employee,job_oriented,into work,0.6786,0.5,,0.5,1,0.3333,73,False,mit__execution,
job_employee__job_oriented,hofstede,job_employee,job_oriented,productivity and,0.6742,0.5,0.25,0.25,1,0.1667,58,False,pragmatic_normative__pragmatic,Generic stopword/duplicated-token bigram — weight reduced to 0.25
job_employee__job_oriented,hofstede,job_employee,job_oriented,work get,0.6712,0.5,,0.5,0,0.5,74,False,,
job_employee__job_oriented,hofstede,job_employee,job_oriented,get work,0.6704,0.5,,0.5,0,0.5,753,False,,
job_employee__job_oriented,hofstede,job_employee,job_oriented,focused and,0.6703,0.5,0.25,0.25,1,0.1667,105,False,pragmatic_normative__pragmatic,Generic stopword/duplicated-token bigram — weight reduced to 0.25
job_employee__job_oriented,hofstede,job_employee,job_oriented,work,0.6681,0.5,,0.5,0,0.5,150521,False,,
job_employee__job_oriented,hofstede,job_employee,job_oriented,work management,0.668,0.5,,0.5,1,0.3333,183,False,job_employee__employee_oriented,
job_employee__job_oriented,hofstede,job_employee,job_oriented,working time,0.6637,0.5,,0.5,0,0.5,97,False,,
job_employee__job_oriented,hofstede,job_employee,job_oriented,the working,0.662,0.5,0.25,0.25,1,0.1667,323,False,mit__execution,Generic stopword/duplicated-token bigram — weight reduced to 0.25
job_employee__job_oriented,hofstede,job_employee,job_oriented,the work,0.6584,0.5,0.25,0.25,1,0.1667,4660,False,mit__execution,Generic stopword/duplicated-token bigram — weight reduced to 0.25
job_employee__job_oriented,hofstede,job_employee,job_oriented,work are,0.6578,0.5,0.25,0.25,0,0.25,111,False,,Generic stopword/duplicated-token bigram — weight reduced to 0.25
job_employee__job_oriented,hofstede,job_employee,job_oriented,work gets,0.6561,0.5,,0.5,0,0.5,109,False,,
job_employee__job_oriented,hofstede,job_employee,job_oriented,manage work,0.6558,0.5,,0.5,1,0.3333,57,False,job_employee__employee_oriented,
job_employee__job_oriented,hofstede,job_employee,job_oriented,working life,0.6558,0.5,,0.5,1,0.3333,63,False,job_employee__employee_oriented,
job_employee__job_oriented,hofstede,job_employee,job_oriented,employment,0.6556,0.5,,0.5,3,0.2,916,False,job_employee__employee_oriented; tight_loose__loose_control; mit__execution,
job_employee__job_oriented,hofstede,job_employee,job_oriented,workplace,0.6542,0.5,,0.5,3,0.2,2553,False,job_employee__employee_oriented; open_closed__closed_system; mit__collaboration,
job_employee__job_oriented,hofstede,job_employee,job_oriented,working people,0.6539,0.5,,0.5,2,0.25,245,False,job_employee__employee_oriented; professional_parochial__professional,
job_employee__job_oriented,hofstede,job_employee,job_oriented,hardworking and,0.6529,0.5,0.25,0.25,3,0.1,64,False,process_results__results_oriented; pragmatic_normative__pragmatic; mit__innovation,Generic stopword/duplicated-token bigram — weight reduced to 0.25
job_employee__job_oriented,hofstede,job_employee,job_oriented,tasks can,0.6525,0.5,0.25,0.25,0,0.25,57,False,,Generic stopword/duplicated-token bigram — weight reduced to 0.25
job_employee__job_oriented,hofstede,job_employee,job_oriented,maintain work,0.6522,0.5,,0.5,1,0.3333,102,False,job_employee__employee_oriented,
job_employee__job_oriented,hofstede,job_employee,job_oriented,when working,0.6512,0.5,0.25,0.25,1,0.1667,130,False,job_employee__employee_oriented,Generic stopword/duplicated-token bigram — weight reduced to 0.25
job_employee__job_oriented,hofstede,job_employee,job_oriented,jobs the,0.6498,0.5,0.25,0.25,2,0.125,134,False,process_results__results_oriented; mit__execution,Generic stopword/duplicated-token bigram — weight reduced to 0.25
job_employee__job_oriented,hofstede,job_employee,job_oriented,about working,0.6498,0.5,,0.5,0,0.5,199,False,,
job_employee__job_oriented,hofstede,job_employee,job_oriented,focused,0.6487,0.5,,0.5,1,0.3333,1966,False,pragmatic_normative__pragmatic,
job_employee__job_oriented,hofstede,job_employee,job_oriented,working,0.6475,0.5,,0.5,1,0.3333,27065,False,mit__execution,
job_employee__job_oriented,hofstede,job_employee,job_oriented,work people,0.6467,0.5,,0.5,1,0.3333,189,False,job_employee__employee_oriented,
job_employee__job_oriented,hofstede,job_employee,job_oriented,focussed,0.6446,0.5,,0.5,1,0.3333,130,False,pragmatic_normative__pragmatic,
job_employee__job_oriented,hofstede,job_employee,job_oriented,jobs,0.6444,0.5,,0.5,1,0.3333,2836,False,professional_parochial__professional,
job_employee__job_oriented,hofstede,job_employee,job_oriented,best working,0.6403,0.5,,0.5,0,0.5,99,False,,
job_employee__job_oriented,hofstede,job_employee,job_oriented,company work,0.6391,0.5,,0.5,2,0.25,8493,False,job_employee__employee_oriented; professional_parochial__parochial,
job_employee__job_oriented,hofstede,job_employee,job_oriented,focus and,0.6381,0.5,0.25,0.25,1,0.1667,100,False,pragmatic_normative__pragmatic,Generic stopword/duplicated-token bigram — weight reduced to 0.25
job_employee__job_oriented,hofstede,job_employee,job_oriented,out work,0.6372,0.5,,0.5,1,0.3333,62,False,mit__execution,
job_employee__job_oriented,hofstede,job_employee,job_oriented,management work,0.6367,0.5,,0.5,2,0.25,342,False,job_employee__employee_oriented; tight_loose__tight_control,
job_employee__job_oriented,hofstede,job_employee,job_oriented,learn work,0.636,0.5,,0.5,0,0.5,100,False,,
job_employee__job_oriented,hofstede,job_employee,job_oriented,work challenging,0.6352,0.5,,0.5,0,0.5,136,False,,
job_employee__job_oriented,hofstede,job_employee,job_oriented,work depends,0.6351,0.5,,0.5,0,0.5,69,False,,
job_employee__job_oriented,hofstede,job_employee,job_oriented,work need,0.6351,0.5,,0.5,0,0.5,57,False,,
job_employee__job_oriented,hofstede,job_employee,job_oriented,organisation work,0.6342,0.5,,0.5,1,0.3333,127,False,job_employee__employee_oriented,
job_employee__job_oriented,hofstede,job_employee,job_oriented,stressful work,0.634,0.5,,0.5,1,0.3333,214,False,job_employee__employee_oriented,
job_employee__job_oriented,hofstede,job_employee,job_oriented,are working,0.6334,0.5,0.25,0.25,0,0.25,584,False,,Generic stopword/duplicated-token bigram — weight reduced to 0.25
job_employee__job_oriented,hofstede,job_employee,job_oriented,high work,0.6331,0.5,,0.5,1,0.3333,193,False,mit__performance,
job_employee__job_oriented,hofstede,job_employee,job_oriented,while working,0.6329,0.5,,0.5,0,0.5,267,False,,
job_employee__job_oriented,hofstede,job_employee,job_oriented,paced work,0.6327,0.5,,0.5,0,0.5,172,False,,
job_employee__job_oriented,hofstede,job_employee,job_oriented,hard working,0.6319,0.5,,0.5,0,0.5,1019,False,,
job_employee__job_oriented,hofstede,job_employee,job_oriented,work time,0.6314,0.5,,0.5,0,0.5,193,False,,
job_employee__job_oriented,hofstede,job_employee,job_oriented,job and,0.6298,0.5,0.25,0.25,4,0.0833,780,False,process_results__results_oriented; job_employee__employee_oriented; tight_loose__loose_control; mit__execution,Generic stopword/duplicated-token bigram — weight reduced to 0.25
job_employee__job_oriented,hofstede,job_employee,job_oriented,workforce,0.6289,0.5,,0.5,1,0.3333,689,False,job_employee__employee_oriented,
job_employee__job_oriented,hofstede,job_employee,job_oriented,work from,0.628,0.5,,0.5,0,0.5,3626,False,,
job_employee__job_oriented,hofstede,job_employee,job_oriented,focus employee,0.6278,0.5,,0.5,1,0.3333,98,False,job_employee__employee_oriented,
job_employee__job_oriented,hofstede,job_employee,job_oriented,work closely,0.627,0.5,,0.5,1,0.3333,53,False,mit__execution,
job_employee__job_oriented,hofstede,job_employee,job_oriented,the jobs,0.6263,0.5,0.25,0.25,0,0.25,118,False,,Generic stopword/duplicated-token bigram — weight reduced to 0.25
job_employee__job_oriented,hofstede,job_employee,job_oriented,the workforce,0.6262,0.5,0.25,0.25,1,0.1667,105,False,job_employee__employee_oriented,Generic stopword/duplicated-token bigram — weight reduced to 0.25
job_employee__job_oriented,hofstede,job_employee,job_oriented,ways working,0.6262,0.5,,0.5,0,0.5,67,False,,
job_employee__job_oriented,hofstede,job_employee,job_oriented,the workplace,0.626,0.5,0.25,0.25,4,0.0833,260,False,job_employee__employee_oriented; open_closed__closed_system; tight_loose__loose_control; mit__collaboration,Generic stopword/duplicated-token bigram — weight reduced to 0.25
job_employee__job_oriented,hofstede,job_employee,job_oriented,working place,0.6256,0.5,,0.5,1,0.3333,115,False,job_employee__employee_oriented,
job_employee__job_oriented,hofstede,job_employee,job_oriented,less work,0.6253,0.5,,0.5,0,0.5,300,False,,
job_employee__job_oriented,hofstede,job_employee,job_oriented,work model,0.6229,0.5,,0.5,0,0.5,94,False,,
job_employee__job_oriented,hofstede,job_employee,job_oriented,have work,0.6219,0.5,0.25,0.25,0,0.25,841,False,,Generic stopword/duplicated-token bigram — weight reduced to 0.25
job_employee__job_oriented,hofstede,job_employee,job_oriented,pay work,0.6218,0.5,,0.5,0,0.5,360,False,,
job_employee__job_oriented,hofstede,job_employee,job_oriented,engaging work,0.6216,0.5,,0.5,1,0.3333,97,False,open_closed__open_system,
job_employee__job_oriented,hofstede,job_employee,job_oriented,working state,0.6214,0.5,,0.5,0,0.5,54,False,,
job_employee__job_oriented,hofstede,job_employee,job_oriented,demanding work,0.6213,0.5,,0.5,0,0.5,146,False,,
job_employee__job_oriented,hofstede,job_employee,job_oriented,hard work,0.621,0.5,,0.5,0,0.5,1630,False,,
job_employee__job_oriented,hofstede,job_employee,job_oriented,technical work,0.6209,0.5,,0.5,1,0.3333,91,False,professional_parochial__professional,
job_employee__job_oriented,hofstede,job_employee,job_oriented,with work,0.6209,0.5,0.25,0.25,1,0.1667,643,False,mit__execution,Generic stopword/duplicated-token bigram — weight reduced to 0.25
job_employee__job_oriented,hofstede,job_employee,job_oriented,the job,0.6199,0.5,0.25,0.25,1,0.1667,2943,False,mit__execution,Generic stopword/duplicated-token bigram — weight reduced to 0.25
job_employee__job_oriented,hofstede,job_employee,job_oriented,organization work,0.6197,0.5,,0.5,2,0.25,194,False,job_employee__employee_oriented; mit__collaboration,
job_employee__job_oriented,hofstede,job_employee,job_oriented,work harder,0.6196,0.5,,0.5,0,0.5,85,False,,
job_employee__job_oriented,hofstede,job_employee,job_oriented,work which,0.6195,0.5,,0.5,0,0.5,130,False,,
job_employee__job_oriented,hofstede,job_employee,job_oriented,between work,0.6194,0.5,,0.5,0,0.5,79,False,,
job_employee__job_oriented,hofstede,job_employee,job_oriented,with working,0.619,0.5,0.25,0.25,1,0.1667,164,False,mit__execution,Generic stopword/duplicated-token bigram — weight reduced to 0.25
job_employee__job_oriented,hofstede,job_employee,job_oriented,work repetitive,0.6188,0.5,,0.5,0,0.5,59,False,,
job_employee__job_oriented,hofstede,job_employee,job_oriented,work flow,0.6187,0.5,,0.5,0,0.5,69,False,,
job_employee__job_oriented,hofstede,job_employee,job_oriented,balanced work,0.6185,0.5,,0.5,0,0.5,109,False,,
job_employee__job_oriented,hofstede,job_employee,job_oriented,work enviornment,0.6185,0.5,,0.5,1,0.3333,52,False,job_employee__employee_oriented,
job_employee__job_oriented,hofstede,job_employee,job_oriented,repetitive work,0.6178,0.5,,0.5,0,0.5,335,False,,
job_employee__job_oriented,hofstede,job_employee,job_oriented,work options,0.6174,0.5,,0.5,0,0.5,101,False,,
job_employee__job_oriented,hofstede,job_employee,job_oriented,rewarding work,0.6167,0.5,,0.5,0,0.5,86,False,,
job_employee__job_oriented,hofstede,job_employee,job_oriented,work and,0.6166,0.5,0.25,0.25,0,0.25,4243,False,,Generic stopword/duplicated-token bigram — weight reduced to 0.25
job_employee__job_oriented,hofstede,job_employee,job_oriented,work expected,0.6163,0.5,,0.5,0,0.5,59,False,,
job_employee__job_oriented,hofstede,job_employee,job_oriented,open work,0.6157,0.5,,0.5,1,0.3333,55,False,open_closed__open_system,
job_employee__job_oriented,hofstede,job_employee,job_oriented,work environment,0.6139,0.5,,0.5,1,0.3333,7966,False,job_employee__employee_oriented,
job_employee__job_oriented,hofstede,job_employee,job_oriented,reasonable work,0.6137,0.5,,0.5,1,0.3333,90,False,pragmatic_normative__pragmatic,
job_employee__job_oriented,hofstede,job_employee,job_oriented,work timings,0.6136,0.5,,0.5,0,0.5,184,False,,
job_employee__job_oriented,hofstede,job_employee,job_oriented,work hard,0.6131,0.5,,0.5,0,0.5,1396,False,,
job_employee__job_oriented,hofstede,job_employee,job_oriented,from working,0.613,0.5,,0.5,0,0.5,78,False,,
job_employee__job_oriented,hofstede,job_employee,job_oriented,working environment,0.613,0.5,,0.5,1,0.3333,3758,False,job_employee__employee_oriented,
job_employee__job_oriented,hofstede,job_employee,job_oriented,job,0.6129,0.5,,0.5,3,0.2,20885,False,process_results__results_oriented; mit__execution; mit__integrity,
job_employee__job_oriented,hofstede,job_employee,job_oriented,working the,0.6122,0.5,0.25,0.25,1,0.1667,516,False,mit__execution,Generic stopword/duplicated-token bigram — weight reduced to 0.25
job_employee__job_oriented,hofstede,job_employee,job_oriented,challenging tasks,0.6119,0.5,,0.5,0,0.5,64,False,,
job_employee__job_oriented,hofstede,job_employee,job_oriented,working from,0.6118,0.5,,0.5,0,0.5,746,False,,
job_employee__job_oriented,hofstede,job_employee,job_oriented,more focused,0.6114,0.5,,0.5,0,0.5,78,False,,
job_employee__job_oriented,hofstede,job_employee,job_oriented,working with,0.6114,0.5,0.25,0.25,4,0.0833,1731,False,process_results__process_oriented; open_closed__closed_system; mit__collaboration; mit__execution,Generic stopword/duplicated-token bigram — weight reduced to 0.25
job_employee__job_oriented,hofstede,job_employee,job_oriented,work life,0.6113,0.5,,0.5,1,0.3333,33507,False,job_employee__employee_oriented,
job_employee__job_oriented,hofstede,job_employee,job_oriented,want work,0.6108,0.5,,0.5,0,0.5,400,False,,
job_employee__job_oriented,hofstede,job_employee,job_oriented,work isn,0.6108,0.5,,0.5,0,0.5,84,False,,
job_employee__job_oriented,hofstede,job_employee,job_oriented,focus,0.6105,0.5,,0.5,0,0.5,3595,False,,
job_employee__job_oriented,hofstede,job_employee,job_oriented,work through,0.6105,0.5,,0.5,3,0.2,67,False,process_results__process_oriented; mit__collaboration; mit__execution,
job_employee__job_oriented,hofstede,job_employee,job_oriented,workplace and,0.6104,0.5,0.25,0.25,3,0.1,98,False,job_employee__employee_oriented; tight_loose__tight_control; mit__collaboration,Generic stopword/duplicated-token bigram — weight reduced to 0.25
job_employee__job_oriented,hofstede,job_employee,job_oriented,jobs and,0.6102,0.5,0.25,0.25,0,0.25,184,False,,Generic stopword/duplicated-token bigram — weight reduced to 0.25
job_employee__job_oriented,hofstede,job_employee,job_oriented,tech work,0.6098,0.5,,0.5,1,0.3333,72,False,professional_parochial__professional,
job_employee__job_oriented,hofstede,job_employee,job_oriented,work less,0.6096,0.5,,0.5,0,0.5,144,False,,
job_employee__job_oriented,hofstede,job_employee,job_oriented,place work,0.6095,0.5,,0.5,0,0.5,19925,False,,
job_employee__job_oriented,hofstede,job_employee,job_oriented,heavy work,0.6093,0.5,,0.5,0,0.5,144,False,,
job_employee__job_oriented,hofstede,job_employee,job_oriented,work loads,0.6086,0.5,,0.5,0,0.5,70,False,,
job_employee__job_oriented,hofstede,job_employee,job_oriented,work friendly,0.6086,0.5,,0.5,1,0.3333,98,False,job_employee__employee_oriented,
job_employee__job_oriented,hofstede,job_employee,job_oriented,job performance,0.6085,0.5,,0.5,1,0.3333,76,False,mit__performance,
job_employee__job_oriented,hofstede,job_employee,job_oriented,work ethic,0.6084,0.5,,0.5,2,0.25,411,False,job_employee__employee_oriented; pragmatic_normative__normative,
job_employee__job_oriented,hofstede,job_employee,job_oriented,repetitive tasks,0.6075,0.5,,0.5,0,0.5,109,False,,
job_employee__job_oriented,hofstede,job_employee,job_oriented,projects work,0.6068,0.5,,0.5,0,0.5,178,False,,
job_employee__job_oriented,hofstede,job_employee,job_oriented,working and,0.6064,0.5,0.25,0.25,0,0.25,356,False,,Generic stopword/duplicated-token bigram — weight reduced to 0.25
job_employee__job_oriented,hofstede,job_employee,job_oriented,work company,0.6064,0.5,,0.5,2,0.25,116,False,job_employee__employee_oriented; professional_parochial__parochial,
job_employee__job_oriented,hofstede,job_employee,job_oriented,find work,0.6062,0.5,,0.5,0,0.5,53,False,,
job_employee__job_oriented,hofstede,job_employee,job_oriented,center work,0.6061,0.5,,0.5,0,0.5,62,False,,
job_employee__job_oriented,hofstede,job_employee,job_oriented,work quality,0.606,0.5,,0.5,2,0.25,103,False,job_employee__employee_oriented; mit__performance,
job_employee__job_oriented,hofstede,job_employee,job_oriented,workload,0.6055,0.5,,0.5,0,0.5,2549,False,,
job_employee__job_oriented,hofstede,job_employee,job_oriented,work within,0.6053,0.5,,0.5,1,0.3333,70,False,open_closed__open_system,
job_employee__job_oriented,hofstede,job_employee,job_oriented,low work,0.6051,0.5,,0.5,0,0.5,147,False,,
job_employee__job_oriented,hofstede,job_employee,job_oriented,working together,0.6051,0.5,,0.5,2,0.25,84,False,job_employee__employee_oriented; mit__collaboration,
job_employee__job_oriented,hofstede,job_employee,job_oriented,worklife,0.605,0.5,,0.5,1,0.3333,561,False,job_employee__employee_oriented,
job_employee__job_oriented,hofstede,job_employee,job_oriented,work smart,0.6049,0.5,,0.5,0,0.5,96,False,,
job_employee__job_oriented,hofstede,job_employee,job_oriented,work while,0.6048,0.5,,0.5,0,0.5,70,False,,
job_employee__job_oriented,hofstede,job_employee,job_oriented,employee work,0.6044,0.5,,0.5,1,0.3333,52,False,job_employee__employee_oriented,
job_employee__job_oriented,hofstede,job_employee,job_oriented,working experience,0.6041,0.5,,0.5,2,0.25,201,False,job_employee__employee_oriented; professional_parochial__professional,
job_employee__job_oriented,hofstede,job_employee,job_oriented,project work,0.6035,0.5,,0.5,0,0.5,110,False,,
job_employee__job_oriented,hofstede,job_employee,job_oriented,focused the,0.6034,0.5,0.25,0.25,0,0.25,99,False,,Generic stopword/duplicated-token bigram — weight reduced to 0.25
job_employee__job_oriented,hofstede,job_employee,job_oriented,work difficult,0.6033,0.5,,0.5,0,0.5,55,False,,
job_employee__job_oriented,hofstede,job_employee,job_oriented,professional work,0.6023,0.5,,0.5,1,0.3333,167,False,professional_parochial__professional,
job_employee__job_oriented,hofstede,job_employee,job_oriented,flexible working,0.602,0.5,,0.5,2,0.25,1636,False,tight_loose__loose_control; pragmatic_normative__pragmatic,
job_employee__job_oriented,hofstede,job_employee,job_oriented,work lack,0.6016,0.5,,0.5,0,0.5,109,False,,
job_employee__job_oriented,hofstede,job_employee,job_oriented,workplace for,0.6012,0.5,0.25,0.25,1,0.1667,54,False,job_employee__employee_oriented,Generic stopword/duplicated-token bigram — weight reduced to 0.25
job_employee__job_oriented,hofstede,job_employee,job_oriented,like work,0.6004,0.5,,0.5,0,0.5,188,False,,
job_employee__job_oriented,hofstede,job_employee,job_oriented,mundane work,0.5993,0.5,,0.5,0,0.5,68,False,,
job_employee__job_oriented,hofstede,job_employee,job_oriented,processing,0.5989,0.5,,0.5,4,0.1667,379,False,process_results__process_oriented; process_results__results_oriented; tight_loose__tight_control; mit__execution,
job_employee__job_oriented,hofstede,job_employee,job_oriented,for working,0.5979,0.5,0.25,0.25,0,0.25,429,False,,Generic stopword/duplicated-token bigram — weight reduced to 0.25
job_employee__job_oriented,hofstede,job_employee,job_oriented,supportive work,0.5971,0.5,,0.5,2,0.25,177,False,job_employee__employee_oriented; mit__respect,
job_employee__job_oriented,hofstede,job_employee,job_oriented,work required,0.5971,0.5,,0.5,0,0.5,63,False,,
job_employee__job_oriented,hofstede,job_employee,job_oriented,work opportunity,0.5968,0.5,,0.5,0,0.5,58,False,,
job_employee__job_oriented,hofstede,job_employee,job_oriented,training work,0.5966,0.5,,0.5,0,0.5,85,False,,
job_employee__job_oriented,hofstede,job_employee,job_oriented,office,0.596,0.5,,0.5,0,0.5,15802,False,,
job_employee__job_oriented,hofstede,job_employee,job_oriented,prepared work,0.596,0.5,,0.5,2,0.25,117,False,process_results__process_oriented; mit__execution,
job_employee__job_oriented,hofstede,job_employee,job_oriented,hardwork,0.5959,0.5,,0.5,0,0.5,63,False,,
job_employee__job_oriented,hofstede,job_employee,job_oriented,overworking,0.5959,0.5,,0.5,0,0.5,50,False,,
job_employee__job_oriented,hofstede,job_employee,job_oriented,comfortable work,0.5955,0.5,,0.5,0,0.5,81,False,,
job_employee__job_oriented,hofstede,job_employee,job_oriented,are focused,0.5952,0.5,0.25,0.25,0,0.25,53,False,,Generic stopword/duplicated-token bigram — weight reduced to 0.25
job_employee__job_oriented,hofstede,job_employee,job_oriented,work call,0.5951,0.5,,0.5,0,0.5,52,False,,
job_employee__job_oriented,hofstede,job_employee,job_oriented,workloads,0.5949,0.5,,0.5,0,0.5,205,False,,
job_employee__job_oriented,hofstede,job_employee,job_oriented,off work,0.5948,0.5,,0.5,0,0.5,98,False,,
job_employee__job_oriented,hofstede,job_employee,job_oriented,workload good,0.5948,0.5,,0.5,0,0.5,70,False,,
job_employee__job_oriented,hofstede,job_employee,job_oriented,difficult work,0.5939,0.5,,0.5,0,0.5,237,False,,
job_employee__job_oriented,hofstede,job_employee,job_oriented,work done,0.5935,0.5,,0.5,0,0.5,548,False,,
job_employee__job_oriented,hofstede,job_employee,job_oriented,operate,0.5918,0.5,,0.5,5,0.1429,188,False,process_results__process_oriented; process_results__results_oriented; tight_loose__tight_control; tight_loose__loose_control; mit__execution,
job_employee__job_oriented,hofstede,job_employee,job_oriented,work most,0.5918,0.5,,0.5,0,0.5,95,False,,
open_closed__closed_system,hofstede,open_closed,closed_system,the culture,0.5935,0.5,0.25,0.25,4,0.0833,2227,False,open_closed__open_system; mit__diversity; mit__integrity; mit__respect,Generic stopword/duplicated-token bigram — weight reduced to 0.25
open_closed__closed_system,hofstede,open_closed,closed_system,culture,0.5885,0.5,,0.5,4,0.1667,46353,False,open_closed__open_system; mit__diversity; mit__integrity; mit__respect,
open_closed__closed_system,hofstede,open_closed,closed_system,social,0.5817,0.5,,0.5,3,0.2,1158,False,tight_loose__loose_control; mit__collaboration; mit__integrity,
open_closed__closed_system,hofstede,open_closed,closed_system,dealing with,0.5714,0.5,0.25,0.25,4,0.0833,383,False,pragmatic_normative__normative; mit__execution; mit__integrity; mit__respect,Generic stopword/duplicated-token bigram — weight reduced to 0.25
open_closed__closed_system,hofstede,open_closed,closed_system,cultural,0.57,0.5,,0.5,3,0.2,466,False,open_closed__open_system; mit__diversity; mit__integrity,
open_closed__closed_system,hofstede,open_closed,closed_system,the community,0.5698,0.5,0.25,0.25,1,0.1667,229,False,mit__collaboration,Generic stopword/duplicated-token bigram — weight reduced to 0.25
open_closed__closed_system,hofstede,open_closed,closed_system,determined,0.5695,0.5,,0.5,5,0.1429,141,False,process_results__results_oriented; tight_loose__loose_control; pragmatic_normative__pragmatic; pragmatic_normative__normative; mit__agility,
open_closed__closed_system,hofstede,open_closed,closed_system,culture and,0.5694,0.5,0.25,0.25,4,0.0833,6106,False,open_closed__open_system; mit__diversity; mit__integrity; mit__respect,Generic stopword/duplicated-token bigram — weight reduced to 0.25
open_closed__closed_system,hofstede,open_closed,closed_system,colleagues with,0.5689,0.5,0.25,0.25,1,0.1667,62,False,mit__collaboration,Generic stopword/duplicated-token bigram — weight reduced to 0.25
open_closed__closed_system,hofstede,open_closed,closed_system,culture with,0.5678,0.5,0.25,0.25,1,0.1667,643,False,mit__diversity,Generic stopword/duplicated-token bigram — weight reduced to 0.25
open_closed__closed_system,hofstede,open_closed,closed_system,circumstances,0.5655,0.5,,0.5,1,0.3333,89,False,process_results__process_oriented,
open_closed__closed_system,hofstede,open_closed,closed_system,cliquey,0.5643,1,,1.0,0,1.0,136,True,,
open_closed__closed_system,hofstede,open_closed,closed_system,challenging,0.5639,0.5,,0.5,1,0.3333,4365,False,open_closed__open_system,
open_closed__closed_system,hofstede,open_closed,closed_system,resistant,0.5628,1,,1.0,0,1.0,101,True,,
open_closed__closed_system,hofstede,open_closed,closed_system,outsiders,0.5625,0.5,,0.5,0,0.5,67,False,,
open_closed__closed_system,hofstede,open_closed,closed_system,struggle,0.5603,0.5,,0.5,0,0.5,308,False,,
open_closed__closed_system,hofstede,open_closed,closed_system,mutual,0.5599,0.5,0.25,0.25,1,0.1667,447,False,mit__collaboration,Mixed polarity — reduce weight (override 0.25)
open_closed__closed_system,hofstede,open_closed,closed_system,socially,0.5598,0.5,,0.5,0,0.5,54,False,,
open_closed__closed_system,hofstede,open_closed,closed_system,involved with,0.5591,0.5,0.25,0.25,2,0.125,130,False,tight_loose__loose_control; mit__collaboration,Generic stopword/duplicated-token bigram — weight reduced to 0.25
open_closed__closed_system,hofstede,open_closed,closed_system,the rules,0.559,0.5,0.25,0.25,3,0.1,63,False,process_results__process_oriented; tight_loose__tight_control; mit__integrity,Generic stopword/duplicated-token bigram — weight reduced to 0.25
open_closed__closed_system,hofstede,open_closed,closed_system,understanding,0.5581,0.5,0.25,0.25,5,0.0714,1119,False,open_closed__open_system; pragmatic_normative__pragmatic; pragmatic_normative__normative; mit__integrity; mit__respect,Mixed polarity — reduce weight (override 0.25)
open_closed__closed_system,hofstede,open_closed,closed_system,breaking,0.5575,0.5,,0.5,0,0.5,91,False,,
open_closed__closed_system,hofstede,open_closed,closed_system,community,0.5574,0.5,0.25,0.25,1,0.1667,1417,False,mit__collaboration,Mixed polarity — reduce weight (override 0.25)
open_closed__closed_system,hofstede,open_closed,closed_system,broad,0.5566,0.5,0.25,0.25,1,0.1667,321,False,pragmatic_normative__pragmatic,Mixed polarity — reduce weight (override 0.25)
open_closed__closed_system,hofstede,open_closed,closed_system,culture they,0.5558,0.5,0.25,0.25,1,0.1667,160,False,mit__diversity,Generic stopword/duplicated-token bigram — weight reduced to 0.25
open_closed__closed_system,hofstede,open_closed,closed_system,strong culture,0.5553,0.5,,0.5,0,0.5,491,False,,
open_closed__closed_system,hofstede,open_closed,closed_system,community and,0.553,0.5,0.25,0.25,2,0.125,142,False,mit__collaboration; mit__diversity,Mixed polarity — reduce weight (override 0.25)
open_closed__closed_system,hofstede,open_closed,closed_system,tough culture,0.5529,0.5,,0.5,0,0.5,64,False,,
open_closed__closed_system,hofstede,open_closed,closed_system,tricky,0.5524,0.5,,0.5,0,0.5,124,False,,
open_closed__closed_system,hofstede,open_closed,closed_system,with colleagues,0.5517,0.5,0.25,0.25,1,0.1667,175,False,mit__collaboration,Generic stopword/duplicated-token bigram — weight reduced to 0.25
open_closed__closed_system,hofstede,open_closed,closed_system,culture the,0.5512,0.5,0.25,0.25,1,0.1667,894,False,mit__diversity,Generic stopword/duplicated-token bigram — weight reduced to 0.25
open_closed__closed_system,hofstede,open_closed,closed_system,keeping,0.5493,0.25,,0.25,2,0.125,424,False,mit__integrity; mit__respect,
open_closed__closed_system,hofstede,open_closed,closed_system,culture some,0.549,0.25,,0.25,2,0.125,148,False,open_closed__open_system; mit__diversity,
open_closed__closed_system,hofstede,open_closed,closed_system,communities,0.5486,0.25,,0.25,1,0.1667,75,False,mit__diversity,
open_closed__closed_system,hofstede,open_closed,closed_system,difficult,0.5476,0.25,,0.25,1,0.1667,6285,False,mit__agility,
open_closed__closed_system,hofstede,open_closed,closed_system,society,0.5475,0.25,,0.25,3,0.1,61,False,tight_loose__loose_control; mit__integrity; mit__respect,
open_closed__closed_system,hofstede,open_closed,closed_system,associated with,0.5472,0.25,,0.25,0,0.25,134,False,,
open_closed__closed_system,hofstede,open_closed,closed_system,how work,0.5449,0.25,,0.25,2,0.125,81,False,process_results__process_oriented; process_results__results_oriented,
open_closed__closed_system,hofstede,open_closed,closed_system,familiar with,0.5447,0.25,,0.25,0,0.25,76,False,,
open_closed__closed_system,hofstede,open_closed,closed_system,constructive,0.5435,0.25,0.25,0.25,3,0.1,114,False,open_closed__open_system; pragmatic_normative__normative; mit__integrity,Mixed polarity — reduce weight (override 0.25)
open_closed__closed_system,hofstede,open_closed,closed_system,competitive with,0.5435,0.25,,0.25,4,0.0833,190,False,open_closed__open_system; pragmatic_normative__pragmatic; mit__collaboration; mit__performance,
open_closed__closed_system,hofstede,open_closed,closed_system,strict,0.5429,0.25,,0.25,2,0.125,977,False,tight_loose__tight_control; mit__integrity,
open_closed__closed_system,hofstede,open_closed,closed_system,workplace with,0.5429,0.25,,0.25,2,0.125,89,False,job_employee__employee_oriented; mit__collaboration,
open_closed__closed_system,hofstede,open_closed,closed_system,struggles,0.5428,0.25,,0.25,0,0.25,82,False,,
open_closed__closed_system,hofstede,open_closed,closed_system,not clear,0.5427,0.25,,0.25,0,0.25,229,False,,
open_closed__closed_system,hofstede,open_closed,closed_system,modern,0.5419,0.25,0.25,0.25,0,0.25,601,False,,Mixed polarity — reduce weight (override 0.25)
open_closed__closed_system,hofstede,open_closed,closed_system,colleagues,0.5419,0.25,,0.25,1,0.1667,6875,False,mit__collaboration,
open_closed__closed_system,hofstede,open_closed,closed_system,culturally,0.5417,0.25,,0.25,4,0.0833,93,False,open_closed__open_system; mit__diversity; mit__integrity; mit__respect,
open_closed__closed_system,hofstede,open_closed,closed_system,experience with,0.5414,0.25,,0.25,2,0.125,572,False,open_closed__open_system; mit__customer_orientation,
open_closed__closed_system,hofstede,open_closed,closed_system,experiences,0.5406,0.25,,0.25,4,0.0833,580,False,open_closed__open_system; mit__diversity; mit__innovation; mit__integrity,
open_closed__closed_system,hofstede,open_closed,closed_system,confusion,0.5405,0.25,,0.25,1,0.1667,160,False,mit__diversity,
open_closed__closed_system,hofstede,open_closed,closed_system,expertise,0.5404,0.25,,0.25,3,0.1,464,False,professional_parochial__professional; open_closed__open_system; mit__innovation,
open_closed__closed_system,hofstede,open_closed,closed_system,culture this,0.5396,0.25,,0.25,1,0.1667,73,False,mit__diversity,
open_closed__closed_system,hofstede,open_closed,closed_system,inside,0.5394,0.25,,0.25,0,0.25,462,False,,
open_closed__closed_system,hofstede,open_closed,closed_system,colleagues the,0.5385,0.25,,0.25,1,0.1667,108,False,mit__collaboration,
open_closed__closed_system,hofstede,open_closed,closed_system,difficult and,0.5384,0.25,,0.25,0,0.25,145,False,,
open_closed__closed_system,hofstede,open_closed,closed_system,culture that,0.5382,0.25,,0.25,1,0.1667,403,False,mit__diversity,
open_closed__closed_system,hofstede,open_closed,closed_system,concerning,0.5381,0.25,,0.25,0,0.25,51,False,,
open_closed__closed_system,hofstede,open_closed,closed_system,culture but,0.5381,0.25,,0.25,1,0.1667,402,False,mit__diversity,
open_closed__closed_system,hofstede,open_closed,closed_system,respectful,0.538,0.25,0.25,0.25,4,0.0833,495,False,pragmatic_normative__normative; mit__diversity; mit__integrity; mit__respect,Mixed polarity — reduce weight (override 0.25)
open_closed__closed_system,hofstede,open_closed,closed_system,stuck with,0.5379,0.25,,0.25,0,0.25,135,False,,
open_closed__closed_system,hofstede,open_closed,closed_system,influence,0.5376,0.25,,0.25,4,0.0833,210,False,open_closed__open_system; tight_loose__loose_control; pragmatic_normative__normative; mit__integrity,
open_closed__closed_system,hofstede,open_closed,closed_system,politics,0.537,1,,1.0,0,1.0,7510,True,,
open_closed__closed_system,hofstede,open_closed,closed_system,challenging for,0.5358,0.25,,0.25,0,0.25,78,False,,
open_closed__closed_system,hofstede,open_closed,closed_system,working with,0.5353,0.25,,0.25,4,0.0833,1731,False,process_results__process_oriented; job_employee__job_oriented; mit__collaboration; mit__execution,
open_closed__closed_system,hofstede,open_closed,closed_system,straightforward,0.5352,0.25,0.25,0.25,4,0.0833,85,False,process_results__process_oriented; tight_loose__loose_control; pragmatic_normative__pragmatic; mit__agility,Mixed polarity — reduce weight (override 0.25)
open_closed__closed_system,hofstede,open_closed,closed_system,wall,0.5349,0.25,,0.25,0,0.25,502,False,,
open_closed__closed_system,hofstede,open_closed,closed_system,dealing,0.5348,0.25,,0.25,3,0.1,410,False,pragmatic_normative__normative; mit__execution; mit__respect,
open_closed__closed_system,hofstede,open_closed,closed_system,dealt with,0.5347,0.25,,0.25,2,0.125,60,False,mit__integrity; mit__respect,
open_closed__closed_system,hofstede,open_closed,closed_system,from colleagues,0.5338,0.25,,0.25,0,0.25,68,False,,
open_closed__closed_system,hofstede,open_closed,closed_system,increasingly,0.5337,0.25,,0.25,3,0.1,191,False,open_closed__open_system; pragmatic_normative__pragmatic; mit__innovation,
open_closed__closed_system,hofstede,open_closed,closed_system,difficult change,0.5336,0.25,,0.25,0,0.25,50,False,,
open_closed__closed_system,hofstede,open_closed,closed_system,discussion,0.5336,0.25,0.25,0.25,0,0.25,129,False,,Mixed polarity — reduce weight (override 0.25)
open_closed__closed_system,hofstede,open_closed,closed_system,hardworking,0.5336,0.25,0.25,0.25,4,0.0833,460,False,process_results__results_oriented; job_employee__job_oriented; tight_loose__loose_control; pragmatic_normative__pragmatic,Mixed polarity — reduce weight (override 0.25)
open_closed__closed_system,hofstede,open_closed,closed_system,competitive the,0.5335,0.25,,0.25,0,0.25,123,False,,
open_closed__closed_system,hofstede,open_closed,closed_system,together,0.5334,0.25,0.25,0.25,1,0.1667,664,False,mit__collaboration,Mixed polarity — reduce weight (override 0.25)
open_closed__closed_system,hofstede,open_closed,closed_system,culture one,0.5334,0.25,,0.25,1,0.1667,83,False,mit__diversity,
open_closed__closed_system,hofstede,open_closed,closed_system,the politics,0.5328,0.25,,0.25,0,0.25,159,False,,
open_closed__closed_system,hofstede,open_closed,closed_system,culture here,0.5326,0.25,,0.25,0,0.25,106,False,,
open_closed__closed_system,hofstede,open_closed,closed_system,isolated,0.5323,0.25,,0.25,1,0.1667,127,False,mit__diversity,
open_closed__closed_system,hofstede,open_closed,closed_system,culture bit,0.531,0.25,,0.25,1,0.1667,62,False,mit__diversity,
open_closed__closed_system,hofstede,open_closed,closed_system,apart from,0.5308,0.25,,0.25,2,0.125,266,False,pragmatic_normative__pragmatic; mit__diversity,
open_closed__closed_system,hofstede,open_closed,closed_system,internal,0.5304,0.25,,0.25,0,0.25,5568,False,,
open_closed__closed_system,hofstede,open_closed,closed_system,conflict,0.5303,0.25,,0.25,2,0.125,107,False,mit__collaboration; mit__diversity,
open_closed__closed_system,hofstede,open_closed,closed_system,against,0.5301,0.25,,0.25,0,0.25,739,False,,
open_closed__closed_system,hofstede,open_closed,closed_system,unknown,0.5295,0.25,,0.25,0,0.25,61,False,,
open_closed__closed_system,hofstede,open_closed,closed_system,strict and,0.5294,0.25,,0.25,1,0.1667,56,False,tight_loose__tight_control,
open_closed__closed_system,hofstede,open_closed,closed_system,politics the,0.5286,0.25,,0.25,0,0.25,166,False,,
open_closed__closed_system,hofstede,open_closed,closed_system,unclear,0.5285,0.25,,0.25,1,0.1667,510,False,mit__diversity,
open_closed__closed_system,hofstede,open_closed,closed_system,complicated and,0.5284,0.25,,0.25,1,0.1667,50,False,pragmatic_normative__pragmatic,
open_closed__closed_system,hofstede,open_closed,closed_system,involved,0.5283,0.25,0.25,0.25,1,0.1667,1000,False,mit__collaboration,Mixed polarity — reduce weight (override 0.25)
open_closed__closed_system,hofstede,open_closed,closed_system,political,0.5282,0.25,,0.25,0,0.25,3070,False,,
open_closed__closed_system,hofstede,open_closed,closed_system,culture hard,0.5281,0.25,,0.25,0,0.25,98,False,,
open_closed__closed_system,hofstede,open_closed,closed_system,understanding the,0.5278,0.25,0.25,0.25,1,0.1667,172,False,pragmatic_normative__normative,Mixed polarity — reduce weight (override 0.25)
open_closed__closed_system,hofstede,open_closed,closed_system,ties,0.5276,0.25,,0.25,0,0.25,54,False,,
open_closed__closed_system,hofstede,open_closed,closed_system,there culture,0.5276,0.25,,0.25,1,0.1667,81,False,mit__diversity,
open_closed__closed_system,hofstede,open_closed,closed_system,culture changing,0.5275,0.25,,0.25,1,0.1667,54,False,mit__diversity,
open_closed__closed_system,hofstede,open_closed,closed_system,difficulty,0.5273,0.25,,0.25,1,0.1667,183,False,mit__agility,
open_closed__closed_system,hofstede,open_closed,closed_system,some politics,0.5272,0.25,,0.25,0,0.25,79,False,,
open_closed__closed_system,hofstede,open_closed,closed_system,away with,0.527,0.25,,0.25,0,0.25,170,False,,
open_closed__closed_system,hofstede,open_closed,closed_system,welcoming,0.5268,0.25,,0.25,3,0.1,761,False,open_closed__open_system; mit__diversity; mit__respect,
open_closed__closed_system,hofstede,open_closed,closed_system,living,0.5268,0.25,,0.25,1,0.1667,627,False,mit__respect,
open_closed__closed_system,hofstede,open_closed,closed_system,culture all,0.5266,0.25,,0.25,1,0.1667,80,False,mit__diversity,
open_closed__closed_system,hofstede,open_closed,closed_system,peer,0.5266,0.25,,0.25,1,0.1667,365,False,mit__collaboration,
open_closed__closed_system,hofstede,open_closed,closed_system,apart,0.5265,0.25,,0.25,2,0.125,413,False,mit__collaboration; mit__diversity,
open_closed__closed_system,hofstede,open_closed,closed_system,progressive,0.5264,0.25,,0.25,1,0.1667,348,False,tight_loose__loose_control,
open_closed__closed_system,hofstede,open_closed,closed_system,traditional,0.526,1,,1.0,0,1.0,471,True,,
open_closed__closed_system,hofstede,open_closed,closed_system,culture from,0.5257,0.25,,0.25,0,0.25,55,False,,
open_closed__closed_system,hofstede,open_closed,closed_system,groups,0.5256,0.25,,0.25,2,0.125,1395,False,mit__collaboration; mit__diversity,
open_closed__closed_system,hofstede,open_closed,closed_system,discuss,0.5255,0.25,,0.25,1,0.1667,226,False,mit__collaboration,
open_closed__closed_system,hofstede,open_closed,closed_system,style and,0.5254,0.25,,0.25,0,0.25,52,False,,
open_closed__closed_system,hofstede,open_closed,closed_system,associated,0.5254,0.25,,0.25,0,0.25,177,False,,
open_closed__closed_system,hofstede,open_closed,closed_system,spread,0.5251,0.25,,0.25,0,0.25,192,False,,
open_closed__closed_system,hofstede,open_closed,closed_system,counterparts,0.525,0.25,,0.25,0,0.25,128,False,,
open_closed__closed_system,hofstede,open_closed,closed_system,consensus,0.525,0.25,,0.25,1,0.1667,215,False,mit__collaboration,
open_closed__closed_system,hofstede,open_closed,closed_system,friendly culture,0.5249,0.25,,0.25,0,0.25,348,False,,
open_closed__closed_system,hofstede,open_closed,closed_system,complicated,0.5249,0.25,,0.25,0,0.25,413,False,,
open_closed__closed_system,hofstede,open_closed,closed_system,respectable,0.5248,0.25,,0.25,2,0.125,105,False,mit__integrity; mit__respect,
open_closed__closed_system,hofstede,open_closed,closed_system,the situation,0.5247,0.25,,0.25,0,0.25,86,False,,
open_closed__closed_system,hofstede,open_closed,closed_system,culture very,0.5247,0.25,,0.25,0,0.25,908,False,,
open_closed__closed_system,hofstede,open_closed,closed_system,culture strong,0.5246,0.25,,0.25,0,0.25,133,False,,
open_closed__closed_system,hofstede,open_closed,closed_system,disorganised,0.5246,0.25,,0.25,0,0.25,71,False,,
open_closed__closed_system,hofstede,open_closed,closed_system,workplace,0.5245,0.25,,0.25,3,0.1,2553,False,job_employee__job_oriented; job_employee__employee_oriented; mit__collaboration,
open_closed__closed_system,hofstede,open_closed,closed_system,being made,0.5243,0.25,,0.25,2,0.125,82,False,tight_loose__loose_control; mit__innovation,
open_closed__closed_system,hofstede,open_closed,closed_system,failure,0.5241,0.25,,0.25,0,0.25,157,False,,
open_closed__closed_system,hofstede,open_closed,closed_system,anti,0.5241,0.25,,0.25,0,0.25,72,False,,
open_closed__closed_system,hofstede,open_closed,closed_system,knowledge,0.524,0.25,,0.25,3,0.1,3109,False,open_closed__open_system; pragmatic_normative__normative; mit__innovation,
open_closed__closed_system,hofstede,open_closed,closed_system,competition and,0.5239,0.25,,0.25,5,0.0714,78,False,process_results__results_oriented; open_closed__open_system; pragmatic_normative__pragmatic; mit__innovation; mit__performance,
open_closed__closed_system,hofstede,open_closed,closed_system,approach,0.5238,0.25,,0.25,4,0.0833,973,False,process_results__process_oriented; pragmatic_normative__pragmatic; pragmatic_normative__normative; mit__innovation,
open_closed__closed_system,hofstede,open_closed,closed_system,enforced,0.5238,0.25,,0.25,2,0.125,56,False,process_results__process_oriented; tight_loose__tight_control,
open_closed__closed_system,hofstede,open_closed,closed_system,back culture,0.5237,0.25,,0.25,0,0.25,82,False,,
open_closed__closed_system,hofstede,open_closed,closed_system,inclusivity,0.5236,0.25,,0.25,0,0.25,80,False,,
open_closed__closed_system,hofstede,open_closed,closed_system,surrounded,0.5235,0.25,,0.25,0,0.25,461,False,,
open_closed__closed_system,hofstede,open_closed,closed_system,difficulties,0.5234,0.25,,0.25,0,0.25,97,False,,
open_closed__closed_system,hofstede,open_closed,closed_system,putting,0.5233,0.25,,0.25,0,0.25,371,False,,
open_closed__closed_system,hofstede,open_closed,closed_system,disorganized,0.5232,0.25,,0.25,0,0.25,453,False,,
open_closed__closed_system,hofstede,open_closed,closed_system,outsider,0.5231,0.25,,0.25,0,0.25,51,False,,
open_closed__closed_system,hofstede,open_closed,closed_system,established,0.5228,0.25,,0.25,0,0.25,587,False,,
open_closed__closed_system,hofstede,open_closed,closed_system,choosing,0.5228,0.25,,0.25,2,0.125,52,False,open_closed__open_system; mit__diversity,
open_closed__closed_system,hofstede,open_closed,closed_system,colleagues very,0.5227,0.25,,0.25,0,0.25,93,False,,
open_closed__closed_system,hofstede,open_closed,closed_system,tolerated,0.5226,0.25,,0.25,1,0.1667,99,False,mit__respect,
open_closed__closed_system,hofstede,open_closed,closed_system,the industry,0.5225,0.25,,0.25,5,0.0714,3207,False,professional_parochial__professional; tight_loose__loose_control; pragmatic_normative__pragmatic; mit__customer_orientation; mit__innovation,
open_closed__closed_system,hofstede,open_closed,closed_system,problem with,0.5223,0.25,,0.25,0,0.25,84,False,,
open_closed__closed_system,hofstede,open_closed,closed_system,design,0.5223,0.25,,0.25,8,0.05,306,False,process_results__process_oriented; open_closed__open_system; tight_loose__tight_control; tight_loose__loose_control; pragmatic_normative__pragmatic; pragmatic_normative__normative; mit__diversity; mit__innovation,
open_closed__closed_system,hofstede,open_closed,closed_system,them with,0.5222,0.25,,0.25,0,0.25,93,False,,
open_closed__closed_system,hofstede,open_closed,closed_system,complex,0.5221,0.25,,0.25,2,0.125,926,False,tight_loose__loose_control; pragmatic_normative__normative,
open_closed__closed_system,hofstede,open_closed,closed_system,changing,0.5218,0.25,,0.25,2,0.125,1496,False,open_closed__open_system; mit__agility,
open_closed__closed_system,hofstede,open_closed,closed_system,decisions,0.5216,0.25,,0.25,7,0.0556,1797,False,process_results__process_oriented; process_results__results_oriented; tight_loose__tight_control; tight_loose__loose_control; pragmatic_normative__pragmatic; pragmatic_normative__normative; mit__integrity,
open_closed__closed_system,hofstede,open_closed,closed_system,discussions,0.5213,0.25,,0.25,0,0.25,112,False,,
open_closed__closed_system,hofstede,open_closed,closed_system,strong,0.521,0.25,,0.25,1,0.1667,5423,False,mit__agility,
open_closed__closed_system,hofstede,open_closed,closed_system,secure,0.521,0.25,,0.25,2,0.125,324,False,mit__integrity; mit__respect,
open_closed__closed_system,hofstede,open_closed,closed_system,politically,0.521,0.25,,0.25,0,0.25,139,False,,
open_closed__closed_system,hofstede,open_closed,closed_system,respected,0.5209,0.25,,0.25,2,0.125,677,False,mit__integrity; mit__respect,
open_closed__closed_system,hofstede,open_closed,closed_system,experience people,0.5206,0.25,,0.25,1,0.1667,59,False,open_closed__open_system,
open_closed__closed_system,hofstede,open_closed,closed_system,the knowledge,0.5205,0.25,,0.25,2,0.125,93,False,pragmatic_normative__normative; mit__innovation,
open_closed__closed_system,hofstede,open_closed,closed_system,rules,0.5205,0.25,,0.25,2,0.125,614,False,process_results__process_oriented; tight_loose__tight_control,
open_closed__closed_system,hofstede,open_closed,closed_system,respect and,0.5204,0.25,,0.25,4,0.0833,146,False,pragmatic_normative__normative; mit__diversity; mit__integrity; mit__respect,
open_closed__closed_system,hofstede,open_closed,closed_system,disorganized and,0.5203,0.25,,0.25,0,0.25,91,False,,
open_closed__closed_system,hofstede,open_closed,closed_system,against the,0.5201,0.25,,0.25,0,0.25,94,False,,
open_closed__closed_system,hofstede,open_closed,closed_system,the business,0.5201,0.25,,0.25,3,0.1,2048,False,tight_loose__loose_control; pragmatic_normative__normative; mit__customer_orientation,
open_closed__closed_system,hofstede,open_closed,closed_system,situations,0.5199,0.25,,0.25,4,0.0833,249,False,process_results__results_oriented; pragmatic_normative__pragmatic; pragmatic_normative__normative; mit__diversity,
open_closed__closed_system,hofstede,open_closed,closed_system,wear,0.5198,0.25,,0.25,0,0.25,230,False,,
open_closed__closed_system,hofstede,open_closed,closed_system,confused,0.5198,0.25,,0.25,0,0.25,135,False,,
open_closed__closed_system,hofstede,open_closed,closed_system,restrictive,0.5198,0.25,,0.25,1,0.1667,127,False,mit__diversity,
open_closed__closed_system,hofstede,open_closed,closed_system,learning,0.5198,0.25,,0.25,2,0.125,11139,False,open_closed__open_system; mit__innovation,
open_closed__closed_system,hofstede,open_closed,closed_system,authority,0.5195,0.25,,0.25,3,0.1,108,False,tight_loose__tight_control; tight_loose__loose_control; pragmatic_normative__normative,
open_closed__closed_system,hofstede,open_closed,closed_system,fashion,0.5195,0.25,,0.25,0,0.25,88,False,,
open_closed__closed_system,hofstede,open_closed,closed_system,discouraged,0.519,0.25,,0.25,0,0.25,131,False,,
open_closed__closed_system,hofstede,open_closed,closed_system,the workplace,0.5189,0.25,,0.25,4,0.0833,260,False,job_employee__job_oriented; job_employee__employee_oriented; tight_loose__loose_control; mit__collaboration,
open_closed__closed_system,hofstede,open_closed,closed_system,regarded,0.5187,0.25,,0.25,4,0.0833,104,False,open_closed__open_system; pragmatic_normative__pragmatic; mit__performance; mit__respect,
open_closed__closed_system,hofstede,open_closed,closed_system,narrow,0.5185,0.25,,0.25,0,0.25,143,False,,
open_closed__closed_system,hofstede,open_closed,closed_system,exposed,0.5183,0.25,,0.25,1,0.1667,196,False,mit__integrity,
open_closed__closed_system,hofstede,open_closed,closed_system,how the,0.5183,0.25,,0.25,0,0.25,289,False,,
open_closed__closed_system,hofstede,open_closed,closed_system,career the,0.5183,0.25,,0.25,3,0.1,301,False,process_results__results_oriented; professional_parochial__professional; open_closed__open_system,
open_closed__closed_system,hofstede,open_closed,closed_system,understand how,0.5182,0.25,,0.25,0,0.25,81,False,,
open_closed__closed_system,hofstede,open_closed,closed_system,respectful and,0.5182,0.25,,0.25,4,0.0833,74,False,pragmatic_normative__normative; mit__diversity; mit__integrity; mit__respect,
open_closed__closed_system,hofstede,open_closed,closed_system,culture there,0.518,0.25,,0.25,0,0.25,199,False,,
open_closed__closed_system,hofstede,open_closed,closed_system,cooperative,0.5179,0.25,,0.25,2,0.125,214,False,tight_loose__loose_control; mit__collaboration,
open_closed__closed_system,hofstede,open_closed,closed_system,education,0.5179,0.25,,0.25,2,0.125,957,False,professional_parochial__professional; open_closed__open_system,
open_closed__closed_system,hofstede,open_closed,closed_system,rules and,0.5179,0.25,,0.25,2,0.125,101,False,process_results__process_oriented; tight_loose__tight_control,
open_closed__open_system,hofstede,open_closed,open_system,perspectives,0.6367,0.5,,0.5,1,0.3333,95,False,mit__diversity,
open_closed__open_system,hofstede,open_closed,open_system,welcoming,0.6311,1,,1.0,3,0.4,761,True,open_closed__closed_system; mit__diversity; mit__respect,
open_closed__open_system,hofstede,open_closed,open_system,welcoming and,0.6255,0.5,0.25,0.25,2,0.125,166,False,mit__diversity; mit__respect,Generic stopword/duplicated-token bigram — weight reduced to 0.25
open_closed__open_system,hofstede,open_closed,open_system,new opportunities,0.6205,0.5,,0.5,1,0.3333,117,False,mit__innovation,
open_closed__open_system,hofstede,open_closed,open_system,diverse work,0.6199,0.5,,0.5,1,0.3333,80,False,mit__diversity,
open_closed__open_system,hofstede,open_closed,open_system,creativity and,0.6182,0.5,0.25,0.25,3,0.1,64,False,process_results__results_oriented; pragmatic_normative__pragmatic; mit__innovation,Generic stopword/duplicated-token bigram — weight reduced to 0.25
open_closed__open_system,hofstede,open_closed,open_system,diversity and,0.616,0.5,0.25,0.25,1,0.1667,629,False,mit__diversity,Generic stopword/duplicated-token bigram — weight reduced to 0.25
open_closed__open_system,hofstede,open_closed,open_system,open minded,0.6145,0.5,,0.5,0,0.5,153,False,,
open_closed__open_system,hofstede,open_closed,open_system,creativity,0.6143,0.5,,0.5,2,0.25,323,False,pragmatic_normative__pragmatic; mit__innovation,
open_closed__open_system,hofstede,open_closed,open_system,diversity work,0.61,0.5,,0.5,1,0.3333,61,False,mit__diversity,
open_closed__open_system,hofstede,open_closed,open_system,new ideas,0.6068,0.5,,0.5,1,0.3333,343,False,mit__innovation,
open_closed__open_system,hofstede,open_closed,open_system,open culture,0.6055,0.5,,0.5,1,0.3333,215,False,mit__diversity,
open_closed__open_system,hofstede,open_closed,open_system,diversity the,0.6038,0.5,0.25,0.25,1,0.1667,123,False,mit__diversity,Generic stopword/duplicated-token bigram — weight reduced to 0.25
open_closed__open_system,hofstede,open_closed,open_system,adapting,0.6012,0.5,,0.5,3,0.2,125,False,mit__agility; mit__diversity; mit__innovation,
open_closed__open_system,hofstede,open_closed,open_system,diverse and,0.5988,0.5,0.25,0.25,1,0.1667,197,False,mit__diversity,Generic stopword/duplicated-token bigram — weight reduced to 0.25
open_closed__open_system,hofstede,open_closed,open_system,diversity,0.5957,0.5,,0.5,1,0.3333,3291,False,mit__diversity,
open_closed__open_system,hofstede,open_closed,open_system,the diversity,0.5943,0.5,0.25,0.25,1,0.1667,63,False,mit__diversity,Generic stopword/duplicated-token bigram — weight reduced to 0.25
open_closed__open_system,hofstede,open_closed,open_system,the open,0.5897,0.5,0.25,0.25,0,0.25,59,False,,Generic stopword/duplicated-token bigram — weight reduced to 0.25
open_closed__open_system,hofstede,open_closed,open_system,opportunities the,0.5895,0.5,0.25,0.25,2,0.125,326,False,process_results__results_oriented; mit__diversity,Generic stopword/duplicated-token bigram — weight reduced to 0.25
open_closed__open_system,hofstede,open_closed,open_system,forward thinking,0.589,0.5,,0.5,1,0.3333,229,False,mit__innovation,
open_closed__open_system,hofstede,open_closed,open_system,learning and,0.5881,0.5,0.25,0.25,3,0.1,919,False,process_results__process_oriented; process_results__results_oriented; mit__innovation,Generic stopword/duplicated-token bigram — weight reduced to 0.25
open_closed__open_system,hofstede,open_closed,open_system,learning new,0.5829,0.5,,0.5,1,0.3333,159,False,mit__innovation,
open_closed__open_system,hofstede,open_closed,open_system,diverse,0.5824,0.5,,0.5,1,0.3333,1934,False,mit__diversity,
open_closed__open_system,hofstede,open_closed,open_system,engaging,0.5817,0.5,,0.5,1,0.3333,474,False,mit__integrity,
open_closed__open_system,hofstede,open_closed,open_system,learning,0.5805,0.5,,0.5,2,0.25,11139,False,open_closed__closed_system; mit__innovation,
open_closed__open_system,hofstede,open_closed,open_system,innovative and,0.5794,0.5,0.25,0.25,2,0.125,90,False,pragmatic_normative__pragmatic; mit__innovation,Generic stopword/duplicated-token bigram — weight reduced to 0.25
open_closed__open_system,hofstede,open_closed,open_system,engaging and,0.579,0.5,0.25,0.25,0,0.25,68,False,,Generic stopword/duplicated-token bigram — weight reduced to 0.25
open_closed__open_system,hofstede,open_closed,open_system,new skills,0.579,0.5,,0.5,1,0.3333,284,False,mit__innovation,
open_closed__open_system,hofstede,open_closed,open_system,cultural,0.5777,0.5,,0.5,3,0.2,466,False,open_closed__closed_system; mit__diversity; mit__integrity,
open_closed__open_system,hofstede,open_closed,open_system,receptive,0.5771,1,,1.0,0,1.0,86,True,,
open_closed__open_system,hofstede,open_closed,open_system,innovation,0.5771,0.5,,0.5,2,0.25,1407,False,pragmatic_normative__pragmatic; mit__innovation,
open_closed__open_system,hofstede,open_closed,open_system,ideas and,0.5771,0.5,0.25,0.25,1,0.1667,232,False,mit__innovation,Generic stopword/duplicated-token bigram — weight reduced to 0.25
open_closed__open_system,hofstede,open_closed,open_system,focus diversity,0.5745,0.5,,0.5,1,0.3333,78,False,mit__diversity,
open_closed__open_system,hofstede,open_closed,open_system,collaborative,0.5745,1,,1.0,1,0.6667,2381,True,mit__collaboration,
open_closed__open_system,hofstede,open_closed,open_system,innovative,0.5743,1,,1.0,2,0.5,963,True,pragmatic_normative__pragmatic; mit__innovation,
open_closed__open_system,hofstede,open_closed,open_system,diversity good,0.574,0.5,,0.5,1,0.3333,60,False,mit__diversity,
open_closed__open_system,hofstede,open_closed,open_system,openness,0.5738,0.5,,0.5,0,0.5,70,False,,
open_closed__open_system,hofstede,open_closed,open_system,welcoming environment,0.5697,0.5,,0.5,1,0.3333,67,False,mit__diversity,
open_closed__open_system,hofstede,open_closed,open_system,new projects,0.5696,0.5,,0.5,1,0.3333,93,False,mit__innovation,
open_closed__open_system,hofstede,open_closed,open_system,collaboration and,0.5671,0.5,0.25,0.25,1,0.1667,183,False,mit__collaboration,Generic stopword/duplicated-token bigram — weight reduced to 0.25
open_closed__open_system,hofstede,open_closed,open_system,thinking,0.5669,0.5,,0.5,1,0.3333,924,False,mit__innovation,
open_closed__open_system,hofstede,open_closed,open_system,thinking and,0.565,0.5,0.25,0.25,1,0.1667,98,False,mit__innovation,Generic stopword/duplicated-token bigram — weight reduced to 0.25
open_closed__open_system,hofstede,open_closed,open_system,learnings,0.5642,0.5,,0.5,1,0.3333,166,False,process_results__process_oriented,
open_closed__open_system,hofstede,open_closed,open_system,collaboration,0.5625,0.5,,0.5,1,0.3333,1151,False,mit__collaboration,
open_closed__open_system,hofstede,open_closed,open_system,innovate,0.5611,0.5,,0.5,1,0.3333,229,False,mit__innovation,
open_closed__open_system,hofstede,open_closed,open_system,diverse culture,0.5608,0.5,,0.5,1,0.3333,103,False,mit__diversity,
open_closed__open_system,hofstede,open_closed,open_system,expertise and,0.5601,0.5,0.25,0.25,3,0.1,61,False,process_results__process_oriented; professional_parochial__professional; mit__innovation,Generic stopword/duplicated-token bigram — weight reduced to 0.25
open_closed__open_system,hofstede,open_closed,open_system,positive experience,0.5591,0.5,,0.5,0,0.5,354,False,,
open_closed__open_system,hofstede,open_closed,open_system,experiences,0.559,0.5,,0.5,4,0.1667,580,False,open_closed__closed_system; mit__diversity; mit__innovation; mit__integrity,
open_closed__open_system,hofstede,open_closed,open_system,experience and,0.558,0.5,0.25,0.25,3,0.1,1147,False,mit__diversity; mit__innovation; mit__integrity,Generic stopword/duplicated-token bigram — weight reduced to 0.25
open_closed__open_system,hofstede,open_closed,open_system,ideas,0.558,0.5,,0.5,1,0.3333,1295,False,mit__innovation,
open_closed__open_system,hofstede,open_closed,open_system,minds,0.5576,0.5,,0.5,1,0.3333,332,False,mit__innovation,
open_closed__open_system,hofstede,open_closed,open_system,culture and,0.5573,0.5,0.25,0.25,4,0.0833,6106,False,open_closed__closed_system; mit__diversity; mit__integrity; mit__respect,Generic stopword/duplicated-token bigram — weight reduced to 0.25
open_closed__open_system,hofstede,open_closed,open_system,expertise,0.5566,0.5,,0.5,3,0.2,464,False,professional_parochial__professional; open_closed__closed_system; mit__innovation,
open_closed__open_system,hofstede,open_closed,open_system,innovation and,0.5549,0.5,0.25,0.25,1,0.1667,248,False,mit__innovation,Generic stopword/duplicated-token bigram — weight reduced to 0.25
open_closed__open_system,hofstede,open_closed,open_system,emerging,0.5543,0.5,,0.5,2,0.25,85,False,open_closed__closed_system; mit__innovation,
open_closed__open_system,hofstede,open_closed,open_system,willingness,0.5538,0.5,,0.5,2,0.25,159,False,pragmatic_normative__normative; mit__integrity,
open_closed__open_system,hofstede,open_closed,open_system,collaborative and,0.5537,0.5,0.25,0.25,1,0.1667,288,False,mit__collaboration,Generic stopword/duplicated-token bigram — weight reduced to 0.25
open_closed__open_system,hofstede,open_closed,open_system,insight into,0.5529,0.5,,0.5,1,0.3333,108,False,mit__innovation,
open_closed__open_system,hofstede,open_closed,open_system,projects,0.551,0.5,,0.5,1,0.3333,4645,False,mit__innovation,
open_closed__open_system,hofstede,open_closed,open_system,learn and,0.5498,0.25,,0.25,0,0.25,1560,False,,
open_closed__open_system,hofstede,open_closed,open_system,culture open,0.5496,0.25,,0.25,1,0.1667,72,False,mit__diversity,
open_closed__open_system,hofstede,open_closed,open_system,learnt,0.5495,0.25,,0.25,0,0.25,265,False,,
open_closed__open_system,hofstede,open_closed,open_system,the learning,0.5488,0.25,,0.25,0,0.25,162,False,,
open_closed__open_system,hofstede,open_closed,open_system,experience with,0.5487,0.25,,0.25,2,0.125,572,False,open_closed__closed_system; mit__customer_orientation,
open_closed__open_system,hofstede,open_closed,open_system,constructive,0.5487,0.25,,0.25,3,0.1,114,False,open_closed__closed_system; pragmatic_normative__normative; mit__integrity,
open_closed__open_system,hofstede,open_closed,open_system,newcomers,0.5477,0.25,,0.25,0,0.25,62,False,,
open_closed__open_system,hofstede,open_closed,open_system,experiences and,0.5476,0.25,,0.25,2,0.125,58,False,mit__innovation; mit__integrity,
open_closed__open_system,hofstede,open_closed,open_system,knowledge and,0.5476,0.25,,0.25,4,0.0833,395,False,process_results__process_oriented; tight_loose__tight_control; pragmatic_normative__normative; mit__innovation,
open_closed__open_system,hofstede,open_closed,open_system,idea what,0.5475,0.25,,0.25,1,0.1667,185,False,mit__innovation,
open_closed__open_system,hofstede,open_closed,open_system,making good,0.5474,0.25,,0.25,5,0.0714,59,False,process_results__results_oriented; pragmatic_normative__normative; mit__innovation; mit__integrity; mit__performance,
open_closed__open_system,hofstede,open_closed,open_system,cooperation,0.5473,0.25,,0.25,3,0.1,95,False,tight_loose__loose_control; mit__collaboration; mit__integrity,
open_closed__open_system,hofstede,open_closed,open_system,creative,0.5471,0.25,,0.25,1,0.1667,359,False,mit__innovation,
open_closed__open_system,hofstede,open_closed,open_system,for innovation,0.5464,0.25,,0.25,3,0.1,112,False,pragmatic_normative__pragmatic; pragmatic_normative__normative; mit__innovation,
open_closed__open_system,hofstede,open_closed,open_system,making,0.5461,0.25,,0.25,2,0.125,3269,False,open_closed__closed_system; mit__innovation,
open_closed__open_system,hofstede,open_closed,open_system,valuable experience,0.5457,0.25,,0.25,2,0.125,110,False,mit__integrity; mit__respect,
open_closed__open_system,hofstede,open_closed,open_system,inclusive and,0.545,0.25,,0.25,1,0.1667,194,False,mit__diversity,
open_closed__open_system,hofstede,open_closed,open_system,learning opportunities,0.545,0.25,,0.25,0,0.25,1779,False,,
open_closed__open_system,hofstede,open_closed,open_system,knowledge,0.5447,0.25,,0.25,3,0.1,3109,False,open_closed__closed_system; pragmatic_normative__normative; mit__innovation,
open_closed__open_system,hofstede,open_closed,open_system,collaborative culture,0.5446,0.25,,0.25,1,0.1667,422,False,mit__collaboration,
open_closed__open_system,hofstede,open_closed,open_system,diverse group,0.5443,0.25,,0.25,1,0.1667,50,False,mit__diversity,
open_closed__open_system,hofstede,open_closed,open_system,projects and,0.5439,0.25,,0.25,1,0.1667,449,False,mit__innovation,
open_closed__open_system,hofstede,open_closed,open_system,alternative,0.5439,0.25,,0.25,1,0.1667,140,False,mit__innovation,
open_closed__open_system,hofstede,open_closed,open_system,rewarding and,0.5437,0.25,,0.25,1,0.1667,72,False,process_results__results_oriented,
open_closed__open_system,hofstede,open_closed,open_system,welcoming culture,0.5432,0.25,,0.25,1,0.1667,68,False,mit__diversity,
open_closed__open_system,hofstede,open_closed,open_system,inclusive,0.5431,1,,1.0,1,0.6667,1255,True,mit__diversity,
open_closed__open_system,hofstede,open_closed,open_system,learning the,0.5429,0.25,,0.25,0,0.25,160,False,,
open_closed__open_system,hofstede,open_closed,open_system,collaborate,0.5422,0.25,,0.25,1,0.1667,248,False,mit__collaboration,
open_closed__open_system,hofstede,open_closed,open_system,diverse environment,0.5411,0.25,,0.25,1,0.1667,67,False,mit__diversity,
open_closed__open_system,hofstede,open_closed,open_system,good collaboration,0.54,0.25,,0.25,1,0.1667,66,False,mit__collaboration,
open_closed__open_system,hofstede,open_closed,open_system,alternatives,0.5397,0.25,,0.25,0,0.25,52,False,,
open_closed__open_system,hofstede,open_closed,open_system,culture,0.5396,0.25,,0.25,4,0.0833,46353,False,open_closed__closed_system; mit__diversity; mit__integrity; mit__respect,
open_closed__open_system,hofstede,open_closed,open_system,lot learning,0.5395,0.25,,0.25,0,0.25,278,False,,
open_closed__open_system,hofstede,open_closed,open_system,open work,0.5392,0.25,,0.25,1,0.1667,55,False,job_employee__job_oriented,
open_closed__open_system,hofstede,open_closed,open_system,skills the,0.539,0.25,,0.25,1,0.1667,103,False,professional_parochial__professional,
open_closed__open_system,hofstede,open_closed,open_system,rewarding,0.5383,0.25,,0.25,1,0.1667,1116,False,process_results__results_oriented,
open_closed__open_system,hofstede,open_closed,open_system,experiance,0.5381,0.25,,0.25,0,0.25,54,False,,
open_closed__open_system,hofstede,open_closed,open_system,new ways,0.538,0.25,,0.25,1,0.1667,50,False,mit__innovation,
open_closed__open_system,hofstede,open_closed,open_system,education and,0.538,0.25,,0.25,0,0.25,111,False,,
open_closed__open_system,hofstede,open_closed,open_system,provides opportunities,0.5379,0.25,,0.25,0,0.25,51,False,,
open_closed__open_system,hofstede,open_closed,open_system,promote within,0.5376,0.25,,0.25,0,0.25,52,False,,
open_closed__open_system,hofstede,open_closed,open_system,competition and,0.5374,0.25,,0.25,5,0.0714,78,False,process_results__results_oriented; open_closed__closed_system; pragmatic_normative__pragmatic; mit__innovation; mit__performance,
open_closed__open_system,hofstede,open_closed,open_system,opportunities some,0.5372,0.25,,0.25,1,0.1667,65,False,mit__diversity,
open_closed__open_system,hofstede,open_closed,open_system,competence,0.537,0.25,,0.25,4,0.0833,107,False,professional_parochial__professional; tight_loose__loose_control; pragmatic_normative__normative; mit__performance,
open_closed__open_system,hofstede,open_closed,open_system,training and,0.5366,0.25,,0.25,1,0.1667,1685,False,professional_parochial__professional,
open_closed__open_system,hofstede,open_closed,open_system,experience from,0.5365,0.25,,0.25,0,0.25,69,False,,
open_closed__open_system,hofstede,open_closed,open_system,intellectually stimulating,0.5363,0.25,,0.25,1,0.1667,115,False,mit__innovation,
open_closed__open_system,hofstede,open_closed,open_system,and collaborative,0.5361,0.25,,0.25,1,0.1667,362,False,mit__collaboration,
open_closed__open_system,hofstede,open_closed,open_system,marketing,0.536,0.25,,0.25,7,0.0556,851,False,process_results__results_oriented; open_closed__closed_system; tight_loose__loose_control; pragmatic_normative__pragmatic; pragmatic_normative__normative; mit__customer_orientation; mit__innovation,
open_closed__open_system,hofstede,open_closed,open_system,interests,0.5354,0.25,,0.25,0,0.25,288,False,,
open_closed__open_system,hofstede,open_closed,open_system,with opportunities,0.5353,0.25,,0.25,4,0.0833,161,False,process_results__results_oriented; tight_loose__loose_control; pragmatic_normative__pragmatic; mit__diversity,
open_closed__open_system,hofstede,open_closed,open_system,skills,0.5351,0.25,,0.25,3,0.1,3538,False,professional_parochial__professional; mit__agility; mit__performance,
open_closed__open_system,hofstede,open_closed,open_system,promising,0.5351,0.25,,0.25,4,0.0833,96,False,process_results__results_oriented; pragmatic_normative__pragmatic; mit__execution; mit__innovation,
open_closed__open_system,hofstede,open_closed,open_system,culturally,0.535,0.25,,0.25,4,0.0833,93,False,open_closed__closed_system; mit__diversity; mit__integrity; mit__respect,
open_closed__open_system,hofstede,open_closed,open_system,innovative ideas,0.5349,0.25,,0.25,1,0.1667,56,False,mit__innovation,
open_closed__open_system,hofstede,open_closed,open_system,the culture,0.5349,0.25,,0.25,4,0.0833,2227,False,open_closed__closed_system; mit__diversity; mit__integrity; mit__respect,
open_closed__open_system,hofstede,open_closed,open_system,achieving,0.5346,0.25,,0.25,5,0.0714,125,False,process_results__results_oriented; pragmatic_normative__normative; mit__execution; mit__innovation; mit__performance,
open_closed__open_system,hofstede,open_closed,open_system,experience people,0.5341,0.25,,0.25,1,0.1667,59,False,open_closed__closed_system,
open_closed__open_system,hofstede,open_closed,open_system,mind,0.5338,0.25,,0.25,0,0.25,1232,False,,
open_closed__open_system,hofstede,open_closed,open_system,diversity inclusion,0.5335,0.25,,0.25,1,0.1667,58,False,mit__diversity,
open_closed__open_system,hofstede,open_closed,open_system,inspire,0.5332,0.25,,0.25,2,0.125,52,False,tight_loose__loose_control; mit__innovation,
open_closed__open_system,hofstede,open_closed,open_system,awareness,0.5331,0.25,,0.25,0,0.25,98,False,,
open_closed__open_system,hofstede,open_closed,open_system,the projects,0.5328,0.25,,0.25,1,0.1667,175,False,mit__innovation,
open_closed__open_system,hofstede,open_closed,open_system,career with,0.5326,0.25,,0.25,2,0.125,243,False,professional_parochial__professional; open_closed__closed_system,
open_closed__open_system,hofstede,open_closed,open_system,learned,0.5325,0.25,,0.25,0,0.25,1579,False,,
open_closed__open_system,hofstede,open_closed,open_system,promote the,0.5323,0.25,,0.25,0,0.25,50,False,,
open_closed__open_system,hofstede,open_closed,open_system,opportunities you,0.532,0.25,,0.25,0,0.25,333,False,,
open_closed__open_system,hofstede,open_closed,open_system,challenge and,0.5319,0.25,,0.25,0,0.25,53,False,,
open_closed__open_system,hofstede,open_closed,open_system,choosing,0.5319,0.25,,0.25,2,0.125,52,False,open_closed__closed_system; mit__diversity,
open_closed__open_system,hofstede,open_closed,open_system,empowering,0.5317,0.25,,0.25,1,0.1667,85,False,tight_loose__loose_control,
open_closed__open_system,hofstede,open_closed,open_system,collaborate with,0.5313,0.25,,0.25,1,0.1667,83,False,mit__collaboration,
open_closed__open_system,hofstede,open_closed,open_system,improving,0.5312,0.25,,0.25,3,0.1,454,False,process_results__results_oriented; mit__innovation; mit__performance,
open_closed__open_system,hofstede,open_closed,open_system,different opportunities,0.5312,0.25,,0.25,1,0.1667,60,False,mit__diversity,
open_closed__open_system,hofstede,open_closed,open_system,good diversity,0.5311,0.25,,0.25,1,0.1667,69,False,mit__diversity,
open_closed__open_system,hofstede,open_closed,open_system,experience working,0.5307,0.25,,0.25,1,0.1667,372,False,professional_parochial__professional,
open_closed__open_system,hofstede,open_closed,open_system,into different,0.5305,0.25,,0.25,1,0.1667,69,False,mit__diversity,
open_closed__open_system,hofstede,open_closed,open_system,develop,0.5305,0.25,,0.25,1,0.1667,1396,False,mit__innovation,
open_closed__open_system,hofstede,open_closed,open_system,understanding,0.5304,0.25,,0.25,5,0.0714,1119,False,open_closed__closed_system; pragmatic_normative__pragmatic; pragmatic_normative__normative; mit__integrity; mit__respect,
open_closed__open_system,hofstede,open_closed,open_system,perspective,0.5302,0.25,,0.25,0,0.25,474,False,,
open_closed__open_system,hofstede,open_closed,open_system,work within,0.5299,0.25,,0.25,1,0.1667,70,False,job_employee__job_oriented,
open_closed__open_system,hofstede,open_closed,open_system,learn,0.5294,0.25,,0.25,0,0.25,12407,False,,
open_closed__open_system,hofstede,open_closed,open_system,for diversity,0.5293,0.25,,0.25,1,0.1667,71,False,mit__diversity,
open_closed__open_system,hofstede,open_closed,open_system,rewarding experience,0.5293,0.25,,0.25,0,0.25,75,False,,
open_closed__open_system,hofstede,open_closed,open_system,achieve,0.5291,0.25,,0.25,7,0.0556,494,False,process_results__results_oriented; tight_loose__loose_control; pragmatic_normative__pragmatic; mit__agility; mit__execution; mit__innovation; mit__performance,
open_closed__open_system,hofstede,open_closed,open_system,culture within,0.5291,0.25,,0.25,1,0.1667,110,False,mit__diversity,
open_closed__open_system,hofstede,open_closed,open_system,challenging and,0.5289,0.25,,0.25,0,0.25,452,False,,
open_closed__open_system,hofstede,open_closed,open_system,experience,0.5288,0.25,,0.25,0,0.25,19708,False,,
open_closed__open_system,hofstede,open_closed,open_system,competitive with,0.5287,0.25,,0.25,4,0.0833,190,False,open_closed__closed_system; pragmatic_normative__pragmatic; mit__collaboration; mit__performance,
open_closed__open_system,hofstede,open_closed,open_system,diverse company,0.5287,0.25,,0.25,2,0.125,60,False,professional_parochial__parochial; mit__diversity,
open_closed__open_system,hofstede,open_closed,open_system,career the,0.5287,0.25,,0.25,3,0.1,301,False,process_results__results_oriented; professional_parochial__professional; open_closed__closed_system,
open_closed__open_system,hofstede,open_closed,open_system,approaches,0.5286,0.25,,0.25,3,0.1,75,False,process_results__process_oriented; process_results__results_oriented; mit__innovation,
open_closed__open_system,hofstede,open_closed,open_system,intellectual,0.5285,0.25,,0.25,1,0.1667,212,False,mit__innovation,
open_closed__open_system,hofstede,open_closed,open_system,culture some,0.5285,0.25,,0.25,2,0.125,148,False,open_closed__closed_system; mit__diversity,
open_closed__open_system,hofstede,open_closed,open_system,increasingly,0.5283,0.25,,0.25,3,0.1,191,False,open_closed__closed_system; pragmatic_normative__pragmatic; mit__innovation,
open_closed__open_system,hofstede,open_closed,open_system,opportunities that,0.5282,0.25,,0.25,0,0.25,59,False,,
open_closed__open_system,hofstede,open_closed,open_system,inclusive work,0.5281,0.25,,0.25,1,0.1667,72,False,mit__diversity,
open_closed__open_system,hofstede,open_closed,open_system,learn new,0.5278,0.25,,0.25,0,0.25,646,False,,
open_closed__open_system,hofstede,open_closed,open_system,perceived,0.5275,0.25,,0.25,2,0.125,92,False,pragmatic_normative__pragmatic; mit__integrity,
open_closed__open_system,hofstede,open_closed,open_system,learning from,0.5273,0.25,,0.25,0,0.25,72,False,,
open_closed__open_system,hofstede,open_closed,open_system,culture collaborative,0.5272,0.25,,0.25,1,0.1667,78,False,mit__collaboration,
open_closed__open_system,hofstede,open_closed,open_system,regarded,0.5272,0.25,,0.25,4,0.0833,104,False,open_closed__closed_system; pragmatic_normative__pragmatic; mit__performance; mit__respect,
open_closed__open_system,hofstede,open_closed,open_system,developing,0.5269,0.25,,0.25,1,0.1667,425,False,mit__innovation,
open_closed__open_system,hofstede,open_closed,open_system,environment learn,0.5269,0.25,,0.25,0,0.25,156,False,,
open_closed__open_system,hofstede,open_closed,open_system,many learning,0.5267,0.25,,0.25,0,0.25,75,False,,
open_closed__open_system,hofstede,open_closed,open_system,changing,0.5266,0.25,,0.25,2,0.125,1496,False,open_closed__closed_system; mit__agility,
open_closed__open_system,hofstede,open_closed,open_system,qualified,0.5264,0.25,,0.25,3,0.1,469,False,professional_parochial__professional; mit__diversity; mit__performance,
open_closed__open_system,hofstede,open_closed,open_system,advancement the,0.5264,0.25,,0.25,2,0.125,121,False,process_results__results_oriented; mit__innovation,
open_closed__open_system,hofstede,open_closed,open_system,good learning,0.5262,0.25,,0.25,0,0.25,1546,False,,
open_closed__open_system,hofstede,open_closed,open_system,vision and,0.5262,0.25,,0.25,0,0.25,166,False,,
open_closed__open_system,hofstede,open_closed,open_system,influence,0.5258,0.25,,0.25,4,0.0833,210,False,open_closed__closed_system; tight_loose__loose_control; pragmatic_normative__normative; mit__integrity,
open_closed__open_system,hofstede,open_closed,open_system,skilled and,0.5258,0.25,,0.25,1,0.1667,54,False,professional_parochial__professional,
open_closed__open_system,hofstede,open_closed,open_system,involvement,0.5257,0.25,,0.25,0,0.25,236,False,,
pragmatic_normative__normative,hofstede,pragmatic_normative,normative,ethical,0.6731,1,,1.0,2,0.5,561,True,mit__integrity; mit__respect,
pragmatic_normative__normative,hofstede,pragmatic_normative,normative,ethics,0.6707,0.5,,0.5,3,0.2,778,False,tight_loose__loose_control; mit__integrity; mit__respect,
pragmatic_normative__normative,hofstede,pragmatic_normative,normative,ethical and,0.6623,0.5,0.25,0.25,2,0.125,68,False,mit__integrity; mit__respect,Generic stopword/duplicated-token bigram — weight reduced to 0.25
pragmatic_normative__normative,hofstede,pragmatic_normative,normative,integrity and,0.6583,0.5,0.25,0.25,3,0.1,131,False,process_results__process_oriented; mit__integrity; mit__respect,Generic stopword/duplicated-token bigram — weight reduced to 0.25
pragmatic_normative__normative,hofstede,pragmatic_normative,normative,ethics and,0.6545,0.5,0.25,0.25,3,0.1,151,False,tight_loose__loose_control; mit__integrity; mit__respect,Generic stopword/duplicated-token bigram — weight reduced to 0.25
pragmatic_normative__normative,hofstede,pragmatic_normative,normative,integrity,0.6494,1,,1.0,3,0.4,558,True,process_results__process_oriented; mit__integrity; mit__respect,
pragmatic_normative__normative,hofstede,pragmatic_normative,normative,moral,0.6389,1,,1.0,2,0.5,249,True,mit__integrity; mit__respect,
pragmatic_normative__normative,hofstede,pragmatic_normative,normative,valued,0.6312,0.5,,0.5,2,0.25,836,False,mit__integrity; mit__respect,
pragmatic_normative__normative,hofstede,pragmatic_normative,normative,morals,0.6239,0.5,,0.5,2,0.25,58,False,mit__integrity; mit__respect,
pragmatic_normative__normative,hofstede,pragmatic_normative,normative,principles,0.6135,0.5,,0.5,2,0.25,135,False,process_results__process_oriented; tight_loose__tight_control,
pragmatic_normative__normative,hofstede,pragmatic_normative,normative,responsibility and,0.6081,0.5,0.25,0.25,7,0.0556,175,False,process_results__process_oriented; process_results__results_oriented; tight_loose__tight_control; tight_loose__loose_control; mit__execution; mit__integrity; mit__respect,Generic stopword/duplicated-token bigram — weight reduced to 0.25
pragmatic_normative__normative,hofstede,pragmatic_normative,normative,decisions and,0.604,0.5,0.25,0.25,8,0.05,134,False,process_results__process_oriented; process_results__results_oriented; open_closed__closed_system; tight_loose__tight_control; tight_loose__loose_control; pragmatic_normative__pragmatic; mit__execution; mit__integrity,Generic stopword/duplicated-token bigram — weight reduced to 0.25
pragmatic_normative__normative,hofstede,pragmatic_normative,normative,good values,0.59,0.5,,0.5,1,0.3333,107,False,mit__respect,
pragmatic_normative__normative,hofstede,pragmatic_normative,normative,value and,0.5894,0.5,0.25,0.25,0,0.25,99,False,,Generic stopword/duplicated-token bigram — weight reduced to 0.25
pragmatic_normative__normative,hofstede,pragmatic_normative,normative,values and,0.5886,0.5,0.25,0.25,0,0.25,255,False,,Generic stopword/duplicated-token bigram — weight reduced to 0.25
pragmatic_normative__normative,hofstede,pragmatic_normative,normative,values the,0.5878,0.5,0.25,0.25,0,0.25,65,False,,Generic stopword/duplicated-token bigram — weight reduced to 0.25
pragmatic_normative__normative,hofstede,pragmatic_normative,normative,value,0.5812,0.5,,0.5,0,0.5,2379,False,,
pragmatic_normative__normative,hofstede,pragmatic_normative,normative,respect and,0.5802,0.5,0.25,0.25,4,0.0833,146,False,open_closed__closed_system; mit__diversity; mit__integrity; mit__respect,Generic stopword/duplicated-token bigram — weight reduced to 0.25
pragmatic_normative__normative,hofstede,pragmatic_normative,normative,value work,0.5753,0.5,,0.5,0,0.5,63,False,,
pragmatic_normative__normative,hofstede,pragmatic_normative,normative,valued and,0.5742,0.5,0.25,0.25,1,0.1667,112,False,mit__respect,Generic stopword/duplicated-token bigram — weight reduced to 0.25
pragmatic_normative__normative,hofstede,pragmatic_normative,normative,accountability,0.5731,0.5,,0.5,6,0.125,504,False,process_results__results_oriented; tight_loose__tight_control; mit__execution; mit__integrity; mit__performance; mit__respect,
pragmatic_normative__normative,hofstede,pragmatic_normative,normative,responsibility,0.5716,0.5,,0.5,5,0.1429,1394,False,process_results__results_oriented; tight_loose__loose_control; mit__execution; mit__integrity; mit__respect,
pragmatic_normative__normative,hofstede,pragmatic_normative,normative,making decisions,0.5715,0.5,,0.5,3,0.2,69,False,process_results__process_oriented; process_results__results_oriented; mit__execution,
pragmatic_normative__normative,hofstede,pragmatic_normative,normative,decisions,0.5711,0.5,,0.5,7,0.1111,1797,False,process_results__process_oriented; process_results__results_oriented; open_closed__closed_system; tight_loose__tight_control; tight_loose__loose_control; pragmatic_normative__pragmatic; mit__integrity,
pragmatic_normative__normative,hofstede,pragmatic_normative,normative,compliance and,0.5707,0.5,0.25,0.25,2,0.125,87,False,process_results__process_oriented; tight_loose__tight_control,Generic stopword/duplicated-token bigram — weight reduced to 0.25
pragmatic_normative__normative,hofstede,pragmatic_normative,normative,objectives,0.5696,0.5,,0.5,2,0.25,206,False,process_results__results_oriented; mit__performance,
pragmatic_normative__normative,hofstede,pragmatic_normative,normative,the decisions,0.5666,0.5,0.25,0.25,5,0.0714,59,False,process_results__process_oriented; process_results__results_oriented; tight_loose__tight_control; tight_loose__loose_control; mit__integrity,Generic stopword/duplicated-token bigram — weight reduced to 0.25
pragmatic_normative__normative,hofstede,pragmatic_normative,normative,compliance,0.5631,0.5,,0.5,3,0.2,1102,False,process_results__process_oriented; tight_loose__tight_control; mit__integrity,
pragmatic_normative__normative,hofstede,pragmatic_normative,normative,values are,0.5616,0.5,0.25,0.25,0,0.25,83,False,,Generic stopword/duplicated-token bigram — weight reduced to 0.25
pragmatic_normative__normative,hofstede,pragmatic_normative,normative,behaviour,0.56,0.5,,0.5,4,0.1667,171,False,process_results__process_oriented; tight_loose__tight_control; tight_loose__loose_control; mit__integrity,
pragmatic_normative__normative,hofstede,pragmatic_normative,normative,accountability for,0.5591,0.5,0.25,0.25,5,0.0714,66,False,process_results__results_oriented; mit__execution; mit__integrity; mit__performance; mit__respect,Generic stopword/duplicated-token bigram — weight reduced to 0.25
pragmatic_normative__normative,hofstede,pragmatic_normative,normative,standards and,0.5589,0.5,0.25,0.25,3,0.1,94,False,process_results__process_oriented; tight_loose__tight_control; mit__performance,Generic stopword/duplicated-token bigram — weight reduced to 0.25
pragmatic_normative__normative,hofstede,pragmatic_normative,normative,are valued,0.5581,0.5,0.25,0.25,0,0.25,100,False,,Generic stopword/duplicated-token bigram — weight reduced to 0.25
pragmatic_normative__normative,hofstede,pragmatic_normative,normative,feel valued,0.5573,0.5,,0.5,1,0.3333,110,False,mit__respect,
pragmatic_normative__normative,hofstede,pragmatic_normative,normative,values employees,0.5561,0.5,,0.5,1,0.3333,52,False,job_employee__employee_oriented,
pragmatic_normative__normative,hofstede,pragmatic_normative,normative,high integrity,0.5559,0.5,,0.5,2,0.25,72,False,mit__integrity; mit__performance,
pragmatic_normative__normative,hofstede,pragmatic_normative,normative,behaviours,0.5522,0.5,,0.5,2,0.25,50,False,process_results__process_oriented; tight_loose__tight_control,
pragmatic_normative__normative,hofstede,pragmatic_normative,normative,value the,0.552,0.5,0.25,0.25,0,0.25,172,False,,Generic stopword/duplicated-token bigram — weight reduced to 0.25
pragmatic_normative__normative,hofstede,pragmatic_normative,normative,ethic and,0.5469,0.25,,0.25,1,0.1667,90,False,mit__integrity,
pragmatic_normative__normative,hofstede,pragmatic_normative,normative,consideration,0.5453,0.25,,0.25,3,0.1,230,False,process_results__process_oriented; mit__integrity; mit__respect,
pragmatic_normative__normative,hofstede,pragmatic_normative,normative,consideration for,0.5449,0.25,,0.25,1,0.1667,70,False,mit__respect,
pragmatic_normative__normative,hofstede,pragmatic_normative,normative,qualities,0.5439,0.25,,0.25,2,0.125,54,False,mit__integrity; mit__respect,
pragmatic_normative__normative,hofstede,pragmatic_normative,normative,not valued,0.5421,0.25,,0.25,0,0.25,156,False,,
pragmatic_normative__normative,hofstede,pragmatic_normative,normative,value their,0.5408,0.25,,0.25,0,0.25,110,False,,
pragmatic_normative__normative,hofstede,pragmatic_normative,normative,the value,0.5401,0.25,,0.25,0,0.25,112,False,,
pragmatic_normative__normative,hofstede,pragmatic_normative,normative,values,0.5398,0.25,,0.25,0,0.25,2027,False,,
pragmatic_normative__normative,hofstede,pragmatic_normative,normative,decision making,0.5398,0.25,,0.25,3,0.1,1095,False,process_results__process_oriented; process_results__results_oriented; pragmatic_normative__pragmatic,
pragmatic_normative__normative,hofstede,pragmatic_normative,normative,ethic,0.5381,0.25,,0.25,2,0.125,451,False,mit__integrity; mit__respect,
pragmatic_normative__normative,hofstede,pragmatic_normative,normative,behavior,0.5377,0.25,,0.25,2,0.125,374,False,tight_loose__tight_control; mit__integrity,
pragmatic_normative__normative,hofstede,pragmatic_normative,normative,willingness,0.5366,0.25,,0.25,2,0.125,159,False,open_closed__open_system; mit__integrity,
pragmatic_normative__normative,hofstede,pragmatic_normative,normative,respect,0.536,0.25,,0.25,2,0.125,1510,False,mit__integrity; mit__respect,
pragmatic_normative__normative,hofstede,pragmatic_normative,normative,attitude and,0.5359,0.25,,0.25,3,0.1,62,False,tight_loose__loose_control; mit__integrity; mit__respect,
pragmatic_normative__normative,hofstede,pragmatic_normative,normative,standards,0.5337,0.25,,0.25,2,0.125,1359,False,tight_loose__tight_control; mit__performance,
pragmatic_normative__normative,hofstede,pragmatic_normative,normative,justify,0.5331,0.25,,0.25,2,0.125,133,False,mit__integrity; mit__respect,
pragmatic_normative__normative,hofstede,pragmatic_normative,normative,objective,0.5325,0.25,,0.25,1,0.1667,107,False,process_results__results_oriented,
pragmatic_normative__normative,hofstede,pragmatic_normative,normative,and ethics,0.5321,0.25,,0.25,1,0.1667,77,False,mit__integrity,
pragmatic_normative__normative,hofstede,pragmatic_normative,normative,strong values,0.5301,0.25,,0.25,0,0.25,61,False,,
pragmatic_normative__normative,hofstede,pragmatic_normative,normative,trust and,0.5299,0.25,,0.25,3,0.1,60,False,tight_loose__loose_control; mit__integrity; mit__respect,
pragmatic_normative__normative,hofstede,pragmatic_normative,normative,based upon,0.5299,0.25,,0.25,0,0.25,50,False,,
pragmatic_normative__normative,hofstede,pragmatic_normative,normative,responsibilities and,0.5294,0.25,,0.25,7,0.0556,105,False,process_results__process_oriented; process_results__results_oriented; tight_loose__tight_control; tight_loose__loose_control; mit__execution; mit__performance; mit__respect,
pragmatic_normative__normative,hofstede,pragmatic_normative,normative,respectful and,0.529,0.25,,0.25,4,0.0833,74,False,open_closed__closed_system; mit__diversity; mit__integrity; mit__respect,
pragmatic_normative__normative,hofstede,pragmatic_normative,normative,meaningful,0.5282,0.25,,0.25,2,0.125,519,False,mit__integrity; mit__respect,
pragmatic_normative__normative,hofstede,pragmatic_normative,normative,based merit,0.5262,0.25,,0.25,1,0.1667,108,False,mit__performance,
pragmatic_normative__normative,hofstede,pragmatic_normative,normative,make decisions,0.5261,0.25,,0.25,0,0.25,223,False,,
pragmatic_normative__normative,hofstede,pragmatic_normative,normative,values work,0.5255,0.25,,0.25,0,0.25,51,False,,
pragmatic_normative__normative,hofstede,pragmatic_normative,normative,decision makers,0.5252,0.25,,0.25,2,0.125,75,False,process_results__process_oriented; process_results__results_oriented,
pragmatic_normative__normative,hofstede,pragmatic_normative,normative,understanding,0.5245,0.25,,0.25,5,0.0714,1119,False,open_closed__open_system; open_closed__closed_system; pragmatic_normative__pragmatic; mit__integrity; mit__respect,
pragmatic_normative__normative,hofstede,pragmatic_normative,normative,based work,0.5244,0.25,,0.25,6,0.0625,55,False,process_results__results_oriented; job_employee__job_oriented; job_employee__employee_oriented; tight_loose__loose_control; pragmatic_normative__pragmatic; mit__performance,
pragmatic_normative__normative,hofstede,pragmatic_normative,normative,responsibility for,0.5236,0.25,,0.25,2,0.125,60,False,mit__execution; mit__respect,
pragmatic_normative__normative,hofstede,pragmatic_normative,normative,respect for,0.5234,0.25,,0.25,2,0.125,376,False,mit__integrity; mit__respect,
pragmatic_normative__normative,hofstede,pragmatic_normative,normative,attitudes,0.5233,0.25,,0.25,2,0.125,117,False,mit__integrity; mit__respect,
pragmatic_normative__normative,hofstede,pragmatic_normative,normative,regard,0.5217,0.25,,0.25,1,0.1667,212,False,mit__respect,
pragmatic_normative__normative,hofstede,pragmatic_normative,normative,decisions that,0.5208,0.25,,0.25,2,0.125,69,False,process_results__process_oriented; process_results__results_oriented,
pragmatic_normative__normative,hofstede,pragmatic_normative,normative,core values,0.5167,0.25,,0.25,0,0.25,198,False,,
pragmatic_normative__normative,hofstede,pragmatic_normative,normative,respectful,0.5145,0.25,,0.25,4,0.0833,495,False,open_closed__closed_system; mit__diversity; mit__integrity; mit__respect,
pragmatic_normative__normative,hofstede,pragmatic_normative,normative,constructive,0.5138,0.25,,0.25,3,0.1,114,False,open_closed__open_system; open_closed__closed_system; mit__integrity,
pragmatic_normative__normative,hofstede,pragmatic_normative,normative,merit based,0.5137,0.25,,0.25,1,0.1667,155,False,mit__performance,
pragmatic_normative__normative,hofstede,pragmatic_normative,normative,practices and,0.5134,0.25,,0.25,2,0.125,69,False,process_results__process_oriented; tight_loose__tight_control,
pragmatic_normative__normative,hofstede,pragmatic_normative,normative,ensuring,0.5123,0.25,,0.25,4,0.0833,97,False,process_results__process_oriented; tight_loose__tight_control; mit__execution; mit__respect,
pragmatic_normative__normative,hofstede,pragmatic_normative,normative,and value,0.5121,0.25,,0.25,0,0.25,105,False,,
pragmatic_normative__normative,hofstede,pragmatic_normative,normative,values its,0.5118,0.25,,0.25,0,0.25,52,False,,
pragmatic_normative__normative,hofstede,pragmatic_normative,normative,attitude,0.5116,0.25,,0.25,3,0.1,724,False,tight_loose__loose_control; mit__integrity; mit__respect,
pragmatic_normative__normative,hofstede,pragmatic_normative,normative,don value,0.5099,0.25,,0.25,0,0.25,54,False,,
pragmatic_normative__normative,hofstede,pragmatic_normative,normative,and values,0.5099,0.25,,0.25,0,0.25,245,False,,
pragmatic_normative__normative,hofstede,pragmatic_normative,normative,standards for,0.5089,0.25,,0.25,2,0.125,64,False,tight_loose__tight_control; mit__performance,
pragmatic_normative__normative,hofstede,pragmatic_normative,normative,diligence,0.5088,0.25,,0.25,0,0.25,67,False,,
pragmatic_normative__normative,hofstede,pragmatic_normative,normative,responsible,0.5084,0.25,,0.25,4,0.0833,300,False,tight_loose__loose_control; mit__execution; mit__integrity; mit__respect,
pragmatic_normative__normative,hofstede,pragmatic_normative,normative,great values,0.5063,0.25,,0.25,0,0.25,96,False,,
pragmatic_normative__normative,hofstede,pragmatic_normative,normative,responsibilities,0.5062,0.25,,0.25,3,0.1,1100,False,process_results__results_oriented; mit__execution; mit__respect,
pragmatic_normative__normative,hofstede,pragmatic_normative,normative,bureaucracy and,0.5059,0.25,,0.25,4,0.0833,326,False,process_results__process_oriented; tight_loose__tight_control; tight_loose__loose_control; mit__execution,
pragmatic_normative__normative,hofstede,pragmatic_normative,normative,balanced,0.5059,0.25,,0.25,2,0.125,412,False,mit__agility; mit__respect,
pragmatic_normative__normative,hofstede,pragmatic_normative,normative,work ethics,0.5057,0.25,,0.25,1,0.1667,277,False,mit__integrity,
pragmatic_normative__normative,hofstede,pragmatic_normative,normative,belief,0.5052,0.25,,0.25,1,0.1667,54,False,mit__integrity,
pragmatic_normative__normative,hofstede,pragmatic_normative,normative,compassion,0.5046,0.25,,0.25,2,0.125,56,False,mit__integrity; mit__respect,
pragmatic_normative__normative,hofstede,pragmatic_normative,normative,making good,0.5043,0.25,,0.25,5,0.0714,59,False,process_results__results_oriented; open_closed__open_system; mit__innovation; mit__integrity; mit__performance,
pragmatic_normative__normative,hofstede,pragmatic_normative,normative,authority,0.5039,0.25,,0.25,3,0.1,108,False,open_closed__closed_system; tight_loose__tight_control; tight_loose__loose_control,
pragmatic_normative__normative,hofstede,pragmatic_normative,normative,decisions made,0.5037,0.25,,0.25,2,0.125,99,False,process_results__process_oriented; process_results__results_oriented,
pragmatic_normative__normative,hofstede,pragmatic_normative,normative,empathy,0.5035,0.25,,0.25,2,0.125,128,False,mit__integrity; mit__respect,
pragmatic_normative__normative,hofstede,pragmatic_normative,normative,practices,0.5033,0.25,,0.25,2,0.125,793,False,process_results__process_oriented; tight_loose__tight_control,
pragmatic_normative__normative,hofstede,pragmatic_normative,normative,philosophy,0.5027,0.25,,0.25,0,0.25,178,False,,
pragmatic_normative__normative,hofstede,pragmatic_normative,normative,value employees,0.5021,0.25,,0.25,1,0.1667,85,False,job_employee__employee_oriented,
pragmatic_normative__normative,hofstede,pragmatic_normative,normative,entitlement,0.5018,0.25,,0.25,0,0.25,54,False,,
pragmatic_normative__normative,hofstede,pragmatic_normative,normative,equal,0.501,0.25,,0.25,1,0.1667,334,False,mit__diversity,
pragmatic_normative__normative,hofstede,pragmatic_normative,normative,behaviors,0.5006,0.25,,0.25,1,0.1667,52,False,tight_loose__tight_control,
pragmatic_normative__normative,hofstede,pragmatic_normative,normative,merit,0.5006,0.25,,0.25,2,0.125,781,False,open_closed__open_system; mit__performance,
pragmatic_normative__normative,hofstede,pragmatic_normative,normative,value your,0.5004,0.25,,0.25,0,0.25,77,False,,
pragmatic_normative__normative,hofstede,pragmatic_normative,normative,accountable,0.499,0.25,,0.25,3,0.1,147,False,mit__execution; mit__integrity; mit__performance,
pragmatic_normative__normative,hofstede,pragmatic_normative,normative,and integrity,0.4988,0.25,,0.25,1,0.1667,70,False,mit__integrity,
pragmatic_normative__normative,hofstede,pragmatic_normative,normative,based off,0.4976,0.25,,0.25,0,0.25,82,False,,
pragmatic_normative__normative,hofstede,pragmatic_normative,normative,determined,0.4975,0.25,,0.25,5,0.0714,141,False,process_results__results_oriented; open_closed__closed_system; tight_loose__loose_control; pragmatic_normative__pragmatic; mit__agility,
pragmatic_normative__normative,hofstede,pragmatic_normative,normative,actions,0.4975,0.25,,0.25,4,0.0833,285,False,process_results__process_oriented; process_results__results_oriented; tight_loose__tight_control; mit__execution,
pragmatic_normative__normative,hofstede,pragmatic_normative,normative,decisions are,0.4973,0.25,,0.25,0,0.25,246,False,,
pragmatic_normative__normative,hofstede,pragmatic_normative,normative,based,0.4972,0.25,,0.25,0,0.25,4385,False,,
pragmatic_normative__normative,hofstede,pragmatic_normative,normative,dealing with,0.4961,0.25,,0.25,4,0.0833,383,False,open_closed__closed_system; mit__execution; mit__integrity; mit__respect,
pragmatic_normative__normative,hofstede,pragmatic_normative,normative,rights,0.4958,0.25,,0.25,1,0.1667,62,False,mit__respect,
pragmatic_normative__normative,hofstede,pragmatic_normative,normative,the decision,0.4953,0.25,,0.25,1,0.1667,118,False,process_results__results_oriented,
pragmatic_normative__normative,hofstede,pragmatic_normative,normative,understanding the,0.4952,0.25,,0.25,1,0.1667,172,False,open_closed__closed_system,
pragmatic_normative__normative,hofstede,pragmatic_normative,normative,are responsible,0.4948,0.25,,0.25,0,0.25,59,False,,
pragmatic_normative__normative,hofstede,pragmatic_normative,normative,take responsibility,0.4944,0.25,,0.25,2,0.125,58,False,mit__execution; mit__respect,
pragmatic_normative__normative,hofstede,pragmatic_normative,normative,approach and,0.4944,0.25,,0.25,3,0.1,52,False,process_results__process_oriented; process_results__results_oriented; mit__innovation,
pragmatic_normative__normative,hofstede,pragmatic_normative,normative,and responsibility,0.4938,0.25,,0.25,0,0.25,80,False,,
pragmatic_normative__normative,hofstede,pragmatic_normative,normative,positive attitude,0.4932,0.25,,0.25,2,0.125,50,False,mit__integrity; mit__respect,
pragmatic_normative__normative,hofstede,pragmatic_normative,normative,based and,0.4928,0.25,,0.25,0,0.25,97,False,,
pragmatic_normative__normative,hofstede,pragmatic_normative,normative,you value,0.4926,0.25,,0.25,0,0.25,57,False,,
pragmatic_normative__normative,hofstede,pragmatic_normative,normative,company values,0.4926,0.25,,0.25,1,0.1667,234,False,professional_parochial__parochial,
pragmatic_normative__normative,hofstede,pragmatic_normative,normative,approach,0.4923,0.25,,0.25,4,0.0833,973,False,process_results__process_oriented; open_closed__closed_system; pragmatic_normative__pragmatic; mit__innovation,
pragmatic_normative__normative,hofstede,pragmatic_normative,normative,evaluation,0.4922,0.25,,0.25,4,0.0833,157,False,process_results__process_oriented; process_results__results_oriented; mit__execution; mit__performance,
pragmatic_normative__normative,hofstede,pragmatic_normative,normative,more responsibility,0.492,0.25,,0.25,2,0.125,116,False,mit__execution; mit__respect,
pragmatic_normative__normative,hofstede,pragmatic_normative,normative,dealing,0.4919,0.25,,0.25,3,0.1,410,False,open_closed__closed_system; mit__execution; mit__respect,
pragmatic_normative__normative,hofstede,pragmatic_normative,normative,criteria,0.4917,0.25,,0.25,1,0.1667,160,False,process_results__process_oriented,
pragmatic_normative__normative,hofstede,pragmatic_normative,normative,attitude towards,0.4916,0.25,,0.25,2,0.125,52,False,mit__integrity; mit__respect,
pragmatic_normative__normative,hofstede,pragmatic_normative,normative,complex,0.4915,0.25,,0.25,2,0.125,926,False,open_closed__closed_system; tight_loose__loose_control,
pragmatic_normative__normative,hofstede,pragmatic_normative,normative,for innovation,0.4915,0.25,,0.25,3,0.1,112,False,open_closed__open_system; pragmatic_normative__pragmatic; mit__innovation,
pragmatic_normative__normative,hofstede,pragmatic_normative,normative,controlled,0.4902,0.25,,0.25,2,0.125,117,False,tight_loose__tight_control; tight_loose__loose_control,
pragmatic_normative__normative,hofstede,pragmatic_normative,normative,management and,0.49,0.25,,0.25,7,0.0556,2249,False,process_results__process_oriented; process_results__results_oriented; professional_parochial__professional; tight_loose__tight_control; tight_loose__loose_control; mit__execution; mit__performance,
pragmatic_normative__normative,hofstede,pragmatic_normative,normative,achieving,0.4896,0.25,,0.25,5,0.0714,125,False,process_results__results_oriented; open_closed__open_system; mit__execution; mit__innovation; mit__performance,
pragmatic_normative__normative,hofstede,pragmatic_normative,normative,caring and,0.4895,0.25,,0.25,2,0.125,68,False,mit__integrity; mit__respect,
pragmatic_normative__normative,hofstede,pragmatic_normative,normative,quality life,0.4895,0.25,,0.25,2,0.125,94,False,mit__integrity; mit__respect,
pragmatic_normative__normative,hofstede,pragmatic_normative,normative,the data,0.4891,0.25,,0.25,0,0.25,59,False,,
pragmatic_normative__normative,hofstede,pragmatic_normative,normative,value for,0.4887,0.25,,0.25,0,0.25,107,False,,
pragmatic_normative__normative,hofstede,pragmatic_normative,normative,enviornment,0.4884,0.25,,0.25,0,0.25,188,False,,
pragmatic_normative__normative,hofstede,pragmatic_normative,normative,laws,0.4883,0.25,,0.25,1,0.1667,53,False,tight_loose__tight_control,
pragmatic_normative__normative,hofstede,pragmatic_normative,normative,behave,0.488,0.25,,0.25,0,0.25,73,False,,
pragmatic_normative__normative,hofstede,pragmatic_normative,normative,lot responsibility,0.4879,0.25,,0.25,0,0.25,140,False,,
pragmatic_normative__normative,hofstede,pragmatic_normative,normative,leadership and,0.4879,0.25,,0.25,6,0.0625,510,False,process_results__results_oriented; tight_loose__tight_control; tight_loose__loose_control; mit__collaboration; mit__execution; mit__performance,
pragmatic_normative__normative,hofstede,pragmatic_normative,normative,influence,0.4877,0.25,,0.25,4,0.0833,210,False,open_closed__open_system; open_closed__closed_system; tight_loose__loose_control; mit__integrity,
pragmatic_normative__normative,hofstede,pragmatic_normative,normative,system for,0.4874,0.25,,0.25,0,0.25,61,False,,
pragmatic_normative__normative,hofstede,pragmatic_normative,normative,governance,0.4868,0.25,,0.25,2,0.125,156,False,tight_loose__tight_control; tight_loose__loose_control,
pragmatic_normative__normative,hofstede,pragmatic_normative,normative,agreement,0.4866,0.25,,0.25,2,0.125,57,False,mit__collaboration; mit__integrity,
pragmatic_normative__normative,hofstede,pragmatic_normative,normative,approachable and,0.4866,0.25,,0.25,2,0.125,149,False,process_results__process_oriented; pragmatic_normative__pragmatic,
pragmatic_normative__normative,hofstede,pragmatic_normative,normative,approachable,0.4863,0.25,,0.25,1,0.1667,724,False,pragmatic_normative__pragmatic,
pragmatic_normative__normative,hofstede,pragmatic_normative,normative,functioning,0.4862,0.25,,0.25,3,0.1,54,False,process_results__results_oriented; tight_loose__loose_control; mit__execution,
pragmatic_normative__normative,hofstede,pragmatic_normative,normative,trust,0.4856,0.25,,0.25,2,0.125,1322,False,mit__integrity; mit__respect,
pragmatic_normative__normative,hofstede,pragmatic_normative,normative,based the,0.4855,0.25,,0.25,0,0.25,230,False,,
pragmatic_normative__normative,hofstede,pragmatic_normative,normative,commitment,0.4851,0.25,,0.25,1,0.1667,545,False,mit__integrity,
pragmatic_normative__normative,hofstede,pragmatic_normative,normative,situations,0.485,0.25,,0.25,4,0.0833,249,False,process_results__results_oriented; open_closed__closed_system; pragmatic_normative__pragmatic; mit__diversity,
pragmatic_normative__normative,hofstede,pragmatic_normative,normative,standards good,0.4843,0.25,,0.25,1,0.1667,98,False,mit__performance,
pragmatic_normative__normative,hofstede,pragmatic_normative,normative,based experience,0.4842,0.25,,0.25,3,0.1,50,False,open_closed__open_system; pragmatic_normative__pragmatic; mit__performance,
pragmatic_normative__normative,hofstede,pragmatic_normative,normative,work ethic,0.4838,0.25,,0.25,2,0.125,411,False,job_employee__job_oriented; job_employee__employee_oriented,
pragmatic_normative__normative,hofstede,pragmatic_normative,normative,control,0.4837,0.25,,0.25,2,0.125,859,False,tight_loose__tight_control; tight_loose__loose_control,
pragmatic_normative__normative,hofstede,pragmatic_normative,normative,the importance,0.4835,0.25,,0.25,0,0.25,77,False,,
pragmatic_normative__normative,hofstede,pragmatic_normative,normative,handling,0.4835,0.25,,0.25,4,0.0833,201,False,process_results__process_oriented; tight_loose__tight_control; mit__execution; mit__respect,
pragmatic_normative__normative,hofstede,pragmatic_normative,normative,implemented,0.4834,0.25,,0.25,2,0.125,229,False,process_results__process_oriented; tight_loose__tight_control,
pragmatic_normative__normative,hofstede,pragmatic_normative,normative,lots responsibility,0.4834,0.25,,0.25,0,0.25,118,False,,
pragmatic_normative__normative,hofstede,pragmatic_normative,normative,fulfilling,0.4829,0.25,,0.25,2,0.125,199,False,process_results__results_oriented; mit__execution,
pragmatic_normative__pragmatic,hofstede,pragmatic_normative,pragmatic,practical,0.6524,1,,1.0,0,1.0,101,True,,
pragmatic_normative__pragmatic,hofstede,pragmatic_normative,pragmatic,customer focused,0.6401,0.5,,0.5,1,0.3333,70,False,mit__customer_orientation,
pragmatic_normative__pragmatic,hofstede,pragmatic_normative,pragmatic,efficiency and,0.6342,0.5,0.25,0.25,3,0.1,63,False,process_results__results_oriented; tight_loose__loose_control; mit__performance,Generic stopword/duplicated-token bigram — weight reduced to 0.25
pragmatic_normative__pragmatic,hofstede,pragmatic_normative,pragmatic,marketing,0.6195,0.5,,0.5,7,0.1111,851,False,process_results__results_oriented; open_closed__open_system; open_closed__closed_system; tight_loose__loose_control; pragmatic_normative__normative; mit__customer_orientation; mit__innovation,
pragmatic_normative__pragmatic,hofstede,pragmatic_normative,pragmatic,efficiency,0.6156,1,,1.0,1,0.6667,414,True,mit__performance,
pragmatic_normative__pragmatic,hofstede,pragmatic_normative,pragmatic,performance driven,0.6155,0.5,,0.5,2,0.25,65,False,process_results__results_oriented; mit__performance,
pragmatic_normative__pragmatic,hofstede,pragmatic_normative,pragmatic,efficient,0.6124,0.5,,0.5,4,0.1667,611,False,process_results__results_oriented; tight_loose__loose_control; mit__agility; mit__performance,
pragmatic_normative__pragmatic,hofstede,pragmatic_normative,pragmatic,technologically,0.6102,0.5,,0.5,1,0.3333,96,False,mit__innovation,
pragmatic_normative__pragmatic,hofstede,pragmatic_normative,pragmatic,flexibility and,0.6042,0.5,0.25,0.25,2,0.125,440,False,tight_loose__loose_control; mit__agility,Generic stopword/duplicated-token bigram — weight reduced to 0.25
pragmatic_normative__pragmatic,hofstede,pragmatic_normative,pragmatic,approachable,0.6004,0.5,,0.5,1,0.3333,724,False,pragmatic_normative__normative,
pragmatic_normative__pragmatic,hofstede,pragmatic_normative,pragmatic,productive,0.6003,0.5,,0.5,4,0.1667,303,False,process_results__results_oriented; job_employee__job_oriented; mit__execution; mit__innovation,
pragmatic_normative__pragmatic,hofstede,pragmatic_normative,pragmatic,flexible and,0.5995,0.5,0.25,0.25,2,0.125,411,False,tight_loose__loose_control; mit__agility,Generic stopword/duplicated-token bigram — weight reduced to 0.25
pragmatic_normative__pragmatic,hofstede,pragmatic_normative,pragmatic,performance and,0.5983,0.5,0.25,0.25,4,0.0833,233,False,process_results__results_oriented; mit__agility; mit__execution; mit__performance,Generic stopword/duplicated-token bigram — weight reduced to 0.25
pragmatic_normative__pragmatic,hofstede,pragmatic_normative,pragmatic,technological,0.5906,0.5,,0.5,3,0.2,154,False,process_results__process_oriented; professional_parochial__professional; mit__innovation,
pragmatic_normative__pragmatic,hofstede,pragmatic_normative,pragmatic,based performance,0.5863,0.5,,0.5,2,0.25,162,False,process_results__results_oriented; mit__performance,
pragmatic_normative__pragmatic,hofstede,pragmatic_normative,pragmatic,approachable and,0.5858,0.5,0.25,0.25,2,0.125,149,False,process_results__process_oriented; pragmatic_normative__normative,Generic stopword/duplicated-token bigram — weight reduced to 0.25
pragmatic_normative__pragmatic,hofstede,pragmatic_normative,pragmatic,economic,0.5844,0.5,,0.5,0,0.5,187,False,,
pragmatic_normative__pragmatic,hofstede,pragmatic_normative,pragmatic,efficient and,0.5782,0.5,0.25,0.25,1,0.1667,61,False,mit__agility,Generic stopword/duplicated-token bigram — weight reduced to 0.25
pragmatic_normative__pragmatic,hofstede,pragmatic_normative,pragmatic,for industry,0.5775,0.5,0.25,0.25,1,0.1667,122,False,mit__customer_orientation,Generic stopword/duplicated-token bigram — weight reduced to 0.25
pragmatic_normative__pragmatic,hofstede,pragmatic_normative,pragmatic,flexible,0.5769,1,,1.0,2,0.5,9167,True,tight_loose__loose_control; mit__agility,
pragmatic_normative__pragmatic,hofstede,pragmatic_normative,pragmatic,business,0.574,0.5,,0.5,7,0.1111,10223,False,process_results__results_oriented; professional_parochial__parochial; open_closed__closed_system; tight_loose__loose_control; pragmatic_normative__normative; mit__customer_orientation; mit__innovation,
pragmatic_normative__pragmatic,hofstede,pragmatic_normative,pragmatic,effectively,0.5738,0.5,,0.5,4,0.1667,247,False,process_results__results_oriented; mit__agility; mit__execution; mit__integrity,
pragmatic_normative__pragmatic,hofstede,pragmatic_normative,pragmatic,some flexibility,0.5738,0.5,,0.5,2,0.25,57,False,tight_loose__loose_control; mit__agility,
pragmatic_normative__pragmatic,hofstede,pragmatic_normative,pragmatic,the marketing,0.5729,0.5,0.25,0.25,4,0.0833,60,False,open_closed__closed_system; pragmatic_normative__normative; mit__customer_orientation; mit__innovation,Generic stopword/duplicated-token bigram — weight reduced to 0.25
pragmatic_normative__pragmatic,hofstede,pragmatic_normative,pragmatic,with industry,0.5723,0.5,0.25,0.25,0,0.25,177,False,,Generic stopword/duplicated-token bigram — weight reduced to 0.25
pragmatic_normative__pragmatic,hofstede,pragmatic_normative,pragmatic,technology,0.5721,0.5,,0.5,5,0.1429,8325,False,process_results__process_oriented; tight_loose__tight_control; tight_loose__loose_control; pragmatic_normative__normative; mit__innovation,
pragmatic_normative__pragmatic,hofstede,pragmatic_normative,pragmatic,focused and,0.5708,0.5,0.25,0.25,1,0.1667,105,False,job_employee__job_oriented,Generic stopword/duplicated-token bigram — weight reduced to 0.25
pragmatic_normative__pragmatic,hofstede,pragmatic_normative,pragmatic,efficiently,0.5706,0.5,,0.5,3,0.2,155,False,tight_loose__loose_control; mit__agility; mit__performance,
pragmatic_normative__pragmatic,hofstede,pragmatic_normative,pragmatic,advanced,0.5702,0.5,,0.5,5,0.1429,372,False,process_results__process_oriented; tight_loose__tight_control; mit__agility; mit__innovation; mit__performance,
pragmatic_normative__pragmatic,hofstede,pragmatic_normative,pragmatic,industry with,0.5688,0.5,0.25,0.25,5,0.0714,60,False,professional_parochial__professional; professional_parochial__parochial; open_closed__closed_system; mit__customer_orientation; mit__innovation,Generic stopword/duplicated-token bigram — weight reduced to 0.25
pragmatic_normative__pragmatic,hofstede,pragmatic_normative,pragmatic,flexible working,0.5684,0.5,,0.5,2,0.25,1636,False,job_employee__job_oriented; tight_loose__loose_control,
pragmatic_normative__pragmatic,hofstede,pragmatic_normative,pragmatic,performance,0.5683,0.5,,0.5,4,0.1667,4040,False,process_results__results_oriented; mit__agility; mit__execution; mit__performance,
pragmatic_normative__pragmatic,hofstede,pragmatic_normative,pragmatic,the flexibility,0.5674,0.5,0.25,0.25,2,0.125,147,False,tight_loose__loose_control; mit__agility,Generic stopword/duplicated-token bigram — weight reduced to 0.25
pragmatic_normative__pragmatic,hofstede,pragmatic_normative,pragmatic,strategic,0.5661,0.5,,0.5,2,0.25,487,False,process_results__results_oriented; mit__innovation,
pragmatic_normative__pragmatic,hofstede,pragmatic_normative,pragmatic,effective,0.566,0.5,,0.5,1,0.3333,352,False,mit__performance,
pragmatic_normative__pragmatic,hofstede,pragmatic_normative,pragmatic,performance based,0.5649,0.5,,0.5,1,0.3333,137,False,mit__performance,
pragmatic_normative__pragmatic,hofstede,pragmatic_normative,pragmatic,industry,0.5632,0.5,,0.5,4,0.1667,8885,False,professional_parochial__professional; professional_parochial__parochial; tight_loose__loose_control; mit__customer_orientation,
pragmatic_normative__pragmatic,hofstede,pragmatic_normative,pragmatic,flexibility the,0.562,0.5,0.25,0.25,2,0.125,90,False,tight_loose__loose_control; mit__agility,Generic stopword/duplicated-token bigram — weight reduced to 0.25
pragmatic_normative__pragmatic,hofstede,pragmatic_normative,pragmatic,resourceful,0.5612,0.5,,0.5,1,0.3333,55,False,mit__performance,
pragmatic_normative__pragmatic,hofstede,pragmatic_normative,pragmatic,flexible good,0.561,0.5,,0.5,2,0.25,176,False,tight_loose__loose_control; mit__agility,
pragmatic_normative__pragmatic,hofstede,pragmatic_normative,pragmatic,flexible with,0.5601,0.5,0.25,0.25,2,0.125,340,False,tight_loose__loose_control; mit__agility,Generic stopword/duplicated-token bigram — weight reduced to 0.25
pragmatic_normative__pragmatic,hofstede,pragmatic_normative,pragmatic,flexibility with,0.5598,0.5,0.25,0.25,2,0.125,199,False,tight_loose__loose_control; mit__agility,Generic stopword/duplicated-token bigram — weight reduced to 0.25
pragmatic_normative__pragmatic,hofstede,pragmatic_normative,pragmatic,product based,0.5596,0.5,,0.5,0,0.5,78,False,,
pragmatic_normative__pragmatic,hofstede,pragmatic_normative,pragmatic,profitability,0.5587,0.5,,0.5,0,0.5,62,False,,
pragmatic_normative__pragmatic,hofstede,pragmatic_normative,pragmatic,flexibility,0.5584,0.5,,0.5,2,0.25,5225,False,tight_loose__loose_control; mit__agility,
pragmatic_normative__pragmatic,hofstede,pragmatic_normative,pragmatic,industry for,0.5583,0.5,0.25,0.25,1,0.1667,70,False,professional_parochial__professional,Generic stopword/duplicated-token bigram — weight reduced to 0.25
pragmatic_normative__pragmatic,hofstede,pragmatic_normative,pragmatic,realistic,0.5572,1,,1.0,0,1.0,104,True,,
pragmatic_normative__pragmatic,hofstede,pragmatic_normative,pragmatic,very approachable,0.5572,0.5,0.25,0.25,0,0.25,129,False,,Generic stopword/duplicated-token bigram — weight reduced to 0.25
pragmatic_normative__pragmatic,hofstede,pragmatic_normative,pragmatic,practically,0.5555,0.5,,0.5,0,0.5,104,False,,
pragmatic_normative__pragmatic,hofstede,pragmatic_normative,pragmatic,the performance,0.5548,0.5,0.25,0.25,4,0.0833,99,False,process_results__results_oriented; mit__agility; mit__execution; mit__performance,Generic stopword/duplicated-token bigram — weight reduced to 0.25
pragmatic_normative__pragmatic,hofstede,pragmatic_normative,pragmatic,design,0.5543,0.5,,0.5,8,0.1,306,False,process_results__process_oriented; open_closed__open_system; open_closed__closed_system; tight_loose__tight_control; tight_loose__loose_control; pragmatic_normative__normative; mit__diversity; mit__innovation,
pragmatic_normative__pragmatic,hofstede,pragmatic_normative,pragmatic,the industry,0.554,0.5,0.25,0.25,5,0.0714,3207,False,professional_parochial__professional; open_closed__closed_system; tight_loose__loose_control; mit__customer_orientation; mit__innovation,Generic stopword/duplicated-token bigram — weight reduced to 0.25
pragmatic_normative__pragmatic,hofstede,pragmatic_normative,pragmatic,and approachable,0.5531,0.5,0.25,0.25,0,0.25,143,False,,Generic stopword/duplicated-token bigram — weight reduced to 0.25
pragmatic_normative__pragmatic,hofstede,pragmatic_normative,pragmatic,market for,0.553,0.5,0.25,0.25,1,0.1667,82,False,mit__customer_orientation,Generic stopword/duplicated-token bigram — weight reduced to 0.25
pragmatic_normative__pragmatic,hofstede,pragmatic_normative,pragmatic,flexible for,0.5526,0.5,0.25,0.25,1,0.1667,57,False,mit__agility,Generic stopword/duplicated-token bigram — weight reduced to 0.25
pragmatic_normative__pragmatic,hofstede,pragmatic_normative,pragmatic,based work,0.5524,0.5,,0.5,6,0.125,55,False,process_results__results_oriented; job_employee__job_oriented; job_employee__employee_oriented; tight_loose__loose_control; pragmatic_normative__normative; mit__performance,
pragmatic_normative__pragmatic,hofstede,pragmatic_normative,pragmatic,productivity,0.5519,0.5,,0.5,3,0.2,400,False,process_results__results_oriented; job_employee__job_oriented; job_employee__employee_oriented,
pragmatic_normative__pragmatic,hofstede,pragmatic_normative,pragmatic,competitive and,0.5486,0.25,,0.25,1,0.1667,451,False,mit__performance,
pragmatic_normative__pragmatic,hofstede,pragmatic_normative,pragmatic,focused,0.5464,0.25,,0.25,1,0.1667,1966,False,job_employee__job_oriented,
pragmatic_normative__pragmatic,hofstede,pragmatic_normative,pragmatic,productivity and,0.5457,0.25,,0.25,1,0.1667,58,False,job_employee__job_oriented,
pragmatic_normative__pragmatic,hofstede,pragmatic_normative,pragmatic,manageable,0.5455,0.25,,0.25,2,0.125,313,False,tight_loose__tight_control; tight_loose__loose_control,
pragmatic_normative__pragmatic,hofstede,pragmatic_normative,pragmatic,driven,0.5455,0.25,,0.25,1,0.1667,2218,False,tight_loose__loose_control,
pragmatic_normative__pragmatic,hofstede,pragmatic_normative,pragmatic,strong focus,0.5453,0.25,,0.25,0,0.25,120,False,,
pragmatic_normative__pragmatic,hofstede,pragmatic_normative,pragmatic,virtually,0.5453,0.25,,0.25,0,0.25,178,False,,
pragmatic_normative__pragmatic,hofstede,pragmatic_normative,pragmatic,impactful,0.5453,0.25,,0.25,2,0.125,141,False,process_results__results_oriented; mit__agility,
pragmatic_normative__pragmatic,hofstede,pragmatic_normative,pragmatic,technical and,0.545,0.25,,0.25,1,0.1667,104,False,professional_parochial__professional,
pragmatic_normative__pragmatic,hofstede,pragmatic_normative,pragmatic,decisions and,0.5448,0.25,,0.25,8,0.05,134,False,process_results__process_oriented; process_results__results_oriented; open_closed__closed_system; tight_loose__tight_control; tight_loose__loose_control; pragmatic_normative__normative; mit__execution; mit__integrity,
pragmatic_normative__pragmatic,hofstede,pragmatic_normative,pragmatic,lucrative,0.5443,0.25,,0.25,0,0.25,102,False,,
pragmatic_normative__pragmatic,hofstede,pragmatic_normative,pragmatic,performance the,0.5443,0.25,,0.25,4,0.0833,92,False,process_results__results_oriented; mit__agility; mit__execution; mit__performance,
pragmatic_normative__pragmatic,hofstede,pragmatic_normative,pragmatic,for business,0.5438,0.25,,0.25,1,0.1667,107,False,mit__customer_orientation,
pragmatic_normative__pragmatic,hofstede,pragmatic_normative,pragmatic,advantages,0.5432,0.25,,0.25,0,0.25,114,False,,
pragmatic_normative__pragmatic,hofstede,pragmatic_normative,pragmatic,this industry,0.5429,0.25,,0.25,4,0.0833,139,False,professional_parochial__professional; professional_parochial__parochial; tight_loose__loose_control; mit__customer_orientation,
pragmatic_normative__pragmatic,hofstede,pragmatic_normative,pragmatic,very efficient,0.5423,0.25,,0.25,0,0.25,52,False,,
pragmatic_normative__pragmatic,hofstede,pragmatic_normative,pragmatic,industry and,0.5422,0.25,,0.25,2,0.125,430,False,professional_parochial__professional; mit__innovation,
pragmatic_normative__pragmatic,hofstede,pragmatic_normative,pragmatic,profitable,0.5421,0.25,,0.25,0,0.25,155,False,,
pragmatic_normative__pragmatic,hofstede,pragmatic_normative,pragmatic,smart driven,0.5416,0.25,,0.25,0,0.25,98,False,,
pragmatic_normative__pragmatic,hofstede,pragmatic_normative,pragmatic,for innovation,0.5407,0.25,,0.25,3,0.1,112,False,open_closed__open_system; pragmatic_normative__normative; mit__innovation,
pragmatic_normative__pragmatic,hofstede,pragmatic_normative,pragmatic,company flexible,0.5406,0.25,,0.25,1,0.1667,53,False,tight_loose__loose_control,
pragmatic_normative__pragmatic,hofstede,pragmatic_normative,pragmatic,products,0.5401,0.25,,0.25,3,0.1,1948,False,process_results__process_oriented; mit__customer_orientation; mit__innovation,
pragmatic_normative__pragmatic,hofstede,pragmatic_normative,pragmatic,innovative and,0.5397,0.25,,0.25,2,0.125,90,False,open_closed__open_system; mit__innovation,
pragmatic_normative__pragmatic,hofstede,pragmatic_normative,pragmatic,technical,0.5392,0.25,,0.25,1,0.1667,2183,False,professional_parochial__professional,
pragmatic_normative__pragmatic,hofstede,pragmatic_normative,pragmatic,the technology,0.5389,0.25,,0.25,2,0.125,484,False,process_results__process_oriented; mit__innovation,
pragmatic_normative__pragmatic,hofstede,pragmatic_normative,pragmatic,focus and,0.5382,0.25,,0.25,1,0.1667,100,False,job_employee__job_oriented,
pragmatic_normative__pragmatic,hofstede,pragmatic_normative,pragmatic,financially,0.5374,0.25,,0.25,1,0.1667,232,False,tight_loose__loose_control,
pragmatic_normative__pragmatic,hofstede,pragmatic_normative,pragmatic,more flexible,0.5367,0.25,,0.25,1,0.1667,118,False,mit__agility,
pragmatic_normative__pragmatic,hofstede,pragmatic_normative,pragmatic,performance but,0.5365,0.25,,0.25,3,0.1,64,False,process_results__results_oriented; mit__agility; mit__performance,
pragmatic_normative__pragmatic,hofstede,pragmatic_normative,pragmatic,flexible work,0.5363,0.25,,0.25,1,0.1667,1781,False,tight_loose__loose_control,
pragmatic_normative__pragmatic,hofstede,pragmatic_normative,pragmatic,and efficient,0.536,0.25,,0.25,0,0.25,77,False,,
pragmatic_normative__pragmatic,hofstede,pragmatic_normative,pragmatic,production,0.5352,0.25,,0.25,5,0.0714,456,False,process_results__process_oriented; process_results__results_oriented; mit__execution; mit__innovation; mit__performance,
pragmatic_normative__pragmatic,hofstede,pragmatic_normative,pragmatic,the technical,0.5351,0.25,,0.25,2,0.125,84,False,process_results__process_oriented; professional_parochial__professional,
pragmatic_normative__pragmatic,hofstede,pragmatic_normative,pragmatic,streamlined,0.535,0.25,,0.25,1,0.1667,107,False,mit__agility,
pragmatic_normative__pragmatic,hofstede,pragmatic_normative,pragmatic,focussed,0.5344,0.25,,0.25,1,0.1667,130,False,job_employee__job_oriented,
pragmatic_normative__pragmatic,hofstede,pragmatic_normative,pragmatic,with business,0.5341,0.25,,0.25,0,0.25,101,False,,
pragmatic_normative__pragmatic,hofstede,pragmatic_normative,pragmatic,industry work,0.534,0.25,,0.25,2,0.125,100,False,job_employee__job_oriented; professional_parochial__professional,
pragmatic_normative__pragmatic,hofstede,pragmatic_normative,pragmatic,business very,0.5336,0.25,,0.25,1,0.1667,85,False,mit__customer_orientation,
pragmatic_normative__pragmatic,hofstede,pragmatic_normative,pragmatic,flexibility for,0.5331,0.25,,0.25,1,0.1667,159,False,tight_loose__loose_control,
pragmatic_normative__pragmatic,hofstede,pragmatic_normative,pragmatic,business and,0.5329,0.25,,0.25,2,0.125,524,False,tight_loose__loose_control; mit__customer_orientation,
pragmatic_normative__pragmatic,hofstede,pragmatic_normative,pragmatic,innovation,0.5327,0.25,,0.25,2,0.125,1407,False,open_closed__open_system; mit__innovation,
pragmatic_normative__pragmatic,hofstede,pragmatic_normative,pragmatic,competitive for,0.5325,0.25,,0.25,1,0.1667,119,False,mit__performance,
pragmatic_normative__pragmatic,hofstede,pragmatic_normative,pragmatic,innovative,0.5324,0.25,,0.25,2,0.125,963,False,open_closed__open_system; mit__innovation,
pragmatic_normative__pragmatic,hofstede,pragmatic_normative,pragmatic,creativity and,0.5324,0.25,,0.25,3,0.1,64,False,process_results__results_oriented; open_closed__open_system; mit__innovation,
pragmatic_normative__pragmatic,hofstede,pragmatic_normative,pragmatic,client focused,0.5315,0.25,,0.25,1,0.1667,151,False,mit__customer_orientation,
pragmatic_normative__pragmatic,hofstede,pragmatic_normative,pragmatic,work flexible,0.5314,0.25,,0.25,1,0.1667,93,False,tight_loose__loose_control,
pragmatic_normative__pragmatic,hofstede,pragmatic_normative,pragmatic,industry very,0.5313,0.25,,0.25,1,0.1667,107,False,professional_parochial__professional,
pragmatic_normative__pragmatic,hofstede,pragmatic_normative,pragmatic,flexibility work,0.5309,0.25,,0.25,0,0.25,433,False,,
pragmatic_normative__pragmatic,hofstede,pragmatic_normative,pragmatic,sophisticated,0.5306,0.25,,0.25,1,0.1667,86,False,mit__innovation,
pragmatic_normative__pragmatic,hofstede,pragmatic_normative,pragmatic,based experience,0.5302,0.25,,0.25,3,0.1,50,False,open_closed__open_system; pragmatic_normative__normative; mit__performance,
pragmatic_normative__pragmatic,hofstede,pragmatic_normative,pragmatic,more efficient,0.5287,0.25,,0.25,0,0.25,83,False,,
pragmatic_normative__pragmatic,hofstede,pragmatic_normative,pragmatic,with opportunities,0.5286,0.25,,0.25,4,0.0833,161,False,process_results__results_oriented; open_closed__open_system; tight_loose__loose_control; mit__diversity,
pragmatic_normative__pragmatic,hofstede,pragmatic_normative,pragmatic,economy,0.5285,0.25,,0.25,0,0.25,231,False,,
pragmatic_normative__pragmatic,hofstede,pragmatic_normative,pragmatic,strategy and,0.5283,0.25,,0.25,3,0.1,143,False,process_results__results_oriented; tight_loose__loose_control; mit__innovation,
pragmatic_normative__pragmatic,hofstede,pragmatic_normative,pragmatic,decisions,0.5282,0.25,,0.25,7,0.0556,1797,False,process_results__process_oriented; process_results__results_oriented; open_closed__closed_system; tight_loose__tight_control; tight_loose__loose_control; pragmatic_normative__normative; mit__integrity,
pragmatic_normative__pragmatic,hofstede,pragmatic_normative,pragmatic,technology and,0.528,0.25,,0.25,1,0.1667,727,False,mit__innovation,
pragmatic_normative__pragmatic,hofstede,pragmatic_normative,pragmatic,reasonable work,0.5277,0.25,,0.25,1,0.1667,90,False,job_employee__job_oriented,
pragmatic_normative__pragmatic,hofstede,pragmatic_normative,pragmatic,competitive with,0.5269,0.25,,0.25,4,0.0833,190,False,open_closed__open_system; open_closed__closed_system; mit__collaboration; mit__performance,
pragmatic_normative__pragmatic,hofstede,pragmatic_normative,pragmatic,technologies,0.5268,0.25,,0.25,1,0.1667,2259,False,mit__innovation,
pragmatic_normative__pragmatic,hofstede,pragmatic_normative,pragmatic,professionally,0.5265,0.25,,0.25,1,0.1667,332,False,professional_parochial__professional,
pragmatic_normative__pragmatic,hofstede,pragmatic_normative,pragmatic,with flexibility,0.5265,0.25,,0.25,2,0.125,60,False,tight_loose__loose_control; mit__agility,
pragmatic_normative__pragmatic,hofstede,pragmatic_normative,pragmatic,flexibility working,0.5265,0.25,,0.25,1,0.1667,104,False,tight_loose__loose_control,
pragmatic_normative__pragmatic,hofstede,pragmatic_normative,pragmatic,strategies,0.5263,0.25,,0.25,1,0.1667,304,False,process_results__results_oriented,
pragmatic_normative__pragmatic,hofstede,pragmatic_normative,pragmatic,product,0.5248,0.25,,0.25,2,0.125,2041,False,process_results__results_oriented; mit__innovation,
pragmatic_normative__pragmatic,hofstede,pragmatic_normative,pragmatic,industry can,0.5242,0.25,,0.25,0,0.25,53,False,,
pragmatic_normative__pragmatic,hofstede,pragmatic_normative,pragmatic,increasingly,0.524,0.25,,0.25,3,0.1,191,False,open_closed__open_system; open_closed__closed_system; mit__innovation,
pragmatic_normative__pragmatic,hofstede,pragmatic_normative,pragmatic,achieve,0.5236,0.25,,0.25,7,0.0556,494,False,process_results__results_oriented; open_closed__open_system; tight_loose__loose_control; mit__agility; mit__execution; mit__innovation; mit__performance,
pragmatic_normative__pragmatic,hofstede,pragmatic_normative,pragmatic,understanding,0.5233,0.25,,0.25,5,0.0714,1119,False,open_closed__open_system; open_closed__closed_system; pragmatic_normative__normative; mit__integrity; mit__respect,
pragmatic_normative__pragmatic,hofstede,pragmatic_normative,pragmatic,competitiveness,0.5233,0.25,,0.25,1,0.1667,72,False,mit__performance,
pragmatic_normative__pragmatic,hofstede,pragmatic_normative,pragmatic,lot flexibility,0.5232,0.25,,0.25,0,0.25,108,False,,
pragmatic_normative__pragmatic,hofstede,pragmatic_normative,pragmatic,competition and,0.5222,0.25,,0.25,5,0.0714,78,False,process_results__results_oriented; open_closed__open_system; open_closed__closed_system; mit__innovation; mit__performance,
pragmatic_normative__pragmatic,hofstede,pragmatic_normative,pragmatic,flexibility not,0.522,0.25,,0.25,0,0.25,53,False,,
pragmatic_normative__pragmatic,hofstede,pragmatic_normative,pragmatic,market and,0.5218,0.25,,0.25,1,0.1667,217,False,mit__customer_orientation,
pragmatic_normative__pragmatic,hofstede,pragmatic_normative,pragmatic,diversified,0.5214,0.25,,0.25,1,0.1667,207,False,mit__diversity,
pragmatic_normative__pragmatic,hofstede,pragmatic_normative,pragmatic,strategy,0.5211,0.25,,0.25,2,0.125,1325,False,process_results__results_oriented; mit__innovation,
pragmatic_normative__pragmatic,hofstede,pragmatic_normative,pragmatic,invaluable,0.5209,0.25,,0.25,1,0.1667,64,False,pragmatic_normative__normative,
pragmatic_normative__pragmatic,hofstede,pragmatic_normative,pragmatic,driven people,0.5207,0.25,,0.25,0,0.25,202,False,,
pragmatic_normative__pragmatic,hofstede,pragmatic_normative,pragmatic,flexibility great,0.5203,0.25,,0.25,1,0.1667,136,False,mit__agility,
pragmatic_normative__pragmatic,hofstede,pragmatic_normative,pragmatic,for technology,0.5203,0.25,,0.25,0,0.25,116,False,,
pragmatic_normative__pragmatic,hofstede,pragmatic_normative,pragmatic,with competitors,0.5203,0.25,,0.25,0,0.25,55,False,,
pragmatic_normative__pragmatic,hofstede,pragmatic_normative,pragmatic,smart,0.5198,0.25,,0.25,0,0.25,7748,False,,
pragmatic_normative__pragmatic,hofstede,pragmatic_normative,pragmatic,more flexibility,0.5194,0.25,,0.25,0,0.25,72,False,,
pragmatic_normative__pragmatic,hofstede,pragmatic_normative,pragmatic,technology work,0.5194,0.25,,0.25,3,0.1,99,False,job_employee__job_oriented; professional_parochial__professional; mit__innovation,
pragmatic_normative__pragmatic,hofstede,pragmatic_normative,pragmatic,much flexibility,0.5192,0.25,,0.25,2,0.125,69,False,tight_loose__loose_control; mit__agility,
pragmatic_normative__pragmatic,hofstede,pragmatic_normative,pragmatic,high performance,0.5186,0.25,,0.25,2,0.125,151,False,mit__agility; mit__performance,
pragmatic_normative__pragmatic,hofstede,pragmatic_normative,pragmatic,industry the,0.5179,0.25,,0.25,1,0.1667,221,False,professional_parochial__professional,
pragmatic_normative__pragmatic,hofstede,pragmatic_normative,pragmatic,decision making,0.5173,0.25,,0.25,3,0.1,1095,False,process_results__process_oriented; process_results__results_oriented; pragmatic_normative__normative,
pragmatic_normative__pragmatic,hofstede,pragmatic_normative,pragmatic,competitive,0.5173,0.25,,0.25,1,0.1667,7478,False,mit__performance,
pragmatic_normative__pragmatic,hofstede,pragmatic_normative,pragmatic,creativity,0.5165,0.25,,0.25,2,0.125,323,False,open_closed__open_system; mit__innovation,
pragmatic_normative__pragmatic,hofstede,pragmatic_normative,pragmatic,with market,0.5161,0.25,,0.25,0,0.25,146,False,,
pragmatic_normative__pragmatic,hofstede,pragmatic_normative,pragmatic,process driven,0.516,0.25,,0.25,1,0.1667,100,False,process_results__process_oriented,
pragmatic_normative__pragmatic,hofstede,pragmatic_normative,pragmatic,business decisions,0.516,0.25,,0.25,2,0.125,54,False,process_results__results_oriented; pragmatic_normative__normative,
pragmatic_normative__pragmatic,hofstede,pragmatic_normative,pragmatic,approach,0.516,0.25,,0.25,4,0.0833,973,False,process_results__process_oriented; open_closed__closed_system; pragmatic_normative__normative; mit__innovation,
pragmatic_normative__pragmatic,hofstede,pragmatic_normative,pragmatic,strongly,0.5155,0.25,,0.25,1,0.1667,166,False,mit__agility,
pragmatic_normative__pragmatic,hofstede,pragmatic_normative,pragmatic,with flexible,0.5151,0.25,,0.25,2,0.125,110,False,tight_loose__loose_control; mit__agility,
pragmatic_normative__pragmatic,hofstede,pragmatic_normative,pragmatic,markets and,0.5148,0.25,,0.25,0,0.25,109,False,,
pragmatic_normative__pragmatic,hofstede,pragmatic_normative,pragmatic,market,0.5147,0.25,,0.25,1,0.1667,5954,False,mit__customer_orientation,
pragmatic_normative__pragmatic,hofstede,pragmatic_normative,pragmatic,the market,0.5147,0.25,,0.25,0,0.25,1361,False,,
pragmatic_normative__pragmatic,hofstede,pragmatic_normative,pragmatic,less competitive,0.5141,0.25,,0.25,0,0.25,99,False,,
pragmatic_normative__pragmatic,hofstede,pragmatic_normative,pragmatic,businesses,0.5135,0.25,,0.25,1,0.1667,597,False,mit__customer_orientation,
pragmatic_normative__pragmatic,hofstede,pragmatic_normative,pragmatic,technologies and,0.5132,0.25,,0.25,1,0.1667,228,False,mit__innovation,
pragmatic_normative__pragmatic,hofstede,pragmatic_normative,pragmatic,capabilities,0.5122,0.25,,0.25,3,0.1,244,False,tight_loose__loose_control; pragmatic_normative__normative; mit__performance,
pragmatic_normative__pragmatic,hofstede,pragmatic_normative,pragmatic,businesses and,0.512,0.25,,0.25,1,0.1667,56,False,mit__customer_orientation,
pragmatic_normative__pragmatic,hofstede,pragmatic_normative,pragmatic,technology can,0.5107,0.25,,0.25,0,0.25,59,False,,
pragmatic_normative__pragmatic,hofstede,pragmatic_normative,pragmatic,effort and,0.5106,0.25,,0.25,1,0.1667,74,False,process_results__results_oriented,
pragmatic_normative__pragmatic,hofstede,pragmatic_normative,pragmatic,with customers,0.5105,0.25,,0.25,1,0.1667,84,False,mit__customer_orientation,
pragmatic_normative__pragmatic,hofstede,pragmatic_normative,pragmatic,varying,0.5103,0.25,,0.25,1,0.1667,65,False,mit__diversity,
pragmatic_normative__pragmatic,hofstede,pragmatic_normative,pragmatic,consumer,0.5097,0.25,,0.25,1,0.1667,88,False,mit__customer_orientation,
process_results__process_orient,hofstede,process_results,process_oriented,process,0.6832,0.5,,0.5,1,0.3333,5347,False,mit__execution,
process_results__process_orient,hofstede,process_results,process_oriented,process and,0.6793,0.5,0.25,0.25,1,0.1667,332,False,mit__execution,Generic stopword/duplicated-token bigram — weight reduced to 0.25
process_results__process_orient,hofstede,process_results,process_oriented,procedures and,0.6751,0.5,0.25,0.25,1,0.1667,59,False,mit__execution,Generic stopword/duplicated-token bigram — weight reduced to 0.25
process_results__process_orient,hofstede,process_results,process_oriented,procedures,0.6737,1,,1.0,1,0.6667,527,True,mit__execution,
process_results__process_orient,hofstede,process_results,process_oriented,the process,0.6717,0.5,0.25,0.25,2,0.125,483,False,process_results__results_oriented; mit__execution,Generic stopword/duplicated-token bigram — weight reduced to 0.25
process_results__process_orient,hofstede,process_results,process_oriented,process for,0.6663,0.5,0.25,0.25,2,0.125,147,False,process_results__results_oriented; mit__execution,Generic stopword/duplicated-token bigram — weight reduced to 0.25
process_results__process_orient,hofstede,process_results,process_oriented,processing,0.6579,0.5,,0.5,4,0.1667,379,False,process_results__results_oriented; job_employee__job_oriented; tight_loose__tight_control; mit__execution,
process_results__process_orient,hofstede,process_results,process_oriented,the processes,0.6481,0.5,0.25,0.25,1,0.1667,132,False,mit__execution,Generic stopword/duplicated-token bigram — weight reduced to 0.25
process_results__process_orient,hofstede,process_results,process_oriented,process the,0.6454,0.5,0.25,0.25,2,0.125,82,False,process_results__results_oriented; mit__execution,Generic stopword/duplicated-token bigram — weight reduced to 0.25
process_results__process_orient,hofstede,process_results,process_oriented,approvals,0.627,0.5,,0.5,2,0.25,184,False,tight_loose__tight_control; mit__execution,
process_results__process_orient,hofstede,process_results,process_oriented,processes and,0.6267,0.5,0.25,0.25,0,0.25,363,False,,Generic stopword/duplicated-token bigram — weight reduced to 0.25
process_results__process_orient,hofstede,process_results,process_oriented,processes,0.6262,0.5,,0.5,0,0.5,2830,False,,
process_results__process_orient,hofstede,process_results,process_oriented,compliance and,0.6229,0.5,0.25,0.25,2,0.125,87,False,tight_loose__tight_control; pragmatic_normative__normative,Generic stopword/duplicated-token bigram — weight reduced to 0.25
process_results__process_orient,hofstede,process_results,process_oriented,decisions and,0.6227,0.5,0.25,0.25,8,0.05,134,False,process_results__results_oriented; open_closed__closed_system; tight_loose__tight_control; tight_loose__loose_control; pragmatic_normative__pragmatic; pragmatic_normative__normative; mit__execution; mit__integrity,Generic stopword/duplicated-token bigram — weight reduced to 0.25
process_results__process_orient,hofstede,process_results,process_oriented,processes for,0.6212,0.5,0.25,0.25,1,0.1667,51,False,mit__execution,Generic stopword/duplicated-token bigram — weight reduced to 0.25
process_results__process_orient,hofstede,process_results,process_oriented,process you,0.6204,0.5,0.25,0.25,2,0.125,61,False,process_results__results_oriented; mit__execution,Generic stopword/duplicated-token bigram — weight reduced to 0.25
process_results__process_orient,hofstede,process_results,process_oriented,and process,0.6114,0.5,0.25,0.25,1,0.1667,159,False,mit__execution,Generic stopword/duplicated-token bigram — weight reduced to 0.25
process_results__process_orient,hofstede,process_results,process_oriented,automated,0.6075,0.5,,0.5,0,0.5,122,False,,
process_results__process_orient,hofstede,process_results,process_oriented,procedure,0.6063,0.5,,0.5,1,0.3333,114,False,mit__execution,
process_results__process_orient,hofstede,process_results,process_oriented,planning and,0.606,0.5,0.25,0.25,3,0.1,120,False,process_results__results_oriented; tight_loose__tight_control; mit__execution,Generic stopword/duplicated-token bigram — weight reduced to 0.25
process_results__process_orient,hofstede,process_results,process_oriented,paperwork,0.6042,0.5,,0.5,0,0.5,178,False,,
process_results__process_orient,hofstede,process_results,process_oriented,bureaucracy and,0.604,0.5,0.25,0.25,4,0.0833,326,False,tight_loose__tight_control; tight_loose__loose_control; pragmatic_normative__normative; mit__execution,Generic stopword/duplicated-token bigram — weight reduced to 0.25
process_results__process_orient,hofstede,process_results,process_oriented,compliance,0.6017,1,,1.0,3,0.4,1102,True,tight_loose__tight_control; pragmatic_normative__normative; mit__integrity,
process_results__process_orient,hofstede,process_results,process_oriented,software and,0.6014,0.5,0.25,0.25,0,0.25,96,False,,Generic stopword/duplicated-token bigram — weight reduced to 0.25
process_results__process_orient,hofstede,process_results,process_oriented,approval,0.6013,0.5,,0.5,2,0.25,274,False,tight_loose__tight_control; mit__execution,
process_results__process_orient,hofstede,process_results,process_oriented,processes that,0.6001,0.5,0.25,0.25,0,0.25,87,False,,Generic stopword/duplicated-token bigram — weight reduced to 0.25
process_results__process_orient,hofstede,process_results,process_oriented,formal,0.5946,0.5,,0.5,1,0.3333,447,False,tight_loose__tight_control,
process_results__process_orient,hofstede,process_results,process_oriented,decisions,0.5929,0.5,,0.5,7,0.1111,1797,False,process_results__results_oriented; open_closed__closed_system; tight_loose__tight_control; tight_loose__loose_control; pragmatic_normative__pragmatic; pragmatic_normative__normative; mit__integrity,
process_results__process_orient,hofstede,process_results,process_oriented,design,0.5917,0.5,,0.5,8,0.1,306,False,open_closed__open_system; open_closed__closed_system; tight_loose__tight_control; tight_loose__loose_control; pragmatic_normative__pragmatic; pragmatic_normative__normative; mit__diversity; mit__innovation,
process_results__process_orient,hofstede,process_results,process_oriented,rules and,0.5909,0.5,0.25,0.25,2,0.125,101,False,open_closed__closed_system; tight_loose__tight_control,Generic stopword/duplicated-token bigram — weight reduced to 0.25
process_results__process_orient,hofstede,process_results,process_oriented,actions,0.5907,0.5,,0.5,4,0.1667,285,False,process_results__results_oriented; tight_loose__tight_control; pragmatic_normative__normative; mit__execution,
process_results__process_orient,hofstede,process_results,process_oriented,bureaucracy,0.5899,0.5,,0.5,3,0.2,2306,False,tight_loose__tight_control; tight_loose__loose_control; mit__execution,
process_results__process_orient,hofstede,process_results,process_oriented,guidance and,0.5896,0.5,0.25,0.25,1,0.1667,71,False,tight_loose__tight_control,Generic stopword/duplicated-token bigram — weight reduced to 0.25
process_results__process_orient,hofstede,process_results,process_oriented,and procedures,0.5894,0.5,0.25,0.25,0,0.25,166,False,,Generic stopword/duplicated-token bigram — weight reduced to 0.25
process_results__process_orient,hofstede,process_results,process_oriented,the operations,0.5866,0.5,0.25,0.25,3,0.1,132,False,process_results__results_oriented; tight_loose__tight_control; mit__execution,Generic stopword/duplicated-token bigram — weight reduced to 0.25
process_results__process_orient,hofstede,process_results,process_oriented,manual processes,0.5852,0.5,,0.5,0,0.5,55,False,,
process_results__process_orient,hofstede,process_results,process_oriented,practices and,0.585,0.5,0.25,0.25,2,0.125,69,False,tight_loose__tight_control; pragmatic_normative__normative,Generic stopword/duplicated-token bigram — weight reduced to 0.25
process_results__process_orient,hofstede,process_results,process_oriented,decision making,0.5846,0.5,,0.5,3,0.2,1095,False,process_results__results_oriented; pragmatic_normative__pragmatic; pragmatic_normative__normative,
process_results__process_orient,hofstede,process_results,process_oriented,process was,0.5845,0.5,0.25,0.25,0,0.25,133,False,,Generic stopword/duplicated-token bigram — weight reduced to 0.25
process_results__process_orient,hofstede,process_results,process_oriented,methodology,0.5836,0.5,,0.5,0,0.5,108,False,,
process_results__process_orient,hofstede,process_results,process_oriented,ensuring,0.5833,0.5,,0.5,4,0.1667,97,False,tight_loose__tight_control; pragmatic_normative__normative; mit__execution; mit__respect,
process_results__process_orient,hofstede,process_results,process_oriented,programs and,0.5832,0.5,0.25,0.25,0,0.25,154,False,,Generic stopword/duplicated-token bigram — weight reduced to 0.25
process_results__process_orient,hofstede,process_results,process_oriented,software,0.582,0.5,,0.5,0,0.5,2486,False,,
process_results__process_orient,hofstede,process_results,process_oriented,some processes,0.5813,0.5,,0.5,0,0.5,80,False,,
process_results__process_orient,hofstede,process_results,process_oriented,bureaucratic processes,0.5799,0.5,,0.5,0,0.5,50,False,,
process_results__process_orient,hofstede,process_results,process_oriented,the rules,0.5792,0.5,0.25,0.25,3,0.1,63,False,open_closed__closed_system; tight_loose__tight_control; mit__integrity,Generic stopword/duplicated-token bigram — weight reduced to 0.25
process_results__process_orient,hofstede,process_results,process_oriented,execution,0.5754,0.5,,0.5,2,0.25,249,False,process_results__results_oriented; mit__execution,
process_results__process_orient,hofstede,process_results,process_oriented,making decisions,0.5737,0.5,,0.5,3,0.2,69,False,process_results__results_oriented; pragmatic_normative__normative; mit__execution,
process_results__process_orient,hofstede,process_results,process_oriented,approach and,0.5736,0.5,0.25,0.25,3,0.1,52,False,process_results__results_oriented; pragmatic_normative__normative; mit__innovation,Generic stopword/duplicated-token bigram — weight reduced to 0.25
process_results__process_orient,hofstede,process_results,process_oriented,practices,0.573,0.5,,0.5,2,0.25,793,False,tight_loose__tight_control; pragmatic_normative__normative,
process_results__process_orient,hofstede,process_results,process_oriented,the program,0.5721,0.5,0.25,0.25,0,0.25,249,False,,Generic stopword/duplicated-token bigram — weight reduced to 0.25
process_results__process_orient,hofstede,process_results,process_oriented,process driven,0.5717,0.5,,0.5,1,0.3333,100,False,pragmatic_normative__pragmatic,
process_results__process_orient,hofstede,process_results,process_oriented,and processes,0.5714,0.5,0.25,0.25,0,0.25,260,False,,Generic stopword/duplicated-token bigram — weight reduced to 0.25
process_results__process_orient,hofstede,process_results,process_oriented,the decisions,0.5707,0.5,0.25,0.25,5,0.0714,59,False,process_results__results_oriented; tight_loose__tight_control; tight_loose__loose_control; pragmatic_normative__normative; mit__integrity,Generic stopword/duplicated-token bigram — weight reduced to 0.25
process_results__process_orient,hofstede,process_results,process_oriented,advisory,0.5705,0.5,,0.5,1,0.3333,165,False,tight_loose__tight_control,
process_results__process_orient,hofstede,process_results,process_oriented,the software,0.5704,0.5,0.25,0.25,0,0.25,106,False,,Generic stopword/duplicated-token bigram — weight reduced to 0.25
process_results__process_orient,hofstede,process_results,process_oriented,management and,0.5696,0.5,0.25,0.25,7,0.0556,2249,False,process_results__results_oriented; professional_parochial__professional; tight_loose__tight_control; tight_loose__loose_control; pragmatic_normative__normative; mit__execution; mit__performance,Generic stopword/duplicated-token bigram — weight reduced to 0.25
process_results__process_orient,hofstede,process_results,process_oriented,regulations,0.5665,0.5,,0.5,1,0.3333,269,False,tight_loose__tight_control,
process_results__process_orient,hofstede,process_results,process_oriented,program and,0.5665,0.5,0.25,0.25,0,0.25,199,False,,Generic stopword/duplicated-token bigram — weight reduced to 0.25
process_results__process_orient,hofstede,process_results,process_oriented,implemented,0.5663,0.5,,0.5,2,0.25,229,False,tight_loose__tight_control; pragmatic_normative__normative,
process_results__process_orient,hofstede,process_results,process_oriented,programs,0.5663,0.5,,0.5,0,0.5,1269,False,,
process_results__process_orient,hofstede,process_results,process_oriented,methodologies,0.5641,0.5,,0.5,0,0.5,69,False,,
process_results__process_orient,hofstede,process_results,process_oriented,methods,0.5639,0.5,,0.5,0,0.5,111,False,,
process_results__process_orient,hofstede,process_results,process_oriented,the form,0.563,0.5,0.25,0.25,0,0.25,56,False,,Generic stopword/duplicated-token bigram — weight reduced to 0.25
process_results__process_orient,hofstede,process_results,process_oriented,decision makers,0.5629,0.5,,0.5,2,0.25,75,False,process_results__results_oriented; pragmatic_normative__normative,
process_results__process_orient,hofstede,process_results,process_oriented,operational,0.5626,0.5,,0.5,3,0.2,413,False,process_results__results_oriented; tight_loose__tight_control; mit__execution,
process_results__process_orient,hofstede,process_results,process_oriented,operations and,0.5625,0.5,0.25,0.25,2,0.125,103,False,tight_loose__tight_control; mit__execution,Generic stopword/duplicated-token bigram — weight reduced to 0.25
process_results__process_orient,hofstede,process_results,process_oriented,planning,0.5623,0.5,,0.5,1,0.3333,1013,False,process_results__results_oriented,
process_results__process_orient,hofstede,process_results,process_oriented,softwares,0.5618,0.5,,0.5,0,0.5,62,False,,
process_results__process_orient,hofstede,process_results,process_oriented,operations,0.5613,0.5,,0.5,2,0.25,2883,False,tight_loose__tight_control; mit__execution,
process_results__process_orient,hofstede,process_results,process_oriented,guidance,0.5598,0.5,,0.5,1,0.3333,717,False,tight_loose__tight_control,
process_results__process_orient,hofstede,process_results,process_oriented,bureaucratic and,0.559,0.5,0.25,0.25,2,0.125,278,False,tight_loose__tight_control; tight_loose__loose_control,Generic stopword/duplicated-token bigram — weight reduced to 0.25
process_results__process_orient,hofstede,process_results,process_oriented,workflow,0.5587,0.5,,0.5,0,0.5,151,False,,
process_results__process_orient,hofstede,process_results,process_oriented,program,0.5577,0.5,,0.5,0,0.5,3749,False,,
process_results__process_orient,hofstede,process_results,process_oriented,approaches,0.5576,0.5,,0.5,3,0.2,75,False,process_results__results_oriented; open_closed__open_system; mit__innovation,
process_results__process_orient,hofstede,process_results,process_oriented,policies,0.5575,0.5,,0.5,1,0.3333,2243,False,tight_loose__tight_control,
process_results__process_orient,hofstede,process_results,process_oriented,systems and,0.5572,0.5,0.25,0.25,1,0.1667,461,False,tight_loose__tight_control,Generic stopword/duplicated-token bigram — weight reduced to 0.25
process_results__process_orient,hofstede,process_results,process_oriented,decisions made,0.5568,0.5,,0.5,2,0.25,99,False,process_results__results_oriented; pragmatic_normative__normative,
process_results__process_orient,hofstede,process_results,process_oriented,systems,0.5552,0.5,,0.5,1,0.3333,3208,False,tight_loose__tight_control,
process_results__process_orient,hofstede,process_results,process_oriented,guidelines,0.555,0.5,,0.5,1,0.3333,145,False,tight_loose__tight_control,
process_results__process_orient,hofstede,process_results,process_oriented,introduction,0.5548,0.5,,0.5,1,0.3333,158,False,mit__innovation,
process_results__process_orient,hofstede,process_results,process_oriented,structured,0.5545,0.5,,0.5,1,0.3333,1119,False,tight_loose__tight_control,
process_results__process_orient,hofstede,process_results,process_oriented,policies and,0.5543,0.5,0.25,0.25,1,0.1667,263,False,tight_loose__tight_control,Generic stopword/duplicated-token bigram — weight reduced to 0.25
process_results__process_orient,hofstede,process_results,process_oriented,follows,0.5542,0.5,,0.5,2,0.25,97,False,tight_loose__tight_control; mit__execution,
process_results__process_orient,hofstede,process_results,process_oriented,organization and,0.5541,0.5,0.25,0.25,3,0.1,224,False,tight_loose__tight_control; tight_loose__loose_control; mit__collaboration,Generic stopword/duplicated-token bigram — weight reduced to 0.25
process_results__process_orient,hofstede,process_results,process_oriented,assurance,0.5539,0.5,,0.5,0,0.5,62,False,,
process_results__process_orient,hofstede,process_results,process_oriented,structured and,0.5537,0.5,0.25,0.25,1,0.1667,141,False,tight_loose__tight_control,Generic stopword/duplicated-token bigram — weight reduced to 0.25
process_results__process_orient,hofstede,process_results,process_oriented,approach,0.5537,0.5,,0.5,4,0.1667,973,False,open_closed__closed_system; pragmatic_normative__pragmatic; pragmatic_normative__normative; mit__innovation,
process_results__process_orient,hofstede,process_results,process_oriented,tasks and,0.5536,0.5,0.25,0.25,4,0.0833,158,False,process_results__results_oriented; job_employee__job_oriented; tight_loose__tight_control; mit__execution,Generic stopword/duplicated-token bigram — weight reduced to 0.25
process_results__process_orient,hofstede,process_results,process_oriented,rules,0.5531,0.5,,0.5,2,0.25,614,False,open_closed__closed_system; tight_loose__tight_control,
process_results__process_orient,hofstede,process_results,process_oriented,manual work,0.5531,0.5,,0.5,0,0.5,87,False,,
process_results__process_orient,hofstede,process_results,process_oriented,documentation,0.5531,1,,1.0,0,1.0,231,True,,
process_results__process_orient,hofstede,process_results,process_oriented,implementing,0.5519,0.5,,0.5,0,0.5,120,False,,
process_results__process_orient,hofstede,process_results,process_oriented,the tasks,0.5518,0.5,0.25,0.25,4,0.0833,93,False,process_results__results_oriented; job_employee__job_oriented; tight_loose__tight_control; mit__execution,Generic stopword/duplicated-token bigram — weight reduced to 0.25
process_results__process_orient,hofstede,process_results,process_oriented,work through,0.5508,0.5,,0.5,3,0.2,67,False,job_employee__job_oriented; mit__collaboration; mit__execution,
process_results__process_orient,hofstede,process_results,process_oriented,making process,0.5508,0.5,,0.5,0,0.5,116,False,,
process_results__process_orient,hofstede,process_results,process_oriented,action,0.5507,0.5,,0.5,3,0.2,366,False,process_results__results_oriented; tight_loose__tight_control; mit__execution,
process_results__process_orient,hofstede,process_results,process_oriented,communicated,0.5501,0.5,,0.5,4,0.1667,129,False,tight_loose__tight_control; mit__collaboration; mit__execution; mit__integrity,
process_results__process_orient,hofstede,process_results,process_oriented,review and,0.5497,0.25,,0.25,0,0.25,85,False,,
process_results__process_orient,hofstede,process_results,process_oriented,criteria,0.5492,0.25,,0.25,1,0.1667,160,False,pragmatic_normative__normative,
process_results__process_orient,hofstede,process_results,process_oriented,coordination,0.5489,0.25,,0.25,3,0.1,113,False,tight_loose__tight_control; tight_loose__loose_control; mit__collaboration,
process_results__process_orient,hofstede,process_results,process_oriented,form,0.5487,0.25,,0.25,0,0.25,329,False,,
process_results__process_orient,hofstede,process_results,process_oriented,tasks,0.548,0.25,,0.25,4,0.0833,1982,False,process_results__results_oriented; job_employee__job_oriented; tight_loose__tight_control; mit__execution,
process_results__process_orient,hofstede,process_results,process_oriented,processes are,0.5479,0.25,,0.25,0,0.25,292,False,,
process_results__process_orient,hofstede,process_results,process_oriented,how work,0.5449,0.25,,0.25,2,0.125,81,False,process_results__results_oriented; open_closed__closed_system,
process_results__process_orient,hofstede,process_results,process_oriented,process oriented,0.544,0.25,,0.25,0,0.25,135,False,,
process_results__process_orient,hofstede,process_results,process_oriented,knowledge and,0.5432,0.25,,0.25,4,0.0833,395,False,open_closed__open_system; tight_loose__tight_control; pragmatic_normative__normative; mit__innovation,
process_results__process_orient,hofstede,process_results,process_oriented,evaluations,0.5429,0.25,,0.25,3,0.1,64,False,process_results__results_oriented; mit__execution; mit__performance,
process_results__process_orient,hofstede,process_results,process_oriented,organized and,0.5428,0.25,,0.25,1,0.1667,93,False,tight_loose__tight_control,
process_results__process_orient,hofstede,process_results,process_oriented,overview,0.5426,0.25,,0.25,0,0.25,181,False,,
process_results__process_orient,hofstede,process_results,process_oriented,bureaucratic,0.5423,1,,1.0,3,0.4,2006,True,professional_parochial__professional; tight_loose__tight_control; tight_loose__loose_control,
process_results__process_orient,hofstede,process_results,process_oriented,interactive,0.5422,0.25,,0.25,0,0.25,71,False,,
process_results__process_orient,hofstede,process_results,process_oriented,oversight,0.5422,0.25,,0.25,1,0.1667,203,False,tight_loose__tight_control,
process_results__process_orient,hofstede,process_results,process_oriented,the bureaucracy,0.5422,0.25,,0.25,2,0.125,88,False,tight_loose__tight_control; tight_loose__loose_control,
process_results__process_orient,hofstede,process_results,process_oriented,guide,0.5418,0.25,,0.25,0,0.25,123,False,,
process_results__process_orient,hofstede,process_results,process_oriented,with management,0.5418,0.25,,0.25,4,0.0833,412,False,process_results__results_oriented; tight_loose__tight_control; tight_loose__loose_control; mit__execution,
process_results__process_orient,hofstede,process_results,process_oriented,paper,0.5414,0.25,,0.25,0,0.25,259,False,,
process_results__process_orient,hofstede,process_results,process_oriented,prepared work,0.5414,0.25,,0.25,2,0.125,117,False,job_employee__job_oriented; mit__execution,
process_results__process_orient,hofstede,process_results,process_oriented,process improvement,0.5413,0.25,,0.25,0,0.25,51,False,,
process_results__process_orient,hofstede,process_results,process_oriented,long process,0.5412,0.25,,0.25,0,0.25,50,False,,
process_results__process_orient,hofstede,process_results,process_oriented,manual,0.539,0.25,,0.25,0,0.25,379,False,,
process_results__process_orient,hofstede,process_results,process_oriented,flow and,0.5384,0.25,,0.25,0,0.25,68,False,,
process_results__process_orient,hofstede,process_results,process_oriented,meetings and,0.5381,0.25,,0.25,1,0.1667,217,False,mit__collaboration,
process_results__process_orient,hofstede,process_results,process_oriented,much process,0.5372,0.25,,0.25,0,0.25,50,False,,
process_results__process_orient,hofstede,process_results,process_oriented,commission and,0.5371,0.25,,0.25,0,0.25,82,False,,
process_results__process_orient,hofstede,process_results,process_oriented,operate,0.5366,0.25,,0.25,5,0.0714,188,False,process_results__results_oriented; job_employee__job_oriented; tight_loose__tight_control; tight_loose__loose_control; mit__execution,
process_results__process_orient,hofstede,process_results,process_oriented,the systems,0.5359,0.25,,0.25,1,0.1667,177,False,tight_loose__tight_control,
process_results__process_orient,hofstede,process_results,process_oriented,comprehensive,0.5358,0.25,,0.25,1,0.1667,295,False,pragmatic_normative__pragmatic,
process_results__process_orient,hofstede,process_results,process_oriented,handling,0.5358,0.25,,0.25,4,0.0833,201,False,tight_loose__tight_control; pragmatic_normative__normative; mit__execution; mit__respect,
process_results__process_orient,hofstede,process_results,process_oriented,process good,0.5354,0.25,,0.25,1,0.1667,125,False,mit__execution,
process_results__process_orient,hofstede,process_results,process_oriented,the task,0.5336,0.25,,0.25,4,0.0833,51,False,process_results__results_oriented; job_employee__job_oriented; mit__execution; mit__innovation,
process_results__process_orient,hofstede,process_results,process_oriented,requirement,0.5334,0.25,,0.25,0,0.25,226,False,,
process_results__process_orient,hofstede,process_results,process_oriented,enforced,0.5331,0.25,,0.25,2,0.125,56,False,open_closed__closed_system; tight_loose__tight_control,
process_results__process_orient,hofstede,process_results,process_oriented,policy,0.5316,0.25,,0.25,1,0.1667,2376,False,tight_loose__tight_control,
process_results__process_orient,hofstede,process_results,process_oriented,organizational,0.5314,0.25,,0.25,6,0.0625,498,False,job_employee__employee_oriented; professional_parochial__parochial; tight_loose__tight_control; tight_loose__loose_control; mit__collaboration; mit__performance,
process_results__process_orient,hofstede,process_results,process_oriented,decision,0.5309,0.25,,0.25,3,0.1,1801,False,process_results__results_oriented; open_closed__closed_system; mit__integrity,
process_results__process_orient,hofstede,process_results,process_oriented,operation,0.5306,0.25,,0.25,1,0.1667,391,False,mit__execution,
process_results__process_orient,hofstede,process_results,process_oriented,detail,0.5302,0.25,,0.25,3,0.1,159,False,process_results__results_oriented; pragmatic_normative__pragmatic; mit__agility,
process_results__process_orient,hofstede,process_results,process_oriented,management,0.5299,0.25,,0.25,5,0.0714,38993,False,process_results__results_oriented; tight_loose__tight_control; tight_loose__loose_control; mit__execution; mit__performance,
process_results__process_orient,hofstede,process_results,process_oriented,and structured,0.5296,0.25,,0.25,1,0.1667,55,False,tight_loose__tight_control,
process_results__process_orient,hofstede,process_results,process_oriented,evaluation,0.5295,0.25,,0.25,4,0.0833,157,False,process_results__results_oriented; pragmatic_normative__normative; mit__execution; mit__performance,
process_results__process_orient,hofstede,process_results,process_oriented,the technical,0.5293,0.25,,0.25,2,0.125,84,False,professional_parochial__professional; pragmatic_normative__pragmatic,
process_results__process_orient,hofstede,process_results,process_oriented,your management,0.5293,0.25,,0.25,4,0.0833,57,False,process_results__results_oriented; tight_loose__tight_control; tight_loose__loose_control; mit__execution,
process_results__process_orient,hofstede,process_results,process_oriented,steps,0.5292,0.25,,0.25,0,0.25,192,False,,
process_results__process_orient,hofstede,process_results,process_oriented,from management,0.5286,0.25,,0.25,2,0.125,724,False,process_results__results_oriented; tight_loose__loose_control,
process_results__process_orient,hofstede,process_results,process_oriented,schedules and,0.5285,0.25,,0.25,0,0.25,61,False,,
process_results__process_orient,hofstede,process_results,process_oriented,security and,0.5281,0.25,,0.25,1,0.1667,187,False,mit__integrity,
process_results__process_orient,hofstede,process_results,process_oriented,the following,0.5277,0.25,,0.25,1,0.1667,72,False,tight_loose__tight_control,
process_results__process_orient,hofstede,process_results,process_oriented,straightforward,0.5277,0.25,,0.25,4,0.0833,85,False,open_closed__closed_system; tight_loose__loose_control; pragmatic_normative__pragmatic; mit__agility,
process_results__process_orient,hofstede,process_results,process_oriented,guidance from,0.5277,0.25,,0.25,0,0.25,74,False,,
process_results__process_orient,hofstede,process_results,process_oriented,responsibilities and,0.5277,0.25,,0.25,7,0.0556,105,False,process_results__results_oriented; tight_loose__tight_control; tight_loose__loose_control; pragmatic_normative__normative; mit__execution; mit__performance; mit__respect,
process_results__process_orient,hofstede,process_results,process_oriented,operating,0.5277,0.25,,0.25,1,0.1667,206,False,mit__execution,
process_results__process_orient,hofstede,process_results,process_oriented,approachable and,0.5277,0.25,,0.25,2,0.125,149,False,pragmatic_normative__pragmatic; pragmatic_normative__normative,
process_results__process_orient,hofstede,process_results,process_oriented,task,0.5276,0.25,,0.25,3,0.1,467,False,process_results__results_oriented; job_employee__job_oriented; mit__execution,
process_results__process_orient,hofstede,process_results,process_oriented,forms,0.5275,0.25,,0.25,0,0.25,90,False,,
process_results__process_orient,hofstede,process_results,process_oriented,policy and,0.5273,0.25,,0.25,1,0.1667,192,False,tight_loose__tight_control,
process_results__process_orient,hofstede,process_results,process_oriented,implement,0.5269,0.25,,0.25,1,0.1667,357,False,tight_loose__tight_control,
process_results__process_orient,hofstede,process_results,process_oriented,advanced,0.5267,0.25,,0.25,5,0.0714,372,False,tight_loose__tight_control; pragmatic_normative__pragmatic; mit__agility; mit__innovation; mit__performance,
process_results__process_orient,hofstede,process_results,process_oriented,checking,0.5262,0.25,,0.25,0,0.25,79,False,,
process_results__process_orient,hofstede,process_results,process_oriented,automation,0.5253,0.25,,0.25,0,0.25,299,False,,
process_results__process_orient,hofstede,process_results,process_oriented,managements,0.5252,0.25,,0.25,1,0.1667,106,False,tight_loose__tight_control,
process_results__process_orient,hofstede,process_results,process_oriented,involves,0.5248,0.25,,0.25,1,0.1667,98,False,tight_loose__tight_control,
process_results__process_orient,hofstede,process_results,process_oriented,very structured,0.5245,0.25,,0.25,1,0.1667,198,False,tight_loose__tight_control,
process_results__process_orient,hofstede,process_results,process_oriented,documented,0.5243,0.25,,0.25,0,0.25,65,False,,
process_results__process_orient,hofstede,process_results,process_oriented,responsibility and,0.5243,0.25,,0.25,7,0.0556,175,False,process_results__results_oriented; tight_loose__tight_control; tight_loose__loose_control; pragmatic_normative__normative; mit__execution; mit__integrity; mit__respect,
process_results__process_orient,hofstede,process_results,process_oriented,the policies,0.5242,0.25,,0.25,1,0.1667,70,False,tight_loose__tight_control,
process_results__process_orient,hofstede,process_results,process_oriented,supervision,0.5242,0.25,,0.25,1,0.1667,83,False,tight_loose__tight_control,
process_results__process_orient,hofstede,process_results,process_oriented,hectic work,0.5241,0.25,,0.25,2,0.125,150,False,job_employee__job_oriented; mit__execution,
process_results__process_orient,hofstede,process_results,process_oriented,decisions that,0.5239,0.25,,0.25,2,0.125,69,False,process_results__results_oriented; pragmatic_normative__normative,
process_results__process_orient,hofstede,process_results,process_oriented,tasks that,0.5236,0.25,,0.25,4,0.0833,83,False,process_results__results_oriented; job_employee__job_oriented; mit__execution; mit__innovation,
process_results__process_orient,hofstede,process_results,process_oriented,systematic,0.5224,0.25,,0.25,0,0.25,76,False,,
process_results__results_orient,hofstede,process_results,results_oriented,outcome,0.7109,0.75,,0.75,1,0.5,75,False,mit__execution,
process_results__results_orient,hofstede,process_results,results_oriented,outcomes,0.6957,1,,1.0,1,0.6667,93,True,mit__execution,
process_results__results_orient,hofstede,process_results,results_oriented,achieving,0.6928,0.5,,0.5,5,0.1429,125,False,open_closed__open_system; pragmatic_normative__normative; mit__execution; mit__innovation; mit__performance,
process_results__results_orient,hofstede,process_results,results_oriented,success,0.6921,0.5,,0.5,3,0.2,1086,False,mit__execution; mit__innovation; mit__performance,
process_results__results_orient,hofstede,process_results,results_oriented,achieve,0.6834,0.5,,0.5,7,0.1111,494,False,open_closed__open_system; tight_loose__loose_control; pragmatic_normative__pragmatic; mit__agility; mit__execution; mit__innovation; mit__performance,
process_results__results_orient,hofstede,process_results,results_oriented,goals and,0.6765,0.5,0.25,0.25,0,0.25,182,False,,Generic stopword/duplicated-token bigram — weight reduced to 0.25
process_results__results_orient,hofstede,process_results,results_oriented,success and,0.6756,0.5,0.25,0.25,3,0.1,81,False,mit__execution; mit__innovation; mit__performance,Generic stopword/duplicated-token bigram — weight reduced to 0.25
process_results__results_orient,hofstede,process_results,results_oriented,goals,0.6729,1,,1.0,0,1.0,1329,True,,
process_results__results_orient,hofstede,process_results,results_oriented,results,0.6728,0.5,,0.5,1,0.3333,815,False,mit__execution,
process_results__results_orient,hofstede,process_results,results_oriented,the success,0.6667,0.5,0.25,0.25,3,0.1,54,False,mit__execution; mit__innovation; mit__performance,Generic stopword/duplicated-token bigram — weight reduced to 0.25
process_results__results_orient,hofstede,process_results,results_oriented,the goals,0.6648,0.5,0.25,0.25,0,0.25,53,False,,Generic stopword/duplicated-token bigram — weight reduced to 0.25
process_results__results_orient,hofstede,process_results,results_oriented,performance and,0.659,0.5,0.25,0.25,4,0.0833,233,False,pragmatic_normative__pragmatic; mit__agility; mit__execution; mit__performance,Generic stopword/duplicated-token bigram — weight reduced to 0.25
process_results__results_orient,hofstede,process_results,results_oriented,the performance,0.655,0.5,0.25,0.25,4,0.0833,99,False,pragmatic_normative__pragmatic; mit__agility; mit__execution; mit__performance,Generic stopword/duplicated-token bigram — weight reduced to 0.25
process_results__results_orient,hofstede,process_results,results_oriented,accomplish,0.6537,0.5,,0.5,1,0.3333,130,False,mit__execution,
process_results__results_orient,hofstede,process_results,results_oriented,achievement,0.6532,0.5,,0.5,3,0.2,54,False,mit__execution; mit__innovation; mit__performance,
process_results__results_orient,hofstede,process_results,results_oriented,performance the,0.6477,0.5,0.25,0.25,4,0.0833,92,False,pragmatic_normative__pragmatic; mit__agility; mit__execution; mit__performance,Generic stopword/duplicated-token bigram — weight reduced to 0.25
process_results__results_orient,hofstede,process_results,results_oriented,achieved,0.6436,0.5,,0.5,4,0.1667,94,False,mit__agility; mit__execution; mit__innovation; mit__performance,
process_results__results_orient,hofstede,process_results,results_oriented,strategy and,0.6413,0.5,0.25,0.25,3,0.1,143,False,tight_loose__loose_control; pragmatic_normative__pragmatic; mit__innovation,Generic stopword/duplicated-token bigram — weight reduced to 0.25
process_results__results_orient,hofstede,process_results,results_oriented,decisions and,0.6408,0.5,0.25,0.25,8,0.05,134,False,process_results__process_oriented; open_closed__closed_system; tight_loose__tight_control; tight_loose__loose_control; pragmatic_normative__pragmatic; pragmatic_normative__normative; mit__execution; mit__integrity,Generic stopword/duplicated-token bigram — weight reduced to 0.25
process_results__results_orient,hofstede,process_results,results_oriented,performance,0.6383,0.5,,0.5,4,0.1667,4040,False,pragmatic_normative__pragmatic; mit__agility; mit__execution; mit__performance,
process_results__results_orient,hofstede,process_results,results_oriented,objectives,0.6343,0.5,,0.5,2,0.25,206,False,pragmatic_normative__normative; mit__performance,
process_results__results_orient,hofstede,process_results,results_oriented,for success,0.6341,0.5,0.25,0.25,1,0.1667,155,False,mit__execution,Generic stopword/duplicated-token bigram — weight reduced to 0.25
process_results__results_orient,hofstede,process_results,results_oriented,succeed and,0.6298,0.5,0.25,0.25,1,0.1667,108,False,mit__execution,Generic stopword/duplicated-token bigram — weight reduced to 0.25
process_results__results_orient,hofstede,process_results,results_oriented,decisions,0.6291,0.5,,0.5,7,0.1111,1797,False,process_results__process_oriented; open_closed__closed_system; tight_loose__tight_control; tight_loose__loose_control; pragmatic_normative__pragmatic; pragmatic_normative__normative; mit__integrity,
process_results__results_orient,hofstede,process_results,results_oriented,progress,0.6268,0.5,,0.5,4,0.1667,1600,False,process_results__process_oriented; mit__agility; mit__execution; mit__innovation,
process_results__results_orient,hofstede,process_results,results_oriented,progress and,0.6215,0.5,0.25,0.25,3,0.1,121,False,process_results__process_oriented; mit__execution; mit__innovation,Generic stopword/duplicated-token bigram — weight reduced to 0.25
process_results__results_orient,hofstede,process_results,results_oriented,strategy,0.6205,0.5,,0.5,2,0.25,1325,False,pragmatic_normative__pragmatic; mit__innovation,
process_results__results_orient,hofstede,process_results,results_oriented,evaluation,0.6204,0.5,,0.5,4,0.1667,157,False,process_results__process_oriented; pragmatic_normative__normative; mit__execution; mit__performance,
process_results__results_orient,hofstede,process_results,results_oriented,evaluations,0.6186,0.5,,0.5,3,0.2,64,False,process_results__process_oriented; mit__execution; mit__performance,
process_results__results_orient,hofstede,process_results,results_oriented,ambition,0.6175,0.5,,0.5,2,0.25,201,False,tight_loose__loose_control; mit__execution,
process_results__results_orient,hofstede,process_results,results_oriented,goals are,0.6175,0.5,0.25,0.25,0,0.25,85,False,,Generic stopword/duplicated-token bigram — weight reduced to 0.25
process_results__results_orient,hofstede,process_results,results_oriented,goal,0.6162,0.5,,0.5,0,0.5,455,False,,
process_results__results_orient,hofstede,process_results,results_oriented,the result,0.6159,0.5,0.25,0.25,0,0.25,51,False,,Generic stopword/duplicated-token bigram — weight reduced to 0.25
process_results__results_orient,hofstede,process_results,results_oriented,success the,0.6151,0.5,0.25,0.25,1,0.1667,86,False,mit__execution,Generic stopword/duplicated-token bigram — weight reduced to 0.25
process_results__results_orient,hofstede,process_results,results_oriented,task,0.6073,0.5,,0.5,3,0.2,467,False,process_results__process_oriented; job_employee__job_oriented; mit__execution,
process_results__results_orient,hofstede,process_results,results_oriented,the decisions,0.6071,0.5,0.25,0.25,5,0.0714,59,False,process_results__process_oriented; tight_loose__tight_control; tight_loose__loose_control; pragmatic_normative__normative; mit__integrity,Generic stopword/duplicated-token bigram — weight reduced to 0.25
process_results__results_orient,hofstede,process_results,results_oriented,the task,0.6051,0.5,0.25,0.25,4,0.0833,51,False,process_results__process_oriented; job_employee__job_oriented; mit__execution; mit__innovation,Generic stopword/duplicated-token bigram — weight reduced to 0.25
process_results__results_orient,hofstede,process_results,results_oriented,tasks,0.6047,0.5,,0.5,4,0.1667,1982,False,process_results__process_oriented; job_employee__job_oriented; tight_loose__tight_control; mit__execution,
process_results__results_orient,hofstede,process_results,results_oriented,the tasks,0.6034,0.5,0.25,0.25,4,0.0833,93,False,process_results__process_oriented; job_employee__job_oriented; tight_loose__tight_control; mit__execution,Generic stopword/duplicated-token bigram — weight reduced to 0.25
process_results__results_orient,hofstede,process_results,results_oriented,decision making,0.6021,0.5,,0.5,3,0.2,1095,False,process_results__process_oriented; pragmatic_normative__pragmatic; pragmatic_normative__normative,
process_results__results_orient,hofstede,process_results,results_oriented,your performance,0.6015,0.5,0.25,0.25,3,0.1,251,False,mit__agility; mit__execution; mit__performance,Generic stopword/duplicated-token bigram — weight reduced to 0.25
process_results__results_orient,hofstede,process_results,results_oriented,competition and,0.6009,0.5,0.25,0.25,5,0.0714,78,False,open_closed__open_system; open_closed__closed_system; pragmatic_normative__pragmatic; mit__innovation; mit__performance,Generic stopword/duplicated-token bigram — weight reduced to 0.25
process_results__results_orient,hofstede,process_results,results_oriented,perform well,0.5986,0.5,,0.5,2,0.25,122,False,mit__execution; mit__performance,
process_results__results_orient,hofstede,process_results,results_oriented,tasks that,0.5975,0.5,0.25,0.25,4,0.0833,83,False,process_results__process_oriented; job_employee__job_oriented; mit__execution; mit__innovation,Generic stopword/duplicated-token bigram — weight reduced to 0.25
process_results__results_orient,hofstede,process_results,results_oriented,strategies,0.5973,0.5,,0.5,1,0.3333,304,False,pragmatic_normative__pragmatic,
process_results__results_orient,hofstede,process_results,results_oriented,improvement and,0.596,0.5,0.25,0.25,3,0.1,56,False,mit__execution; mit__innovation; mit__performance,Generic stopword/duplicated-token bigram — weight reduced to 0.25
process_results__results_orient,hofstede,process_results,results_oriented,improving,0.5949,0.5,,0.5,3,0.2,454,False,open_closed__open_system; mit__innovation; mit__performance,
process_results__results_orient,hofstede,process_results,results_oriented,successful,0.5947,0.5,,0.5,2,0.25,830,False,mit__execution; mit__innovation,
process_results__results_orient,hofstede,process_results,results_oriented,your success,0.5935,0.5,0.25,0.25,1,0.1667,145,False,mit__execution,Generic stopword/duplicated-token bigram — weight reduced to 0.25
process_results__results_orient,hofstede,process_results,results_oriented,responsibility and,0.5927,0.5,0.25,0.25,7,0.0556,175,False,process_results__process_oriented; tight_loose__tight_control; tight_loose__loose_control; pragmatic_normative__normative; mit__execution; mit__integrity; mit__respect,Generic stopword/duplicated-token bigram — weight reduced to 0.25
process_results__results_orient,hofstede,process_results,results_oriented,succeed,0.5922,0.5,,0.5,1,0.3333,1037,False,mit__execution,
process_results__results_orient,hofstede,process_results,results_oriented,the goal,0.5918,0.5,0.25,0.25,0,0.25,58,False,,Generic stopword/duplicated-token bigram — weight reduced to 0.25
process_results__results_orient,hofstede,process_results,results_oriented,and result,0.5914,0.5,0.25,0.25,0,0.25,72,False,,Generic stopword/duplicated-token bigram — weight reduced to 0.25
process_results__results_orient,hofstede,process_results,results_oriented,making decisions,0.5911,0.5,,0.5,3,0.2,69,False,process_results__process_oriented; pragmatic_normative__normative; mit__execution,
process_results__results_orient,hofstede,process_results,results_oriented,planning and,0.5907,0.5,0.25,0.25,3,0.1,120,False,process_results__process_oriented; tight_loose__tight_control; mit__execution,Generic stopword/duplicated-token bigram — weight reduced to 0.25
process_results__results_orient,hofstede,process_results,results_oriented,tasks and,0.5899,0.5,0.25,0.25,4,0.0833,158,False,process_results__process_oriented; job_employee__job_oriented; tight_loose__tight_control; mit__execution,Generic stopword/duplicated-token bigram — weight reduced to 0.25
process_results__results_orient,hofstede,process_results,results_oriented,actions,0.5897,0.5,,0.5,4,0.1667,285,False,process_results__process_oriented; tight_loose__tight_control; pragmatic_normative__normative; mit__execution,
process_results__results_orient,hofstede,process_results,results_oriented,winning,0.5873,0.5,,0.5,0,0.5,73,False,,
process_results__results_orient,hofstede,process_results,results_oriented,strategic,0.5861,0.5,,0.5,2,0.25,487,False,pragmatic_normative__pragmatic; mit__innovation,
process_results__results_orient,hofstede,process_results,results_oriented,your goals,0.5858,0.5,0.25,0.25,0,0.25,81,False,,Generic stopword/duplicated-token bigram — weight reduced to 0.25
process_results__results_orient,hofstede,process_results,results_oriented,result,0.5854,0.5,,0.5,0,0.5,674,False,,
process_results__results_orient,hofstede,process_results,results_oriented,functioning,0.5852,0.5,,0.5,3,0.2,54,False,tight_loose__loose_control; pragmatic_normative__normative; mit__execution,
process_results__results_orient,hofstede,process_results,results_oriented,operate,0.5852,0.5,,0.5,5,0.1429,188,False,process_results__process_oriented; job_employee__job_oriented; tight_loose__tight_control; tight_loose__loose_control; mit__execution,
process_results__results_orient,hofstede,process_results,results_oriented,production,0.5851,0.5,,0.5,5,0.1429,456,False,process_results__process_oriented; pragmatic_normative__pragmatic; mit__execution; mit__innovation; mit__performance,
process_results__results_orient,hofstede,process_results,results_oriented,determined,0.585,0.5,,0.5,5,0.1429,141,False,open_closed__closed_system; tight_loose__loose_control; pragmatic_normative__pragmatic; pragmatic_normative__normative; mit__agility,
process_results__results_orient,hofstede,process_results,results_oriented,for improvement,0.5825,0.5,0.25,0.25,2,0.125,267,False,mit__execution; mit__performance,Generic stopword/duplicated-token bigram — weight reduced to 0.25
process_results__results_orient,hofstede,process_results,results_oriented,accountability,0.5823,1,,1.0,6,0.25,504,True,tight_loose__tight_control; pragmatic_normative__normative; mit__execution; mit__integrity; mit__performance; mit__respect,
process_results__results_orient,hofstede,process_results,results_oriented,decision makers,0.5819,0.5,,0.5,2,0.25,75,False,process_results__process_oriented; pragmatic_normative__normative,
process_results__results_orient,hofstede,process_results,results_oriented,objective,0.5818,0.5,,0.5,1,0.3333,107,False,pragmatic_normative__normative,
process_results__results_orient,hofstede,process_results,results_oriented,feedback and,0.5816,0.5,0.25,0.25,1,0.1667,140,False,process_results__process_oriented,Generic stopword/duplicated-token bigram — weight reduced to 0.25
process_results__results_orient,hofstede,process_results,results_oriented,individual performance,0.5812,0.5,,0.5,1,0.3333,55,False,mit__performance,
process_results__results_orient,hofstede,process_results,results_oriented,effectively,0.5809,0.5,,0.5,4,0.1667,247,False,pragmatic_normative__pragmatic; mit__agility; mit__execution; mit__integrity,
process_results__results_orient,hofstede,process_results,results_oriented,improvement,0.5779,0.5,,0.5,3,0.2,1053,False,mit__execution; mit__innovation; mit__performance,
process_results__results_orient,hofstede,process_results,results_oriented,the competition,0.5778,0.5,0.25,0.25,1,0.1667,105,False,mit__performance,Generic stopword/duplicated-token bigram — weight reduced to 0.25
process_results__results_orient,hofstede,process_results,results_oriented,accomplishments,0.5775,0.5,,0.5,1,0.3333,86,False,mit__performance,
process_results__results_orient,hofstede,process_results,results_oriented,insights,0.5768,0.5,,0.5,1,0.3333,138,False,mit__innovation,
process_results__results_orient,hofstede,process_results,results_oriented,decision,0.5763,0.5,,0.5,3,0.2,1801,False,process_results__process_oriented; open_closed__closed_system; mit__integrity,
process_results__results_orient,hofstede,process_results,results_oriented,responsibilities and,0.576,0.5,0.25,0.25,7,0.0556,105,False,process_results__process_oriented; tight_loose__tight_control; tight_loose__loose_control; pragmatic_normative__normative; mit__execution; mit__performance; mit__respect,Generic stopword/duplicated-token bigram — weight reduced to 0.25
process_results__results_orient,hofstede,process_results,results_oriented,advancing,0.5758,0.5,,0.5,3,0.2,147,False,tight_loose__loose_control; mit__agility; mit__execution,
process_results__results_orient,hofstede,process_results,results_oriented,targets,0.5746,1,,1.0,0,1.0,301,True,,
process_results__results_orient,hofstede,process_results,results_oriented,competition,0.5728,0.5,,0.5,1,0.3333,1013,False,mit__performance,
process_results__results_orient,hofstede,process_results,results_oriented,impacting,0.5723,0.5,,0.5,0,0.5,85,False,,
process_results__results_orient,hofstede,process_results,results_oriented,decisions that,0.5717,0.5,0.25,0.25,2,0.125,69,False,process_results__process_oriented; pragmatic_normative__normative,Generic stopword/duplicated-token bigram — weight reduced to 0.25
process_results__results_orient,hofstede,process_results,results_oriented,achievements,0.5714,0.5,,0.5,0,0.5,88,False,,
process_results__results_orient,hofstede,process_results,results_oriented,performance driven,0.571,0.5,,0.5,2,0.25,65,False,pragmatic_normative__pragmatic; mit__performance,
process_results__results_orient,hofstede,process_results,results_oriented,process for,0.5701,0.5,0.25,0.25,2,0.125,147,False,process_results__process_oriented; mit__execution,Generic stopword/duplicated-token bigram — weight reduced to 0.25
process_results__results_orient,hofstede,process_results,results_oriented,processing,0.5699,0.5,,0.5,4,0.1667,379,False,process_results__process_oriented; job_employee__job_oriented; tight_loose__tight_control; mit__execution,
process_results__results_orient,hofstede,process_results,results_oriented,hardworking and,0.5699,0.5,0.25,0.25,3,0.1,64,False,job_employee__job_oriented; pragmatic_normative__pragmatic; mit__innovation,Generic stopword/duplicated-token bigram — weight reduced to 0.25
process_results__results_orient,hofstede,process_results,results_oriented,accountability for,0.5694,0.5,0.25,0.25,5,0.0714,66,False,pragmatic_normative__normative; mit__execution; mit__integrity; mit__performance; mit__respect,Generic stopword/duplicated-token bigram — weight reduced to 0.25
process_results__results_orient,hofstede,process_results,results_oriented,ambitions,0.5692,0.5,,0.5,0,0.5,68,False,,
process_results__results_orient,hofstede,process_results,results_oriented,sales goals,0.5683,0.5,,0.5,1,0.3333,66,False,mit__customer_orientation,
process_results__results_orient,hofstede,process_results,results_oriented,productive,0.5677,0.5,,0.5,4,0.1667,303,False,job_employee__job_oriented; pragmatic_normative__pragmatic; mit__execution; mit__innovation,
process_results__results_orient,hofstede,process_results,results_oriented,efficiency and,0.5675,0.5,0.25,0.25,3,0.1,63,False,tight_loose__loose_control; pragmatic_normative__pragmatic; mit__performance,Generic stopword/duplicated-token bigram — weight reduced to 0.25
process_results__results_orient,hofstede,process_results,results_oriented,impacts,0.5673,0.5,,0.5,0,0.5,141,False,,
process_results__results_orient,hofstede,process_results,results_oriented,based performance,0.5673,0.5,,0.5,2,0.25,162,False,pragmatic_normative__pragmatic; mit__performance,
process_results__results_orient,hofstede,process_results,results_oriented,process you,0.567,0.5,0.25,0.25,2,0.125,61,False,process_results__process_oriented; mit__execution,Generic stopword/duplicated-token bigram — weight reduced to 0.25
process_results__results_orient,hofstede,process_results,results_oriented,performance but,0.5662,0.5,0.25,0.25,3,0.1,64,False,pragmatic_normative__pragmatic; mit__agility; mit__performance,Generic stopword/duplicated-token bigram — weight reduced to 0.25
process_results__results_orient,hofstede,process_results,results_oriented,development,0.5659,0.5,,0.5,3,0.2,6486,False,process_results__process_oriented; tight_loose__loose_control; mit__innovation,
process_results__results_orient,hofstede,process_results,results_oriented,delivering,0.5657,0.5,,0.5,1,0.3333,167,False,mit__execution,
process_results__results_orient,hofstede,process_results,results_oriented,decisions made,0.5652,0.5,,0.5,2,0.25,99,False,process_results__process_oriented; pragmatic_normative__normative,
process_results__results_orient,hofstede,process_results,results_oriented,performance management,0.5646,0.5,,0.5,1,0.3333,87,False,mit__performance,
process_results__results_orient,hofstede,process_results,results_oriented,impactful,0.5643,0.5,,0.5,2,0.25,141,False,pragmatic_normative__pragmatic; mit__agility,
process_results__results_orient,hofstede,process_results,results_oriented,expectations and,0.5643,0.5,0.25,0.25,1,0.1667,183,False,mit__execution,Generic stopword/duplicated-token bigram — weight reduced to 0.25
process_results__results_orient,hofstede,process_results,results_oriented,planning,0.5642,0.5,,0.5,1,0.3333,1013,False,process_results__process_oriented,
process_results__results_orient,hofstede,process_results,results_oriented,the process,0.5641,0.5,0.25,0.25,2,0.125,483,False,process_results__process_oriented; mit__execution,Generic stopword/duplicated-token bigram — weight reduced to 0.25
process_results__results_orient,hofstede,process_results,results_oriented,responsibility,0.5622,0.5,,0.5,5,0.1429,1394,False,tight_loose__loose_control; pragmatic_normative__normative; mit__execution; mit__integrity; mit__respect,
process_results__results_orient,hofstede,process_results,results_oriented,perform,0.5621,0.5,,0.5,2,0.25,678,False,mit__execution; mit__performance,
process_results__results_orient,hofstede,process_results,results_oriented,opportunity and,0.5616,0.5,0.25,0.25,1,0.1667,262,False,mit__diversity,Generic stopword/duplicated-token bigram — weight reduced to 0.25
process_results__results_orient,hofstede,process_results,results_oriented,things done,0.5614,0.5,,0.5,1,0.3333,621,False,mit__execution,
process_results__results_orient,hofstede,process_results,results_oriented,impact,0.561,1,,1.0,0,1.0,1027,True,,
process_results__results_orient,hofstede,process_results,results_oriented,tasks good,0.5602,0.5,,0.5,2,0.25,57,False,job_employee__job_oriented; mit__execution,
process_results__results_orient,hofstede,process_results,results_oriented,plans and,0.5602,0.5,0.25,0.25,1,0.1667,77,False,mit__execution,Generic stopword/duplicated-token bigram — weight reduced to 0.25
process_results__results_orient,hofstede,process_results,results_oriented,improve,0.558,0.5,,0.5,0,0.5,1503,False,,
process_results__results_orient,hofstede,process_results,results_oriented,detail,0.5576,0.5,,0.5,3,0.2,159,False,process_results__process_oriented; pragmatic_normative__pragmatic; mit__agility,
process_results__results_orient,hofstede,process_results,results_oriented,progressing,0.5574,0.5,,0.5,2,0.25,81,False,mit__agility; mit__execution,
process_results__results_orient,hofstede,process_results,results_oriented,action,0.5573,0.5,,0.5,3,0.2,366,False,process_results__process_oriented; tight_loose__tight_control; mit__execution,
process_results__results_orient,hofstede,process_results,results_oriented,for management,0.5571,0.5,0.25,0.25,2,0.125,157,False,tight_loose__tight_control; mit__execution,Generic stopword/duplicated-token bigram — weight reduced to 0.25
process_results__results_orient,hofstede,process_results,results_oriented,promotion and,0.5568,0.5,0.25,0.25,1,0.1667,291,False,mit__performance,Generic stopword/duplicated-token bigram — weight reduced to 0.25
process_results__results_orient,hofstede,process_results,results_oriented,reward,0.5567,0.5,,0.5,0,0.5,678,False,,
process_results__results_orient,hofstede,process_results,results_oriented,hardworking,0.5566,0.5,,0.5,4,0.1667,460,False,job_employee__job_oriented; open_closed__closed_system; tight_loose__loose_control; pragmatic_normative__pragmatic,
process_results__results_orient,hofstede,process_results,results_oriented,process the,0.5562,0.5,0.25,0.25,2,0.125,82,False,process_results__process_oriented; mit__execution,Generic stopword/duplicated-token bigram — weight reduced to 0.25
process_results__results_orient,hofstede,process_results,results_oriented,management,0.5562,0.5,,0.5,5,0.1429,38993,False,process_results__process_oriented; tight_loose__tight_control; tight_loose__loose_control; mit__execution; mit__performance,
process_results__results_orient,hofstede,process_results,results_oriented,research,0.5562,0.5,,0.5,1,0.3333,1171,False,mit__innovation,
process_results__results_orient,hofstede,process_results,results_oriented,the expectations,0.5557,0.5,0.25,0.25,1,0.1667,84,False,mit__execution,Generic stopword/duplicated-token bigram — weight reduced to 0.25
process_results__results_orient,hofstede,process_results,results_oriented,perform the,0.5549,0.5,0.25,0.25,1,0.1667,57,False,mit__execution,Generic stopword/duplicated-token bigram — weight reduced to 0.25
process_results__results_orient,hofstede,process_results,results_oriented,based work,0.5543,0.5,,0.5,6,0.125,55,False,job_employee__job_oriented; job_employee__employee_oriented; tight_loose__loose_control; pragmatic_normative__pragmatic; pragmatic_normative__normative; mit__performance,
process_results__results_orient,hofstede,process_results,results_oriented,operational,0.5542,0.5,,0.5,3,0.2,413,False,process_results__process_oriented; tight_loose__tight_control; mit__execution,
process_results__results_orient,hofstede,process_results,results_oriented,promising,0.554,0.5,,0.5,4,0.1667,96,False,open_closed__open_system; pragmatic_normative__pragmatic; mit__execution; mit__innovation,
process_results__results_orient,hofstede,process_results,results_oriented,opportunity,0.554,0.5,,0.5,1,0.3333,9627,False,mit__diversity,
process_results__results_orient,hofstede,process_results,results_oriented,business decisions,0.554,0.5,,0.5,2,0.25,54,False,pragmatic_normative__pragmatic; pragmatic_normative__normative,
process_results__results_orient,hofstede,process_results,results_oriented,capability,0.554,0.5,,0.5,3,0.2,96,False,tight_loose__loose_control; mit__agility; mit__performance,
process_results__results_orient,hofstede,process_results,results_oriented,execution,0.5539,0.5,,0.5,2,0.25,249,False,process_results__process_oriented; mit__execution,
process_results__results_orient,hofstede,process_results,results_oriented,opportunities for,0.5537,0.5,0.25,0.25,3,0.1,3226,False,open_closed__open_system; mit__diversity; mit__innovation,Generic stopword/duplicated-token bigram — weight reduced to 0.25
process_results__results_orient,hofstede,process_results,results_oriented,how work,0.5536,0.5,0.25,0.25,2,0.125,81,False,process_results__process_oriented; open_closed__closed_system,Generic stopword/duplicated-token bigram — weight reduced to 0.25
process_results__results_orient,hofstede,process_results,results_oriented,the decision,0.5534,0.5,0.25,0.25,1,0.1667,118,False,pragmatic_normative__normative,Generic stopword/duplicated-token bigram — weight reduced to 0.25
process_results__results_orient,hofstede,process_results,results_oriented,situations,0.5528,0.5,,0.5,4,0.1667,249,False,open_closed__closed_system; pragmatic_normative__pragmatic; pragmatic_normative__normative; mit__diversity,
process_results__results_orient,hofstede,process_results,results_oriented,teamwork,0.5527,0.5,,0.5,1,0.3333,845,False,mit__collaboration,
process_results__results_orient,hofstede,process_results,results_oriented,advancement,0.5526,0.5,,0.5,2,0.25,4098,False,mit__innovation; mit__performance,
process_results__results_orient,hofstede,process_results,results_oriented,compete with,0.5525,0.5,0.25,0.25,2,0.125,126,False,mit__collaboration; mit__performance,Generic stopword/duplicated-token bigram — weight reduced to 0.25
process_results__results_orient,hofstede,process_results,results_oriented,with opportunity,0.5518,0.5,0.25,0.25,0,0.25,84,False,,Generic stopword/duplicated-token bigram — weight reduced to 0.25
process_results__results_orient,hofstede,process_results,results_oriented,for advancement,0.5517,0.5,0.25,0.25,3,0.1,1395,False,professional_parochial__professional; mit__innovation; mit__performance,Generic stopword/duplicated-token bigram — weight reduced to 0.25
process_results__results_orient,hofstede,process_results,results_oriented,learning and,0.5516,0.5,0.25,0.25,3,0.1,919,False,process_results__process_oriented; open_closed__open_system; mit__innovation,Generic stopword/duplicated-token bigram — weight reduced to 0.25
process_results__results_orient,hofstede,process_results,results_oriented,advancement you,0.5516,0.5,0.25,0.25,2,0.125,99,False,mit__execution; mit__innovation,Generic stopword/duplicated-token bigram — weight reduced to 0.25
process_results__results_orient,hofstede,process_results,results_oriented,productivity,0.5516,0.5,,0.5,3,0.2,400,False,job_employee__job_oriented; job_employee__employee_oriented; pragmatic_normative__pragmatic,
process_results__results_orient,hofstede,process_results,results_oriented,opportunities the,0.5507,0.5,0.25,0.25,2,0.125,326,False,open_closed__open_system; mit__diversity,Generic stopword/duplicated-token bigram — weight reduced to 0.25
process_results__results_orient,hofstede,process_results,results_oriented,from leadership,0.5505,0.5,,0.5,3,0.2,107,False,tight_loose__loose_control; mit__execution; mit__performance,
process_results__results_orient,hofstede,process_results,results_oriented,job,0.5494,0.25,,0.25,3,0.1,20885,False,job_employee__job_oriented; mit__execution; mit__integrity,
process_results__results_orient,hofstede,process_results,results_oriented,doing something,0.5493,0.25,,0.25,1,0.1667,55,False,mit__execution,
process_results__results_orient,hofstede,process_results,results_oriented,job work,0.5491,0.25,,0.25,3,0.1,108,False,job_employee__job_oriented; job_employee__employee_oriented; mit__execution,
process_results__results_orient,hofstede,process_results,results_oriented,approaches,0.5481,0.25,,0.25,3,0.1,75,False,process_results__process_oriented; open_closed__open_system; mit__innovation,
process_results__results_orient,hofstede,process_results,results_oriented,approach and,0.548,0.25,,0.25,3,0.1,52,False,process_results__process_oriented; pragmatic_normative__normative; mit__innovation,
process_results__results_orient,hofstede,process_results,results_oriented,from management,0.5478,0.25,,0.25,2,0.125,724,False,process_results__process_oriented; tight_loose__loose_control,
process_results__results_orient,hofstede,process_results,results_oriented,creativity and,0.5477,0.25,,0.25,3,0.1,64,False,open_closed__open_system; pragmatic_normative__pragmatic; mit__innovation,
process_results__results_orient,hofstede,process_results,results_oriented,the operations,0.5475,0.25,,0.25,3,0.1,132,False,process_results__process_oriented; tight_loose__tight_control; mit__execution,
process_results__results_orient,hofstede,process_results,results_oriented,and develop,0.5475,0.25,,0.25,1,0.1667,335,False,mit__innovation,
process_results__results_orient,hofstede,process_results,results_oriented,feedback,0.5475,0.25,,0.25,0,0.25,1656,False,,
process_results__results_orient,hofstede,process_results,results_oriented,responsibilities,0.5475,0.25,,0.25,3,0.1,1100,False,pragmatic_normative__normative; mit__execution; mit__respect,
process_results__results_orient,hofstede,process_results,results_oriented,result the,0.5473,0.25,,0.25,0,0.25,63,False,,
process_results__results_orient,hofstede,process_results,results_oriented,and performance,0.5473,0.25,,0.25,1,0.1667,158,False,mit__performance,
process_results__results_orient,hofstede,process_results,results_oriented,expectations for,0.5471,0.25,,0.25,1,0.1667,113,False,mit__execution,
process_results__results_orient,hofstede,process_results,results_oriented,opportunities progress,0.5467,0.25,,0.25,0,0.25,92,False,,
process_results__results_orient,hofstede,process_results,results_oriented,efficient,0.5465,0.25,,0.25,4,0.0833,611,False,tight_loose__loose_control; pragmatic_normative__pragmatic; mit__agility; mit__performance,
process_results__results_orient,hofstede,process_results,results_oriented,response,0.5463,0.25,,0.25,0,0.25,232,False,,
process_results__results_orient,hofstede,process_results,results_oriented,reward for,0.5463,0.25,,0.25,0,0.25,105,False,,
process_results__results_orient,hofstede,process_results,results_oriented,product,0.5461,0.25,,0.25,2,0.125,2041,False,pragmatic_normative__pragmatic; mit__innovation,
process_results__results_orient,hofstede,process_results,results_oriented,career you,0.5461,0.25,,0.25,1,0.1667,240,False,professional_parochial__professional,
process_results__results_orient,hofstede,process_results,results_oriented,with leadership,0.5461,0.25,,0.25,2,0.125,53,False,tight_loose__loose_control; mit__execution,
professional_parochial__parochi,hofstede,professional_parochial,parochial,company company,0.8237,0.75,0.25,0.25,1,0.1667,102,False,mit__customer_orientation,Generic stopword/duplicated-token bigram — weight reduced to 0.25
professional_parochial__parochi,hofstede,professional_parochial,parochial,company,0.8002,0.75,,0.75,2,0.375,71496,False,tight_loose__loose_control; mit__customer_orientation,
professional_parochial__parochi,hofstede,professional_parochial,parochial,about company,0.7949,0.75,,0.75,1,0.5,106,False,mit__customer_orientation,
professional_parochial__parochi,hofstede,professional_parochial,parochial,corporate company,0.7828,0.75,,0.75,0,0.75,53,False,,
professional_parochial__parochi,hofstede,professional_parochial,parochial,company culture,0.7762,1,,1.0,0,1.0,2693,True,,
professional_parochial__parochi,hofstede,professional_parochial,parochial,corporate,0.7591,0.75,,0.75,1,0.5,5205,False,tight_loose__loose_control,
professional_parochial__parochi,hofstede,professional_parochial,parochial,company feel,0.7575,0.75,,0.75,1,0.5,55,False,mit__customer_orientation,
professional_parochial__parochi,hofstede,professional_parochial,parochial,company people,0.7547,0.75,,0.75,2,0.375,94,False,job_employee__employee_oriented; mit__customer_orientation,
professional_parochial__parochi,hofstede,professional_parochial,parochial,company values,0.7527,1,,1.0,1,0.6667,234,True,pragmatic_normative__normative,
professional_parochial__parochi,hofstede,professional_parochial,parochial,company reputation,0.7469,0.75,,0.75,1,0.5,95,False,mit__customer_orientation,
professional_parochial__parochi,hofstede,professional_parochial,parochial,companies,0.7448,0.75,,0.75,1,0.5,3873,False,mit__customer_orientation,
professional_parochial__parochi,hofstede,professional_parochial,parochial,company overall,0.7431,0.75,,0.75,1,0.5,293,False,mit__customer_orientation,
professional_parochial__parochi,hofstede,professional_parochial,parochial,corp,0.7363,0.75,,0.75,1,0.5,165,False,mit__collaboration,
professional_parochial__parochi,hofstede,professional_parochial,parochial,corporation,0.7351,0.75,,0.75,0,0.75,611,False,,
professional_parochial__parochi,hofstede,professional_parochial,parochial,company itself,0.735,0.75,,0.75,0,0.75,74,False,,
professional_parochial__parochi,hofstede,professional_parochial,parochial,company and,0.7332,0.75,0.25,0.25,1,0.1667,2207,False,mit__customer_orientation,Generic stopword/duplicated-token bigram — weight reduced to 0.25
professional_parochial__parochi,hofstede,professional_parochial,parochial,the company,0.7317,0.75,0.25,0.25,1,0.1667,13959,False,mit__customer_orientation,Generic stopword/duplicated-token bigram — weight reduced to 0.25
professional_parochial__parochi,hofstede,professional_parochial,parochial,company doing,0.7299,0.75,,0.75,3,0.3,61,False,job_employee__employee_oriented; mit__customer_orientation; mit__execution,
professional_parochial__parochi,hofstede,professional_parochial,parochial,corporate world,0.7262,0.75,,0.75,0,0.75,101,False,,
professional_parochial__parochi,hofstede,professional_parochial,parochial,employees company,0.7257,0.75,,0.75,1,0.5,76,False,job_employee__employee_oriented,
professional_parochial__parochi,hofstede,professional_parochial,parochial,company management,0.7253,0.75,,0.75,0,0.75,133,False,,
professional_parochial__parochi,hofstede,professional_parochial,parochial,company name,0.7189,0.75,,0.75,0,0.75,208,False,,
professional_parochial__parochi,hofstede,professional_parochial,parochial,company work,0.7181,0.75,,0.75,2,0.375,8493,False,job_employee__job_oriented; job_employee__employee_oriented,
professional_parochial__parochi,hofstede,professional_parochial,parochial,companies work,0.7174,0.75,,0.75,0,0.75,150,False,,
professional_parochial__parochi,hofstede,professional_parochial,parochial,company get,0.7165,0.75,,0.75,1,0.5,102,False,mit__customer_orientation,
professional_parochial__parochi,hofstede,professional_parochial,parochial,based company,0.7138,0.75,,0.75,0,0.75,149,False,,
professional_parochial__parochi,hofstede,professional_parochial,parochial,company learn,0.7131,0.75,,0.75,1,0.5,171,False,mit__customer_orientation,
professional_parochial__parochi,hofstede,professional_parochial,parochial,companies and,0.7122,0.75,0.25,0.25,0,0.25,136,False,,Generic stopword/duplicated-token bigram — weight reduced to 0.25
professional_parochial__parochi,hofstede,professional_parochial,parochial,company politics,0.7081,0.75,,0.75,0,0.75,118,False,,
professional_parochial__parochi,hofstede,professional_parochial,parochial,company growing,0.7081,0.75,,0.75,0,0.75,69,False,,
professional_parochial__parochi,hofstede,professional_parochial,parochial,company from,0.7066,0.75,,0.75,0,0.75,73,False,,
professional_parochial__parochi,hofstede,professional_parochial,parochial,the corporate,0.7048,0.75,0.25,0.25,0,0.25,528,False,,Generic stopword/duplicated-token bigram — weight reduced to 0.25
professional_parochial__parochi,hofstede,professional_parochial,parochial,company wide,0.7028,0.75,,0.75,1,0.5,116,False,mit__customer_orientation,
professional_parochial__parochi,hofstede,professional_parochial,parochial,company environment,0.7019,0.75,,0.75,0,0.75,74,False,,
professional_parochial__parochi,hofstede,professional_parochial,parochial,work company,0.7016,0.75,,0.75,2,0.375,116,False,job_employee__job_oriented; job_employee__employee_oriented,
professional_parochial__parochi,hofstede,professional_parochial,parochial,company hard,0.7011,0.75,,0.75,0,0.75,125,False,,
professional_parochial__parochi,hofstede,professional_parochial,parochial,within company,0.7002,0.75,,0.75,1,0.5,179,False,mit__customer_orientation,
professional_parochial__parochi,hofstede,professional_parochial,parochial,corporate culture,0.7002,0.75,,0.75,0,0.75,1000,False,,
professional_parochial__parochi,hofstede,professional_parochial,parochial,company truly,0.6997,0.5,,0.5,1,0.3333,56,False,mit__customer_orientation,
professional_parochial__parochi,hofstede,professional_parochial,parochial,company structure,0.6992,0.5,,0.5,0,0.5,81,False,,
professional_parochial__parochi,hofstede,professional_parochial,parochial,company promotes,0.6987,0.5,,0.5,0,0.5,66,False,,
professional_parochial__parochi,hofstede,professional_parochial,parochial,company seems,0.6982,0.5,,0.5,1,0.3333,84,False,mit__customer_orientation,
professional_parochial__parochi,hofstede,professional_parochial,parochial,company good,0.6973,0.5,,0.5,1,0.3333,1710,False,mit__customer_orientation,
professional_parochial__parochi,hofstede,professional_parochial,parochial,corporation with,0.6967,0.5,0.25,0.25,0,0.25,50,False,,Generic stopword/duplicated-token bigram — weight reduced to 0.25
professional_parochial__parochi,hofstede,professional_parochial,parochial,company start,0.6966,0.5,,0.5,0,0.5,637,False,,
professional_parochial__parochi,hofstede,professional_parochial,parochial,organizational,0.6953,0.5,,0.5,6,0.125,498,False,process_results__process_oriented; job_employee__employee_oriented; tight_loose__tight_control; tight_loose__loose_control; mit__collaboration; mit__performance,
professional_parochial__parochi,hofstede,professional_parochial,parochial,company very,0.694,0.5,0.25,0.25,1,0.1667,677,False,mit__customer_orientation,Generic stopword/duplicated-token bigram — weight reduced to 0.25
professional_parochial__parochi,hofstede,professional_parochial,parochial,company with,0.6939,0.5,0.25,0.25,2,0.125,3098,False,mit__collaboration; mit__customer_orientation,Generic stopword/duplicated-token bigram — weight reduced to 0.25
professional_parochial__parochi,hofstede,professional_parochial,parochial,corporations,0.6936,0.5,,0.5,0,0.5,121,False,,
professional_parochial__parochi,hofstede,professional_parochial,parochial,company cares,0.6932,0.5,,0.5,1,0.3333,143,False,mit__customer_orientation,
professional_parochial__parochi,hofstede,professional_parochial,parochial,company grow,0.692,0.5,,0.5,0,0.5,80,False,,
professional_parochial__parochi,hofstede,professional_parochial,parochial,company because,0.6907,0.5,,0.5,0,0.5,82,False,,
professional_parochial__parochi,hofstede,professional_parochial,parochial,established company,0.6907,0.5,,0.5,0,0.5,101,False,,
professional_parochial__parochi,hofstede,professional_parochial,parochial,company encourages,0.6907,0.5,,0.5,1,0.3333,58,False,mit__customer_orientation,
professional_parochial__parochi,hofstede,professional_parochial,parochial,firms,0.6903,0.5,,0.5,0,0.5,1670,False,,
professional_parochial__parochi,hofstede,professional_parochial,parochial,company for,0.6897,0.5,0.25,0.25,0,0.25,1394,False,,Generic stopword/duplicated-token bigram — weight reduced to 0.25
professional_parochial__parochi,hofstede,professional_parochial,parochial,company like,0.6892,0.5,,0.5,0,0.5,106,False,,
professional_parochial__parochi,hofstede,professional_parochial,parochial,company working,0.6886,0.5,,0.5,1,0.3333,101,False,job_employee__employee_oriented,
professional_parochial__parochi,hofstede,professional_parochial,parochial,company employee,0.6882,0.5,,0.5,1,0.3333,63,False,job_employee__employee_oriented,
professional_parochial__parochi,hofstede,professional_parochial,parochial,company best,0.6876,0.5,,0.5,1,0.3333,100,False,mit__customer_orientation,
professional_parochial__parochi,hofstede,professional_parochial,parochial,firm culture,0.6875,0.5,,0.5,0,0.5,163,False,,
professional_parochial__parochi,hofstede,professional_parochial,parochial,company really,0.6862,0.5,,0.5,0,0.5,224,False,,
professional_parochial__parochi,hofstede,professional_parochial,parochial,growing company,0.6861,0.5,,0.5,0,0.5,150,False,,
professional_parochial__parochi,hofstede,professional_parochial,parochial,the companies,0.6854,0.5,0.25,0.25,0,0.25,96,False,,Generic stopword/duplicated-token bigram — weight reduced to 0.25
professional_parochial__parochi,hofstede,professional_parochial,parochial,parent company,0.6845,0.5,,0.5,0,0.5,59,False,,
professional_parochial__parochi,hofstede,professional_parochial,parochial,company brand,0.6842,0.5,,0.5,1,0.3333,53,False,mit__customer_orientation,
professional_parochial__parochi,hofstede,professional_parochial,parochial,company extremely,0.682,0.5,,0.5,0,0.5,51,False,,
professional_parochial__parochi,hofstede,professional_parochial,parochial,private company,0.6805,0.5,,0.5,0,0.5,150,False,,
professional_parochial__parochi,hofstede,professional_parochial,parochial,company makes,0.6804,0.5,,0.5,0,0.5,82,False,,
professional_parochial__parochi,hofstede,professional_parochial,parochial,company well,0.6791,0.5,,0.5,0,0.5,100,False,,
professional_parochial__parochi,hofstede,professional_parochial,parochial,overall company,0.6786,0.5,,0.5,0,0.5,133,False,,
professional_parochial__parochi,hofstede,professional_parochial,parochial,company whole,0.6778,0.5,,0.5,1,0.3333,100,False,mit__customer_orientation,
professional_parochial__parochi,hofstede,professional_parochial,parochial,strong company,0.6775,0.5,,0.5,0,0.5,254,False,,
professional_parochial__parochi,hofstede,professional_parochial,parochial,prestigious company,0.6774,0.5,,0.5,0,0.5,77,False,,
professional_parochial__parochi,hofstede,professional_parochial,parochial,company needs,0.6772,0.5,,0.5,1,0.3333,89,False,mit__customer_orientation,
professional_parochial__parochi,hofstede,professional_parochial,parochial,strong corporate,0.6754,0.5,,0.5,1,0.3333,63,False,tight_loose__loose_control,
professional_parochial__parochi,hofstede,professional_parochial,parochial,company sometimes,0.6749,0.5,,0.5,0,0.5,101,False,,
professional_parochial__parochi,hofstede,professional_parochial,parochial,company always,0.674,0.5,,0.5,0,0.5,89,False,,
professional_parochial__parochi,hofstede,professional_parochial,parochial,first company,0.6723,0.5,,0.5,0,0.5,50,False,,
professional_parochial__parochi,hofstede,professional_parochial,parochial,not company,0.6718,0.5,0.25,0.25,0,0.25,85,False,,Generic stopword/duplicated-token bigram — weight reduced to 0.25
professional_parochial__parochi,hofstede,professional_parochial,parochial,corporate america,0.6703,0.5,,0.5,0,0.5,109,False,,
professional_parochial__parochi,hofstede,professional_parochial,parochial,management company,0.6694,0.5,,0.5,0,0.5,144,False,,
professional_parochial__parochi,hofstede,professional_parochial,parochial,respected company,0.6692,0.5,,0.5,0,0.5,80,False,,
professional_parochial__parochi,hofstede,professional_parochial,parochial,company the,0.6685,0.5,0.25,0.25,0,0.25,793,False,,Generic stopword/duplicated-token bigram — weight reduced to 0.25
professional_parochial__parochi,hofstede,professional_parochial,parochial,company more,0.6685,0.5,,0.5,0,0.5,60,False,,
professional_parochial__parochi,hofstede,professional_parochial,parochial,company are,0.6675,0.5,0.25,0.25,0,0.25,168,False,,Generic stopword/duplicated-token bigram — weight reduced to 0.25
professional_parochial__parochi,hofstede,professional_parochial,parochial,company easy,0.6665,0.5,,0.5,0,0.5,68,False,,
professional_parochial__parochi,hofstede,professional_parochial,parochial,company one,0.6664,0.5,,0.5,1,0.3333,57,False,mit__customer_orientation,
professional_parochial__parochi,hofstede,professional_parochial,parochial,corporate and,0.6657,0.5,0.25,0.25,0,0.25,113,False,,Generic stopword/duplicated-token bigram — weight reduced to 0.25
professional_parochial__parochi,hofstede,professional_parochial,parochial,company looks,0.6653,0.5,,0.5,0,0.5,50,False,,
professional_parochial__parochi,hofstede,professional_parochial,parochial,company gives,0.6652,0.5,,0.5,0,0.5,76,False,,
professional_parochial__parochi,hofstede,professional_parochial,parochial,company big,0.6637,0.5,,0.5,0,0.5,110,False,,
professional_parochial__parochi,hofstede,professional_parochial,parochial,company worked,0.6627,0.5,,0.5,1,0.3333,92,False,mit__customer_orientation,
professional_parochial__parochi,hofstede,professional_parochial,parochial,corporate experience,0.6615,0.5,,0.5,2,0.25,51,False,professional_parochial__professional; mit__customer_orientation,
professional_parochial__parochi,hofstede,professional_parochial,parochial,this company,0.6603,0.5,0.25,0.25,1,0.1667,2879,False,mit__customer_orientation,Generic stopword/duplicated-token bigram — weight reduced to 0.25
professional_parochial__parochi,hofstede,professional_parochial,parochial,corporate trust,0.6601,0.5,,0.5,1,0.3333,52,False,mit__integrity,
professional_parochial__parochi,hofstede,professional_parochial,parochial,with company,0.6592,0.5,0.25,0.25,0,0.25,191,False,,Generic stopword/duplicated-token bigram — weight reduced to 0.25
professional_parochial__parochi,hofstede,professional_parochial,parochial,company just,0.659,0.5,,0.5,1,0.3333,84,False,mit__customer_orientation,
professional_parochial__parochi,hofstede,professional_parochial,parochial,other company,0.6582,0.5,,0.5,0,0.5,198,False,,
professional_parochial__parochi,hofstede,professional_parochial,parochial,companies the,0.6581,0.5,0.25,0.25,0,0.25,283,False,,Generic stopword/duplicated-token bigram — weight reduced to 0.25
professional_parochial__parochi,hofstede,professional_parochial,parochial,very corporate,0.6577,0.5,0.25,0.25,0,0.25,302,False,,Generic stopword/duplicated-token bigram — weight reduced to 0.25
professional_parochial__parochi,hofstede,professional_parochial,parochial,company nice,0.6572,0.5,,0.5,0,0.5,173,False,,
professional_parochial__parochi,hofstede,professional_parochial,parochial,friendly company,0.6571,0.5,,0.5,0,0.5,276,False,,
professional_parochial__parochi,hofstede,professional_parochial,parochial,firms and,0.6568,0.5,0.25,0.25,0,0.25,55,False,,Generic stopword/duplicated-token bigram — weight reduced to 0.25
professional_parochial__parochi,hofstede,professional_parochial,parochial,corporate structure,0.656,0.5,,0.5,0,0.5,204,False,,
professional_parochial__parochi,hofstede,professional_parochial,parochial,companies good,0.6547,0.5,,0.5,0,0.5,180,False,,
professional_parochial__parochi,hofstede,professional_parochial,parochial,another company,0.6545,0.5,,0.5,0,0.5,117,False,,
professional_parochial__parochi,hofstede,professional_parochial,parochial,company but,0.6543,0.5,0.25,0.25,0,0.25,1001,False,,Generic stopword/duplicated-token bigram — weight reduced to 0.25
professional_parochial__parochi,hofstede,professional_parochial,parochial,company who,0.654,0.5,0.25,0.25,0,0.25,109,False,,Generic stopword/duplicated-token bigram — weight reduced to 0.25
professional_parochial__parochi,hofstede,professional_parochial,parochial,company amazing,0.6539,0.5,,0.5,1,0.3333,105,False,mit__customer_orientation,
professional_parochial__parochi,hofstede,professional_parochial,parochial,many companies,0.6531,0.5,,0.5,0,0.5,81,False,,
professional_parochial__parochi,hofstede,professional_parochial,parochial,company decent,0.6523,0.5,,0.5,0,0.5,94,False,,
professional_parochial__parochi,hofstede,professional_parochial,parochial,company great,0.6516,0.5,,0.5,1,0.3333,1540,False,mit__customer_orientation,
professional_parochial__parochi,hofstede,professional_parochial,parochial,corporate job,0.6513,0.5,,0.5,1,0.3333,55,False,professional_parochial__professional,
professional_parochial__parochi,hofstede,professional_parochial,parochial,from company,0.6512,0.5,,0.5,0,0.5,77,False,,
professional_parochial__parochi,hofstede,professional_parochial,parochial,company difficult,0.6511,0.5,,0.5,0,0.5,59,False,,
professional_parochial__parochi,hofstede,professional_parochial,parochial,company not,0.651,0.5,0.25,0.25,0,0.25,691,False,,Generic stopword/duplicated-token bigram — weight reduced to 0.25
professional_parochial__parochi,hofstede,professional_parochial,parochial,whole company,0.651,0.5,,0.5,1,0.3333,59,False,mit__customer_orientation,
professional_parochial__parochi,hofstede,professional_parochial,parochial,company should,0.6504,0.5,0.25,0.25,0,0.25,52,False,,Generic stopword/duplicated-token bigram — weight reduced to 0.25
professional_parochial__parochi,hofstede,professional_parochial,parochial,better company,0.6504,0.5,,0.5,0,0.5,53,False,,
professional_parochial__parochi,hofstede,professional_parochial,parochial,company large,0.6496,0.5,,0.5,0,0.5,99,False,,
professional_parochial__parochi,hofstede,professional_parochial,parochial,company high,0.6477,0.5,,0.5,0,0.5,56,False,,
professional_parochial__parochi,hofstede,professional_parochial,parochial,company nothing,0.6472,0.5,,0.5,0,0.5,131,False,,
professional_parochial__parochi,hofstede,professional_parochial,parochial,company its,0.6463,0.5,0.25,0.25,0,0.25,72,False,,Generic stopword/duplicated-token bigram — weight reduced to 0.25
professional_parochial__parochi,hofstede,professional_parochial,parochial,company takes,0.6452,0.5,,0.5,0,0.5,116,False,,
professional_parochial__parochi,hofstede,professional_parochial,parochial,company also,0.6445,0.5,,0.5,0,0.5,129,False,,
professional_parochial__parochi,hofstede,professional_parochial,parochial,similar companies,0.6436,0.5,,0.5,0,0.5,92,False,,
professional_parochial__parochi,hofstede,professional_parochial,parochial,company poor,0.6433,0.5,,0.5,0,0.5,101,False,,
professional_parochial__parochi,hofstede,professional_parochial,parochial,company some,0.643,0.5,,0.5,0,0.5,117,False,,
professional_parochial__parochi,hofstede,professional_parochial,parochial,for company,0.642,0.5,0.25,0.25,1,0.1667,285,False,mit__customer_orientation,Generic stopword/duplicated-token bigram — weight reduced to 0.25
professional_parochial__parochi,hofstede,professional_parochial,parochial,most companies,0.6416,0.5,,0.5,0,0.5,130,False,,
professional_parochial__parochi,hofstede,professional_parochial,parochial,company all,0.6412,0.5,,0.5,0,0.5,121,False,,
professional_parochial__parochi,hofstede,professional_parochial,parochial,best company,0.6406,0.5,,0.5,0,0.5,1292,False,,
professional_parochial__parochi,hofstede,professional_parochial,parochial,other firms,0.6393,0.5,,0.5,0,0.5,633,False,,
professional_parochial__parochi,hofstede,professional_parochial,parochial,run company,0.6392,0.5,,0.5,0,0.5,77,False,,
professional_parochial__parochi,hofstede,professional_parochial,parochial,prestigious firm,0.6381,0.5,,0.5,0,0.5,53,False,,
professional_parochial__parochi,hofstede,professional_parochial,parochial,and company,0.6377,0.5,0.25,0.25,0,0.25,545,False,,Generic stopword/duplicated-token bigram — weight reduced to 0.25
professional_parochial__parochi,hofstede,professional_parochial,parochial,firms the,0.6364,0.5,0.25,0.25,0,0.25,140,False,,Generic stopword/duplicated-token bigram — weight reduced to 0.25
professional_parochial__parochi,hofstede,professional_parochial,parochial,company bad,0.6363,0.5,,0.5,0,0.5,148,False,,
professional_parochial__parochi,hofstede,professional_parochial,parochial,the firm,0.6362,0.5,0.25,0.25,0,0.25,4121,False,,Generic stopword/duplicated-token bigram — weight reduced to 0.25
professional_parochial__parochi,hofstede,professional_parochial,parochial,other companies,0.6353,0.5,,0.5,0,0.5,1302,False,,
professional_parochial__parochi,hofstede,professional_parochial,parochial,company they,0.6353,0.5,0.25,0.25,0,0.25,336,False,,Generic stopword/duplicated-token bigram — weight reduced to 0.25
professional_parochial__parochi,hofstede,professional_parochial,parochial,company awesome,0.6344,0.5,,0.5,1,0.3333,59,False,mit__customer_orientation,
professional_parochial__parochi,hofstede,professional_parochial,parochial,pay company,0.6333,0.5,,0.5,0,0.5,83,False,,
professional_parochial__parochi,hofstede,professional_parochial,parochial,company that,0.6333,0.5,0.25,0.25,0,0.25,1172,False,,Generic stopword/duplicated-token bigram — weight reduced to 0.25
professional_parochial__parochi,hofstede,professional_parochial,parochial,companies are,0.6316,0.5,0.25,0.25,0,0.25,66,False,,Generic stopword/duplicated-token bigram — weight reduced to 0.25
professional_parochial__parochi,hofstede,professional_parochial,parochial,company when,0.6313,0.5,0.25,0.25,0,0.25,78,False,,Generic stopword/duplicated-token bigram — weight reduced to 0.25
professional_parochial__parochi,hofstede,professional_parochial,parochial,same company,0.6302,0.5,,0.5,0,0.5,59,False,,
professional_parochial__parochi,hofstede,professional_parochial,parochial,typical corporate,0.6292,0.5,,0.5,0,0.5,132,False,,
professional_parochial__parochi,hofstede,professional_parochial,parochial,company lot,0.6284,0.5,,0.5,0,0.5,147,False,,
professional_parochial__parochi,hofstede,professional_parochial,parochial,company match,0.6282,0.5,,0.5,0,0.5,132,False,,
professional_parochial__parochi,hofstede,professional_parochial,parochial,that company,0.6267,0.5,0.25,0.25,0,0.25,69,False,,Generic stopword/duplicated-token bigram — weight reduced to 0.25
professional_parochial__parochi,hofstede,professional_parochial,parochial,company many,0.626,0.5,,0.5,1,0.3333,114,False,mit__customer_orientation,
professional_parochial__parochi,hofstede,professional_parochial,parochial,the organisation,0.6251,0.5,0.25,0.25,2,0.125,368,False,tight_loose__tight_control; tight_loose__loose_control,Generic stopword/duplicated-token bigram — weight reduced to 0.25
professional_parochial__parochi,hofstede,professional_parochial,parochial,every company,0.625,0.5,,0.5,0,0.5,63,False,,
professional_parochial__parochi,hofstede,professional_parochial,parochial,corporate environment,0.6246,0.5,,0.5,0,0.5,277,False,,
professional_parochial__parochi,hofstede,professional_parochial,parochial,good corporate,0.624,0.5,,0.5,0,0.5,164,False,,
professional_parochial__parochi,hofstede,professional_parochial,parochial,companies but,0.6236,0.5,0.25,0.25,0,0.25,68,False,,Generic stopword/duplicated-token bigram — weight reduced to 0.25
professional_parochial__parochi,hofstede,professional_parochial,parochial,company growth,0.6236,0.5,,0.5,0,0.5,68,False,,
professional_parochial__parochi,hofstede,professional_parochial,parochial,company even,0.6233,0.5,,0.5,0,0.5,55,False,,
professional_parochial__parochi,hofstede,professional_parochial,parochial,company still,0.6233,0.5,,0.5,0,0.5,89,False,,
professional_parochial__parochi,hofstede,professional_parochial,parochial,oriented company,0.6232,0.5,,0.5,0,0.5,104,False,,
professional_parochial__parochi,hofstede,professional_parochial,parochial,company was,0.6232,0.5,0.25,0.25,0,0.25,308,False,,Generic stopword/duplicated-token bigram — weight reduced to 0.25
professional_parochial__parochi,hofstede,professional_parochial,parochial,company long,0.6231,0.5,,0.5,0,0.5,137,False,,
professional_parochial__parochi,hofstede,professional_parochial,parochial,management firm,0.623,0.5,,0.5,0,0.5,116,False,,
professional_parochial__parochi,hofstede,professional_parochial,parochial,name company,0.6229,0.5,,0.5,0,0.5,59,False,,
professional_parochial__parochi,hofstede,professional_parochial,parochial,company cons,0.6224,0.5,,0.5,0,0.5,99,False,,
professional_parochial__parochi,hofstede,professional_parochial,parochial,team company,0.6223,0.5,,0.5,1,0.3333,50,False,mit__collaboration,
professional_parochial__parochi,hofstede,professional_parochial,parochial,company going,0.6219,0.5,,0.5,0,0.5,91,False,,
professional_parochial__parochi,hofstede,professional_parochial,parochial,company used,0.6218,0.5,,0.5,1,0.3333,52,False,mit__customer_orientation,
professional_parochial__parochi,hofstede,professional_parochial,parochial,company ever,0.6216,0.5,,0.5,0,0.5,180,False,,
professional_parochial__parochi,hofstede,professional_parochial,parochial,diverse company,0.6209,0.5,,0.5,2,0.25,60,False,open_closed__open_system; mit__diversity,
professional_parochial__profess,hofstede,professional_parochial,professional,professional career,0.8378,0.75,,0.75,0,0.75,56,False,,
professional_parochial__profess,hofstede,professional_parochial,professional,professional,0.8276,1,,1.0,0,1.0,4581,True,,
professional_parochial__profess,hofstede,professional_parochial,professional,professionals,0.8211,0.75,,0.75,0,0.75,986,False,,
professional_parochial__profess,hofstede,professional_parochial,professional,professionals and,0.808,0.75,0.25,0.25,0,0.25,52,False,,Generic stopword/duplicated-token bigram — weight reduced to 0.25
professional_parochial__profess,hofstede,professional_parochial,professional,profession,0.8039,0.75,,0.75,2,0.375,61,False,job_employee__employee_oriented; tight_loose__loose_control,
professional_parochial__profess,hofstede,professional_parochial,professional,professional and,0.8002,0.75,0.25,0.25,0,0.25,411,False,,Generic stopword/duplicated-token bigram — weight reduced to 0.25
professional_parochial__profess,hofstede,professional_parochial,professional,professional people,0.7993,0.75,,0.75,0,0.75,105,False,,
professional_parochial__profess,hofstede,professional_parochial,professional,professional working,0.7966,0.75,,0.75,0,0.75,55,False,,
professional_parochial__profess,hofstede,professional_parochial,professional,professional work,0.7777,0.75,,0.75,1,0.5,167,False,job_employee__job_oriented,
professional_parochial__profess,hofstede,professional_parochial,professional,professionalism,0.7666,0.75,,0.75,0,0.75,354,False,,
professional_parochial__profess,hofstede,professional_parochial,professional,very professional,0.7656,0.75,0.25,0.25,0,0.25,481,False,,Generic stopword/duplicated-token bigram — weight reduced to 0.25
professional_parochial__profess,hofstede,professional_parochial,professional,highly professional,0.7613,0.75,,0.75,0,0.75,77,False,,
professional_parochial__profess,hofstede,professional_parochial,professional,professional development,0.7594,1,,1.0,0,1.0,536,True,,
professional_parochial__profess,hofstede,professional_parochial,professional,experienced professionals,0.7581,0.75,,0.75,0,0.75,67,False,,
professional_parochial__profess,hofstede,professional_parochial,professional,not professional,0.7568,0.75,0.25,0.25,0,0.25,50,False,,Generic stopword/duplicated-token bigram — weight reduced to 0.25
professional_parochial__profess,hofstede,professional_parochial,professional,are professional,0.7566,0.75,0.25,0.25,0,0.25,64,False,,Generic stopword/duplicated-token bigram — weight reduced to 0.25
professional_parochial__profess,hofstede,professional_parochial,professional,professionalism and,0.7541,0.75,0.25,0.25,0,0.25,60,False,,Generic stopword/duplicated-token bigram — weight reduced to 0.25
professional_parochial__profess,hofstede,professional_parochial,professional,professional experience,0.7498,0.75,,0.75,0,0.75,83,False,,
professional_parochial__profess,hofstede,professional_parochial,professional,professional life,0.7455,0.75,,0.75,0,0.75,60,False,,
professional_parochial__profess,hofstede,professional_parochial,professional,expertise,0.739,0.75,,0.75,3,0.3,464,False,open_closed__open_system; open_closed__closed_system; mit__innovation,
professional_parochial__profess,hofstede,professional_parochial,professional,good professional,0.7386,0.75,,0.75,0,0.75,60,False,,
professional_parochial__profess,hofstede,professional_parochial,professional,professional good,0.7328,0.75,,0.75,0,0.75,55,False,,
professional_parochial__profess,hofstede,professional_parochial,professional,professional growth,0.7309,0.75,,0.75,0,0.75,327,False,,
professional_parochial__profess,hofstede,professional_parochial,professional,expertise and,0.73,0.75,0.25,0.25,3,0.1,61,False,process_results__process_oriented; open_closed__open_system; mit__innovation,Generic stopword/duplicated-token bigram — weight reduced to 0.25
professional_parochial__profess,hofstede,professional_parochial,professional,your professional,0.73,0.75,0.25,0.25,0,0.25,89,False,,Generic stopword/duplicated-token bigram — weight reduced to 0.25
professional_parochial__profess,hofstede,professional_parochial,professional,professionally,0.7291,0.75,,0.75,1,0.5,332,False,pragmatic_normative__pragmatic,
professional_parochial__profess,hofstede,professional_parochial,professional,expert,0.7258,1,,1.0,0,1.0,126,True,,
professional_parochial__profess,hofstede,professional_parochial,professional,career with,0.7216,0.75,0.25,0.25,2,0.125,243,False,open_closed__open_system; open_closed__closed_system,Generic stopword/duplicated-token bigram — weight reduced to 0.25
professional_parochial__profess,hofstede,professional_parochial,professional,great professional,0.7167,0.75,,0.75,0,0.75,53,False,,
professional_parochial__profess,hofstede,professional_parochial,professional,career,0.7165,0.75,,0.75,2,0.375,20166,False,process_results__results_oriented; mit__performance,
professional_parochial__profess,hofstede,professional_parochial,professional,professional environment,0.7149,0.75,,0.75,0,0.75,364,False,,
professional_parochial__profess,hofstede,professional_parochial,professional,careers,0.6938,0.5,,0.5,0,0.5,512,False,,
professional_parochial__profess,hofstede,professional_parochial,professional,industry experience,0.6908,0.5,,0.5,1,0.3333,112,False,mit__customer_orientation,
professional_parochial__profess,hofstede,professional_parochial,professional,specialists,0.689,0.5,,0.5,0,0.5,76,False,,
professional_parochial__profess,hofstede,professional_parochial,professional,young professionals,0.6882,0.5,,0.5,0,0.5,100,False,,
professional_parochial__profess,hofstede,professional_parochial,professional,career the,0.6844,0.5,0.25,0.25,3,0.1,301,False,process_results__results_oriented; open_closed__open_system; open_closed__closed_system,Generic stopword/duplicated-token bigram — weight reduced to 0.25
professional_parochial__profess,hofstede,professional_parochial,professional,technical skills,0.6805,1,,1.0,0,1.0,179,True,,
professional_parochial__profess,hofstede,professional_parochial,professional,professional atmosphere,0.6766,0.5,,0.5,0,0.5,99,False,,
professional_parochial__profess,hofstede,professional_parochial,professional,professional culture,0.6759,0.5,,0.5,0,0.5,60,False,,
professional_parochial__profess,hofstede,professional_parochial,professional,professionally and,0.6713,0.5,0.25,0.25,0,0.25,62,False,,Generic stopword/duplicated-token bigram — weight reduced to 0.25
professional_parochial__profess,hofstede,professional_parochial,professional,career work,0.6697,0.5,,0.5,2,0.25,77,False,job_employee__job_oriented; job_employee__employee_oriented,
professional_parochial__profess,hofstede,professional_parochial,professional,career they,0.6678,0.5,0.25,0.25,0,0.25,76,False,,Generic stopword/duplicated-token bigram — weight reduced to 0.25
professional_parochial__profess,hofstede,professional_parochial,professional,skilled people,0.6645,0.5,,0.5,1,0.3333,52,False,mit__performance,
professional_parochial__profess,hofstede,professional_parochial,professional,experts,0.6645,0.5,,0.5,0,0.5,228,False,,
professional_parochial__profess,hofstede,professional_parochial,professional,specialist,0.6596,1,,1.0,0,1.0,1007,True,,
professional_parochial__profess,hofstede,professional_parochial,professional,career development,0.6595,0.5,,0.5,0,0.5,1425,False,,
professional_parochial__profess,hofstede,professional_parochial,professional,about career,0.6589,0.5,,0.5,0,0.5,79,False,,
professional_parochial__profess,hofstede,professional_parochial,professional,career advancement,0.658,1,,1.0,0,1.0,984,True,,
professional_parochial__profess,hofstede,professional_parochial,professional,develop career,0.656,0.5,,0.5,0,0.5,58,False,,
professional_parochial__profess,hofstede,professional_parochial,professional,technologists,0.6549,0.5,,0.5,0,0.5,86,False,,
professional_parochial__profess,hofstede,professional_parochial,professional,technology analyst,0.6504,0.5,,0.5,0,0.5,155,False,,
professional_parochial__profess,hofstede,professional_parochial,professional,career and,0.6487,0.5,0.25,0.25,2,0.125,473,False,process_results__results_oriented; mit__performance,Generic stopword/duplicated-token bigram — weight reduced to 0.25
professional_parochial__profess,hofstede,professional_parochial,professional,for professional,0.6482,0.5,0.25,0.25,0,0.25,250,False,,Generic stopword/duplicated-token bigram — weight reduced to 0.25
professional_parochial__profess,hofstede,professional_parochial,professional,technologist,0.6481,0.5,,0.5,0,0.5,70,False,,
professional_parochial__profess,hofstede,professional_parochial,professional,your career,0.648,0.5,0.25,0.25,1,0.1667,3390,False,process_results__results_oriented,Generic stopword/duplicated-token bigram — weight reduced to 0.25
professional_parochial__profess,hofstede,professional_parochial,professional,the career,0.6478,0.5,0.25,0.25,2,0.125,303,False,process_results__results_oriented; mit__performance,Generic stopword/duplicated-token bigram — weight reduced to 0.25
professional_parochial__profess,hofstede,professional_parochial,professional,career for,0.6458,0.5,0.25,0.25,1,0.1667,93,False,process_results__results_oriented,Generic stopword/duplicated-token bigram — weight reduced to 0.25
professional_parochial__profess,hofstede,professional_parochial,professional,technical work,0.6447,0.5,,0.5,1,0.3333,91,False,job_employee__job_oriented,
professional_parochial__profess,hofstede,professional_parochial,professional,and professional,0.6435,0.5,0.25,0.25,0,0.25,551,False,,Generic stopword/duplicated-token bigram — weight reduced to 0.25
professional_parochial__profess,hofstede,professional_parochial,professional,work career,0.6384,0.5,,0.5,2,0.25,69,False,job_employee__job_oriented; job_employee__employee_oriented,
professional_parochial__profess,hofstede,professional_parochial,professional,the technical,0.636,0.5,0.25,0.25,2,0.125,84,False,process_results__process_oriented; pragmatic_normative__pragmatic,Generic stopword/duplicated-token bigram — weight reduced to 0.25
professional_parochial__profess,hofstede,professional_parochial,professional,skilled and,0.6357,0.5,0.25,0.25,1,0.1667,54,False,open_closed__open_system,Generic stopword/duplicated-token bigram — weight reduced to 0.25
professional_parochial__profess,hofstede,professional_parochial,professional,career there,0.632,0.5,0.25,0.25,0,0.25,117,False,,Generic stopword/duplicated-token bigram — weight reduced to 0.25
professional_parochial__profess,hofstede,professional_parochial,professional,industry knowledge,0.6312,1,,1.0,0,1.0,62,True,,
professional_parochial__profess,hofstede,professional_parochial,professional,career very,0.6297,0.5,0.25,0.25,0,0.25,73,False,,Generic stopword/duplicated-token bigram — weight reduced to 0.25
professional_parochial__profess,hofstede,professional_parochial,professional,make career,0.6284,0.5,,0.5,0,0.5,86,False,,
professional_parochial__profess,hofstede,professional_parochial,professional,consultant,0.6263,0.5,,0.5,1,0.3333,819,False,mit__customer_orientation,
professional_parochial__profess,hofstede,professional_parochial,professional,future career,0.6262,0.5,,0.5,0,0.5,83,False,,
professional_parochial__profess,hofstede,professional_parochial,professional,analyst,0.6256,0.5,,0.5,0,0.5,7778,False,,
professional_parochial__profess,hofstede,professional_parochial,professional,consultants,0.6246,0.5,,0.5,1,0.3333,282,False,mit__customer_orientation,
professional_parochial__profess,hofstede,professional_parochial,professional,tech work,0.6241,0.5,,0.5,1,0.3333,72,False,job_employee__job_oriented,
professional_parochial__profess,hofstede,professional_parochial,professional,begin career,0.623,0.5,,0.5,0,0.5,87,False,,
professional_parochial__profess,hofstede,professional_parochial,professional,career you,0.6226,0.5,0.25,0.25,1,0.1667,240,False,process_results__results_oriented,Generic stopword/duplicated-token bigram — weight reduced to 0.25
professional_parochial__profess,hofstede,professional_parochial,professional,operations specialist,0.6196,0.5,,0.5,0,0.5,63,False,,
professional_parochial__profess,hofstede,professional_parochial,professional,tech,0.6191,0.5,,0.5,0,0.5,5221,False,,
professional_parochial__profess,hofstede,professional_parochial,professional,technical,0.6189,0.5,,0.5,1,0.3333,2183,False,pragmatic_normative__pragmatic,
professional_parochial__profess,hofstede,professional_parochial,professional,technical people,0.6182,0.5,,0.5,1,0.3333,72,False,mit__customer_orientation,
professional_parochial__profess,hofstede,professional_parochial,professional,career progress,0.6171,0.5,,0.5,0,0.5,99,False,,
professional_parochial__profess,hofstede,professional_parochial,professional,executives,0.616,0.5,,0.5,3,0.2,419,False,tight_loose__tight_control; tight_loose__loose_control; mit__performance,
professional_parochial__profess,hofstede,professional_parochial,professional,technical knowledge,0.6151,0.5,,0.5,0,0.5,74,False,,
professional_parochial__profess,hofstede,professional_parochial,professional,career progression,0.6128,0.5,,0.5,0,0.5,1586,False,,
professional_parochial__profess,hofstede,professional_parochial,professional,own career,0.6113,0.5,,0.5,0,0.5,79,False,,
professional_parochial__profess,hofstede,professional_parochial,professional,career opportunity,0.6108,0.5,,0.5,0,0.5,132,False,,
professional_parochial__profess,hofstede,professional_parochial,professional,academic,0.6096,0.5,,0.5,0,0.5,68,False,,
professional_parochial__profess,hofstede,professional_parochial,professional,have career,0.6091,0.5,0.25,0.25,0,0.25,67,False,,Generic stopword/duplicated-token bigram — weight reduced to 0.25
professional_parochial__profess,hofstede,professional_parochial,professional,career here,0.6089,0.5,0.25,0.25,0,0.25,123,False,,Generic stopword/duplicated-token bigram — weight reduced to 0.25
professional_parochial__profess,hofstede,professional_parochial,professional,you career,0.6079,0.5,0.25,0.25,0,0.25,54,False,,Generic stopword/duplicated-token bigram — weight reduced to 0.25
professional_parochial__profess,hofstede,professional_parochial,professional,competence,0.6071,0.5,,0.5,4,0.1667,107,False,open_closed__open_system; tight_loose__loose_control; pragmatic_normative__normative; mit__performance,
professional_parochial__profess,hofstede,professional_parochial,professional,investment professional,0.6067,0.5,,0.5,0,0.5,62,False,,
professional_parochial__profess,hofstede,professional_parochial,professional,many career,0.6066,0.5,,0.5,0,0.5,65,False,,
professional_parochial__profess,hofstede,professional_parochial,professional,career opportunities,0.6063,0.5,,0.5,0,0.5,1128,False,,
professional_parochial__profess,hofstede,professional_parochial,professional,work analyst,0.6056,0.5,,0.5,0,0.5,56,False,,
professional_parochial__profess,hofstede,professional_parochial,professional,analyst experience,0.6036,0.5,,0.5,0,0.5,50,False,,
professional_parochial__profess,hofstede,professional_parochial,professional,skilled,0.6021,0.5,,0.5,1,0.3333,371,False,mit__agility,
professional_parochial__profess,hofstede,professional_parochial,professional,career prospects,0.6008,0.5,,0.5,0,0.5,104,False,,
professional_parochial__profess,hofstede,professional_parochial,professional,clear career,0.5998,0.5,,0.5,0,0.5,154,False,,
professional_parochial__profess,hofstede,professional_parochial,professional,much career,0.5981,0.5,,0.5,0,0.5,103,False,,
professional_parochial__profess,hofstede,professional_parochial,professional,relationship specialist,0.5975,0.5,,0.5,0,0.5,56,False,,
professional_parochial__profess,hofstede,professional_parochial,professional,technical and,0.597,0.5,0.25,0.25,1,0.1667,104,False,pragmatic_normative__pragmatic,Generic stopword/duplicated-token bigram — weight reduced to 0.25
professional_parochial__profess,hofstede,professional_parochial,professional,research analyst,0.5969,0.5,,0.5,0,0.5,82,False,,
professional_parochial__profess,hofstede,professional_parochial,professional,advance career,0.5959,0.5,,0.5,0,0.5,86,False,,
professional_parochial__profess,hofstede,professional_parochial,professional,career wise,0.5956,0.5,,0.5,0,0.5,51,False,,
professional_parochial__profess,hofstede,professional_parochial,professional,long career,0.5951,0.5,,0.5,0,0.5,72,False,,
professional_parochial__profess,hofstede,professional_parochial,professional,pay career,0.5944,0.5,,0.5,0,0.5,62,False,,
professional_parochial__profess,hofstede,professional_parochial,professional,their careers,0.5931,0.5,0.25,0.25,0,0.25,139,False,,Generic stopword/duplicated-token bigram — weight reduced to 0.25
professional_parochial__profess,hofstede,professional_parochial,professional,skills and,0.5929,0.5,0.25,0.25,2,0.125,458,False,open_closed__open_system; mit__performance,Generic stopword/duplicated-token bigram — weight reduced to 0.25
professional_parochial__profess,hofstede,professional_parochial,professional,skills,0.5912,0.5,,0.5,3,0.2,3538,False,open_closed__open_system; mit__agility; mit__performance,
professional_parochial__profess,hofstede,professional_parochial,professional,tech and,0.5911,0.5,0.25,0.25,0,0.25,179,False,,Generic stopword/duplicated-token bigram — weight reduced to 0.25
professional_parochial__profess,hofstede,professional_parochial,professional,career nothing,0.5908,0.5,,0.5,0,0.5,52,False,,
professional_parochial__profess,hofstede,professional_parochial,professional,people career,0.5894,0.5,,0.5,1,0.3333,62,False,job_employee__employee_oriented,
professional_parochial__profess,hofstede,professional_parochial,professional,industry they,0.5884,0.5,0.25,0.25,0,0.25,63,False,,Generic stopword/duplicated-token bigram — weight reduced to 0.25
professional_parochial__profess,hofstede,professional_parochial,professional,analyst intern,0.588,0.5,,0.5,0,0.5,123,False,,
professional_parochial__profess,hofstede,professional_parochial,professional,the skills,0.586,0.5,0.25,0.25,2,0.125,93,False,open_closed__open_system; mit__performance,Generic stopword/duplicated-token bigram — weight reduced to 0.25
professional_parochial__profess,hofstede,professional_parochial,professional,analyst and,0.5857,0.5,0.25,0.25,0,0.25,71,False,,Generic stopword/duplicated-token bigram — weight reduced to 0.25
professional_parochial__profess,hofstede,professional_parochial,professional,career growth,0.585,0.5,,0.5,0,0.5,2390,False,,
professional_parochial__profess,hofstede,professional_parochial,professional,lots career,0.5835,0.5,,0.5,0,0.5,75,False,,
professional_parochial__profess,hofstede,professional_parochial,professional,highly skilled,0.5834,0.5,,0.5,0,0.5,85,False,,
professional_parochial__profess,hofstede,professional_parochial,professional,build career,0.5834,0.5,,0.5,0,0.5,251,False,,
professional_parochial__profess,hofstede,professional_parochial,professional,there career,0.5829,0.5,0.25,0.25,0,0.25,52,False,,Generic stopword/duplicated-token bigram — weight reduced to 0.25
professional_parochial__profess,hofstede,professional_parochial,professional,for advancement,0.5824,0.5,0.25,0.25,3,0.1,1395,False,process_results__results_oriented; mit__innovation; mit__performance,Generic stopword/duplicated-token bigram — weight reduced to 0.25
professional_parochial__profess,hofstede,professional_parochial,professional,talented colleagues,0.5813,0.5,,0.5,1,0.3333,112,False,mit__performance,
professional_parochial__profess,hofstede,professional_parochial,professional,career not,0.5801,0.5,0.25,0.25,0,0.25,150,False,,Generic stopword/duplicated-token bigram — weight reduced to 0.25
professional_parochial__profess,hofstede,professional_parochial,professional,one career,0.58,0.5,,0.5,0,0.5,64,False,,
professional_parochial__profess,hofstede,professional_parochial,professional,skills the,0.5789,0.5,0.25,0.25,1,0.1667,103,False,open_closed__open_system,Generic stopword/duplicated-token bigram — weight reduced to 0.25
professional_parochial__profess,hofstede,professional_parochial,professional,salary career,0.5783,0.5,,0.5,0,0.5,51,False,,
professional_parochial__profess,hofstede,professional_parochial,professional,career but,0.5775,0.5,0.25,0.25,0,0.25,143,False,,Generic stopword/duplicated-token bigram — weight reduced to 0.25
professional_parochial__profess,hofstede,professional_parochial,professional,skill development,0.5771,0.5,,0.5,0,0.5,111,False,,
professional_parochial__profess,hofstede,professional_parochial,professional,opportunities career,0.577,0.5,,0.5,0,0.5,58,False,,
professional_parochial__profess,hofstede,professional_parochial,professional,certifications,0.5766,0.5,,0.5,0,0.5,208,False,,
professional_parochial__profess,hofstede,professional_parochial,professional,career good,0.5763,0.5,,0.5,0,0.5,166,False,,
professional_parochial__profess,hofstede,professional_parochial,professional,programmer,0.5759,0.5,,0.5,0,0.5,101,False,,
professional_parochial__profess,hofstede,professional_parochial,professional,the tech,0.5758,0.5,0.25,0.25,0,0.25,298,False,,Generic stopword/duplicated-token bigram — weight reduced to 0.25
professional_parochial__profess,hofstede,professional_parochial,professional,qualified,0.5758,0.5,,0.5,3,0.2,469,False,open_closed__open_system; mit__diversity; mit__performance,
professional_parochial__profess,hofstede,professional_parochial,professional,software developer,0.5758,0.5,,0.5,0,0.5,222,False,,
professional_parochial__profess,hofstede,professional_parochial,professional,certification,0.5753,0.5,,0.5,0,0.5,100,False,,
professional_parochial__profess,hofstede,professional_parochial,professional,not career,0.5745,0.5,0.25,0.25,0,0.25,83,False,,Generic stopword/duplicated-token bigram — weight reduced to 0.25
professional_parochial__profess,hofstede,professional_parochial,professional,career path,0.574,0.5,,0.5,0,0.5,831,False,,
professional_parochial__profess,hofstede,professional_parochial,professional,limited career,0.5733,0.5,,0.5,0,0.5,352,False,,
professional_parochial__profess,hofstede,professional_parochial,professional,analyst associate,0.5731,0.5,,0.5,0,0.5,70,False,,
professional_parochial__profess,hofstede,professional_parochial,professional,analyst role,0.5723,0.5,,0.5,0,0.5,61,False,,
professional_parochial__profess,hofstede,professional_parochial,professional,tech people,0.5719,0.5,,0.5,0,0.5,53,False,,
professional_parochial__profess,hofstede,professional_parochial,professional,progress career,0.5714,0.5,,0.5,0,0.5,54,False,,
professional_parochial__profess,hofstede,professional_parochial,professional,and professionalism,0.5704,0.5,0.25,0.25,0,0.25,53,False,,Generic stopword/duplicated-token bigram — weight reduced to 0.25
professional_parochial__profess,hofstede,professional_parochial,professional,experienced employees,0.5684,0.5,,0.5,2,0.25,77,False,job_employee__employee_oriented; mit__customer_orientation,
professional_parochial__profess,hofstede,professional_parochial,professional,technology work,0.568,0.5,,0.5,3,0.2,99,False,job_employee__job_oriented; pragmatic_normative__pragmatic; mit__innovation,
professional_parochial__profess,hofstede,professional_parochial,professional,investment professionals,0.5675,0.5,,0.5,0,0.5,75,False,,
professional_parochial__profess,hofstede,professional_parochial,professional,excellent career,0.5664,0.5,,0.5,0,0.5,55,False,,
professional_parochial__profess,hofstede,professional_parochial,professional,management and,0.5664,0.5,0.25,0.25,7,0.0556,2249,False,process_results__process_oriented; process_results__results_oriented; tight_loose__tight_control; tight_loose__loose_control; pragmatic_normative__normative; mit__execution; mit__performance,Generic stopword/duplicated-token bigram — weight reduced to 0.25
professional_parochial__profess,hofstede,professional_parochial,professional,software engineer,0.5661,0.5,,0.5,0,0.5,697,False,,
professional_parochial__profess,hofstede,professional_parochial,professional,engineer,0.5661,0.5,,0.5,0,0.5,1220,False,,
professional_parochial__profess,hofstede,professional_parochial,professional,with career,0.5652,0.5,0.25,0.25,0,0.25,113,False,,Generic stopword/duplicated-token bigram — weight reduced to 0.25
professional_parochial__profess,hofstede,professional_parochial,professional,developer,0.5644,0.5,,0.5,0,0.5,997,False,,
professional_parochial__profess,hofstede,professional_parochial,professional,competent people,0.5626,0.5,,0.5,1,0.3333,77,False,mit__performance,
professional_parochial__profess,hofstede,professional_parochial,professional,career long,0.5626,0.5,,0.5,0,0.5,80,False,,
professional_parochial__profess,hofstede,professional_parochial,professional,skill,0.5621,0.5,,0.5,2,0.25,869,False,mit__agility; mit__performance,
professional_parochial__profess,hofstede,professional_parochial,professional,senior analyst,0.5621,0.5,,0.5,0,0.5,287,False,,
professional_parochial__profess,hofstede,professional_parochial,professional,career can,0.5616,0.5,0.25,0.25,0,0.25,63,False,,Generic stopword/duplicated-token bigram — weight reduced to 0.25
professional_parochial__profess,hofstede,professional_parochial,professional,growth career,0.5615,0.5,,0.5,0,0.5,82,False,,
professional_parochial__profess,hofstede,professional_parochial,professional,technological,0.5613,0.5,,0.5,3,0.2,154,False,process_results__process_oriented; pragmatic_normative__pragmatic; mit__innovation,
professional_parochial__profess,hofstede,professional_parochial,professional,competent and,0.5604,0.5,0.25,0.25,2,0.125,82,False,tight_loose__loose_control; mit__performance,Generic stopword/duplicated-token bigram — weight reduced to 0.25
professional_parochial__profess,hofstede,professional_parochial,professional,career great,0.5597,0.5,,0.5,0,0.5,139,False,,
professional_parochial__profess,hofstede,professional_parochial,professional,good career,0.5594,0.5,,0.5,0,0.5,627,False,,
professional_parochial__profess,hofstede,professional_parochial,professional,working people,0.5593,0.5,,0.5,2,0.25,245,False,job_employee__job_oriented; job_employee__employee_oriented,
professional_parochial__profess,hofstede,professional_parochial,professional,less career,0.5583,0.5,,0.5,0,0.5,58,False,,
professional_parochial__profess,hofstede,professional_parochial,professional,talented employees,0.558,0.5,,0.5,2,0.25,92,False,job_employee__employee_oriented; mit__performance,
professional_parochial__profess,hofstede,professional_parochial,professional,competency,0.5577,0.5,,0.5,0,0.5,72,False,,
professional_parochial__profess,hofstede,professional_parochial,professional,management career,0.5572,0.5,,0.5,0,0.5,66,False,,
professional_parochial__profess,hofstede,professional_parochial,professional,advancement opportunities,0.5567,0.5,,0.5,0,0.5,534,False,,
tight_loose__loose_control,hofstede,tight_loose,loose_control,autonomy,0.7549,1,,1.0,1,0.6667,698,True,pragmatic_normative__normative,
tight_loose__loose_control,hofstede,tight_loose,loose_control,autonomy and,0.7512,0.75,0.25,0.25,1,0.1667,81,False,pragmatic_normative__normative,Generic stopword/duplicated-token bigram — weight reduced to 0.25
tight_loose__loose_control,hofstede,tight_loose,loose_control,freedom,0.6574,1,,1.0,1,0.6667,823,True,mit__diversity,
tight_loose__loose_control,hofstede,tight_loose,loose_control,empowerment,0.6529,1,,1.0,1,0.6667,144,True,pragmatic_normative__normative,
tight_loose__loose_control,hofstede,tight_loose,loose_control,entrepreneurial,0.6414,1,,1.0,1,0.6667,358,True,mit__innovation,
tight_loose__loose_control,hofstede,tight_loose,loose_control,self,0.6373,0.5,,0.5,1,0.3333,1493,False,mit__integrity,
tight_loose__loose_control,hofstede,tight_loose,loose_control,empowered,0.6306,1,,1.0,0,1.0,115,True,,
tight_loose__loose_control,hofstede,tight_loose,loose_control,organizational,0.6267,0.5,,0.5,6,0.125,498,False,process_results__process_oriented; job_employee__employee_oriented; professional_parochial__parochial; tight_loose__tight_control; mit__collaboration; mit__performance,
tight_loose__loose_control,hofstede,tight_loose,loose_control,flexibility and,0.6206,0.5,0.25,0.25,2,0.125,440,False,pragmatic_normative__pragmatic; mit__agility,Generic stopword/duplicated-token bigram — weight reduced to 0.25
tight_loose__loose_control,hofstede,tight_loose,loose_control,independent,0.6196,1,,1.0,0,1.0,548,True,,
tight_loose__loose_control,hofstede,tight_loose,loose_control,the freedom,0.6189,0.5,0.25,0.25,0,0.25,67,False,,Generic stopword/duplicated-token bigram — weight reduced to 0.25
tight_loose__loose_control,hofstede,tight_loose,loose_control,flexibility the,0.6181,0.5,0.25,0.25,2,0.125,90,False,pragmatic_normative__pragmatic; mit__agility,Generic stopword/duplicated-token bigram — weight reduced to 0.25
tight_loose__loose_control,hofstede,tight_loose,loose_control,freedom and,0.6161,0.5,0.25,0.25,1,0.1667,67,False,mit__diversity,Generic stopword/duplicated-token bigram — weight reduced to 0.25
tight_loose__loose_control,hofstede,tight_loose,loose_control,cooperative,0.6111,0.5,,0.5,2,0.25,214,False,open_closed__closed_system; mit__collaboration,
tight_loose__loose_control,hofstede,tight_loose,loose_control,authority,0.61,0.5,,0.5,3,0.2,108,False,open_closed__closed_system; tight_loose__tight_control; pragmatic_normative__normative,
tight_loose__loose_control,hofstede,tight_loose,loose_control,flexible,0.6044,1,,1.0,2,0.5,9167,True,pragmatic_normative__pragmatic; mit__agility,
tight_loose__loose_control,hofstede,tight_loose,loose_control,independently,0.6015,0.5,,0.5,1,0.3333,128,False,mit__diversity,
tight_loose__loose_control,hofstede,tight_loose,loose_control,flexible and,0.6008,0.5,0.25,0.25,2,0.125,411,False,pragmatic_normative__pragmatic; mit__agility,Generic stopword/duplicated-token bigram — weight reduced to 0.25
tight_loose__loose_control,hofstede,tight_loose,loose_control,capabilities,0.6,0.5,,0.5,3,0.2,244,False,pragmatic_normative__pragmatic; pragmatic_normative__normative; mit__performance,
tight_loose__loose_control,hofstede,tight_loose,loose_control,flexible working,0.5985,0.5,,0.5,2,0.25,1636,False,job_employee__job_oriented; pragmatic_normative__pragmatic,
tight_loose__loose_control,hofstede,tight_loose,loose_control,government,0.5983,0.5,,0.5,1,0.3333,166,False,tight_loose__tight_control,
tight_loose__loose_control,hofstede,tight_loose,loose_control,ambition,0.598,0.5,,0.5,2,0.25,201,False,process_results__results_oriented; mit__execution,
tight_loose__loose_control,hofstede,tight_loose,loose_control,organisation,0.5978,0.5,,0.5,3,0.2,1772,False,professional_parochial__parochial; tight_loose__tight_control; mit__collaboration,
tight_loose__loose_control,hofstede,tight_loose,loose_control,managing,0.597,0.5,,0.5,1,0.3333,1023,False,tight_loose__tight_control,
tight_loose__loose_control,hofstede,tight_loose,loose_control,manage people,0.595,0.5,,0.5,2,0.25,70,False,job_employee__employee_oriented; tight_loose__tight_control,
tight_loose__loose_control,hofstede,tight_loose,loose_control,management and,0.5933,0.5,0.25,0.25,7,0.0556,2249,False,process_results__process_oriented; process_results__results_oriented; professional_parochial__professional; tight_loose__tight_control; pragmatic_normative__normative; mit__execution; mit__performance,Generic stopword/duplicated-token bigram — weight reduced to 0.25
tight_loose__loose_control,hofstede,tight_loose,loose_control,managing people,0.5918,0.5,,0.5,2,0.25,51,False,job_employee__employee_oriented; tight_loose__tight_control,
tight_loose__loose_control,hofstede,tight_loose,loose_control,your management,0.5916,0.5,0.25,0.25,4,0.0833,57,False,process_results__process_oriented; process_results__results_oriented; tight_loose__tight_control; mit__execution,Generic stopword/duplicated-token bigram — weight reduced to 0.25
tight_loose__loose_control,hofstede,tight_loose,loose_control,leadership,0.5915,0.5,,0.5,5,0.1429,6819,False,process_results__results_oriented; tight_loose__tight_control; mit__collaboration; mit__execution; mit__performance,
tight_loose__loose_control,hofstede,tight_loose,loose_control,flexibility,0.5913,0.5,,0.5,2,0.25,5225,False,pragmatic_normative__pragmatic; mit__agility,
tight_loose__loose_control,hofstede,tight_loose,loose_control,management,0.5898,0.5,,0.5,5,0.1429,38993,False,process_results__process_oriented; process_results__results_oriented; tight_loose__tight_control; mit__execution; mit__performance,
tight_loose__loose_control,hofstede,tight_loose,loose_control,manageable,0.5887,0.5,,0.5,2,0.25,313,False,tight_loose__tight_control; pragmatic_normative__pragmatic,
tight_loose__loose_control,hofstede,tight_loose,loose_control,organization,0.5874,0.5,,0.5,2,0.25,4767,False,tight_loose__tight_control; mit__collaboration,
tight_loose__loose_control,hofstede,tight_loose,loose_control,how manage,0.5865,0.5,0.25,0.25,1,0.1667,107,False,tight_loose__tight_control,Generic stopword/duplicated-token bigram — weight reduced to 0.25
tight_loose__loose_control,hofstede,tight_loose,loose_control,coordination,0.5859,0.5,,0.5,3,0.2,113,False,process_results__process_oriented; tight_loose__tight_control; mit__collaboration,
tight_loose__loose_control,hofstede,tight_loose,loose_control,empowering,0.5858,0.5,,0.5,1,0.3333,85,False,open_closed__open_system,
tight_loose__loose_control,hofstede,tight_loose,loose_control,manage the,0.5855,0.5,0.25,0.25,1,0.1667,74,False,tight_loose__tight_control,Generic stopword/duplicated-token bigram — weight reduced to 0.25
tight_loose__loose_control,hofstede,tight_loose,loose_control,some flexibility,0.5855,0.5,,0.5,2,0.25,57,False,pragmatic_normative__pragmatic; mit__agility,
tight_loose__loose_control,hofstede,tight_loose,loose_control,the flexibility,0.5848,0.5,0.25,0.25,2,0.125,147,False,pragmatic_normative__pragmatic; mit__agility,Generic stopword/duplicated-token bigram — weight reduced to 0.25
tight_loose__loose_control,hofstede,tight_loose,loose_control,organization and,0.5835,0.5,0.25,0.25,3,0.1,224,False,process_results__process_oriented; tight_loose__tight_control; mit__collaboration,Generic stopword/duplicated-token bigram — weight reduced to 0.25
tight_loose__loose_control,hofstede,tight_loose,loose_control,responsibility and,0.5832,0.5,0.25,0.25,7,0.0556,175,False,process_results__process_oriented; process_results__results_oriented; tight_loose__tight_control; pragmatic_normative__normative; mit__execution; mit__integrity; mit__respect,Generic stopword/duplicated-token bigram — weight reduced to 0.25
tight_loose__loose_control,hofstede,tight_loose,loose_control,independent agent,0.5831,0.5,,0.5,0,0.5,79,False,,
tight_loose__loose_control,hofstede,tight_loose,loose_control,manage,0.5815,0.5,,0.5,1,0.3333,1358,False,tight_loose__tight_control,
tight_loose__loose_control,hofstede,tight_loose,loose_control,the management,0.5799,0.5,0.25,0.25,1,0.1667,1258,False,tight_loose__tight_control,Generic stopword/duplicated-token bigram — weight reduced to 0.25
tight_loose__loose_control,hofstede,tight_loose,loose_control,company flexible,0.5796,0.5,,0.5,1,0.3333,53,False,pragmatic_normative__pragmatic,
tight_loose__loose_control,hofstede,tight_loose,loose_control,flexibility with,0.579,0.5,0.25,0.25,2,0.125,199,False,pragmatic_normative__pragmatic; mit__agility,Generic stopword/duplicated-token bigram — weight reduced to 0.25
tight_loose__loose_control,hofstede,tight_loose,loose_control,organizations,0.5774,0.5,,0.5,3,0.2,368,False,professional_parochial__parochial; tight_loose__tight_control; mit__collaboration,
tight_loose__loose_control,hofstede,tight_loose,loose_control,independence,0.5772,0.5,,0.5,1,0.3333,231,False,mit__diversity,
tight_loose__loose_control,hofstede,tight_loose,loose_control,wealth,0.5766,0.5,,0.5,1,0.3333,1815,False,pragmatic_normative__normative,
tight_loose__loose_control,hofstede,tight_loose,loose_control,determined,0.5765,0.5,,0.5,5,0.1429,141,False,process_results__results_oriented; open_closed__closed_system; pragmatic_normative__pragmatic; pragmatic_normative__normative; mit__agility,
tight_loose__loose_control,hofstede,tight_loose,loose_control,with management,0.5759,0.5,0.25,0.25,4,0.0833,412,False,process_results__process_oriented; process_results__results_oriented; tight_loose__tight_control; mit__execution,Generic stopword/duplicated-token bigram — weight reduced to 0.25
tight_loose__loose_control,hofstede,tight_loose,loose_control,flexible good,0.5743,0.5,,0.5,2,0.25,176,False,pragmatic_normative__pragmatic; mit__agility,
tight_loose__loose_control,hofstede,tight_loose,loose_control,capability,0.574,0.5,,0.5,3,0.2,96,False,process_results__results_oriented; mit__agility; mit__performance,
tight_loose__loose_control,hofstede,tight_loose,loose_control,straightforward,0.574,0.5,,0.5,4,0.1667,85,False,process_results__process_oriented; open_closed__closed_system; pragmatic_normative__pragmatic; mit__agility,
tight_loose__loose_control,hofstede,tight_loose,loose_control,leadership and,0.5711,0.5,0.25,0.25,6,0.0625,510,False,process_results__results_oriented; tight_loose__tight_control; pragmatic_normative__normative; mit__collaboration; mit__execution; mit__performance,Generic stopword/duplicated-token bigram — weight reduced to 0.25
tight_loose__loose_control,hofstede,tight_loose,loose_control,cooperation,0.5711,0.5,,0.5,3,0.2,95,False,open_closed__open_system; mit__collaboration; mit__integrity,
tight_loose__loose_control,hofstede,tight_loose,loose_control,flexible with,0.571,0.5,0.25,0.25,2,0.125,340,False,pragmatic_normative__pragmatic; mit__agility,Generic stopword/duplicated-token bigram — weight reduced to 0.25
tight_loose__loose_control,hofstede,tight_loose,loose_control,manages,0.5704,0.5,,0.5,1,0.3333,77,False,tight_loose__tight_control,
tight_loose__loose_control,hofstede,tight_loose,loose_control,decisions and,0.5703,0.5,0.25,0.25,8,0.05,134,False,process_results__process_oriented; process_results__results_oriented; open_closed__closed_system; tight_loose__tight_control; pragmatic_normative__pragmatic; pragmatic_normative__normative; mit__execution; mit__integrity,Generic stopword/duplicated-token bigram — weight reduced to 0.25
tight_loose__loose_control,hofstede,tight_loose,loose_control,voluntary,0.5701,0.5,,0.5,0,0.5,87,False,,
tight_loose__loose_control,hofstede,tight_loose,loose_control,management flexible,0.57,0.5,,0.5,0,0.5,65,False,,
tight_loose__loose_control,hofstede,tight_loose,loose_control,ownership,0.5695,1,,1.0,0,1.0,541,True,,
tight_loose__loose_control,hofstede,tight_loose,loose_control,some management,0.5678,0.5,,0.5,1,0.3333,109,False,tight_loose__tight_control,
tight_loose__loose_control,hofstede,tight_loose,loose_control,operate,0.5667,0.5,,0.5,5,0.1429,188,False,process_results__process_oriented; process_results__results_oriented; job_employee__job_oriented; tight_loose__tight_control; mit__execution,
tight_loose__loose_control,hofstede,tight_loose,loose_control,functioning,0.5663,0.5,,0.5,3,0.2,54,False,process_results__results_oriented; pragmatic_normative__normative; mit__execution,
tight_loose__loose_control,hofstede,tight_loose,loose_control,organisational,0.5656,0.5,,0.5,1,0.3333,104,False,tight_loose__tight_control,
tight_loose__loose_control,hofstede,tight_loose,loose_control,the leadership,0.5655,0.5,0.25,0.25,2,0.125,267,False,tight_loose__tight_control; mit__performance,Generic stopword/duplicated-token bigram — weight reduced to 0.25
tight_loose__loose_control,hofstede,tight_loose,loose_control,enterprise,0.5653,0.5,,0.5,1,0.3333,201,False,mit__customer_orientation,
tight_loose__loose_control,hofstede,tight_loose,loose_control,control,0.5609,0.5,,0.5,2,0.25,859,False,tight_loose__tight_control; pragmatic_normative__normative,
tight_loose__loose_control,hofstede,tight_loose,loose_control,the organisation,0.5608,0.5,0.25,0.25,2,0.125,368,False,professional_parochial__parochial; tight_loose__tight_control,Generic stopword/duplicated-token bigram — weight reduced to 0.25
tight_loose__loose_control,hofstede,tight_loose,loose_control,company,0.5587,0.5,,0.5,2,0.25,71496,False,professional_parochial__parochial; mit__customer_orientation,
tight_loose__loose_control,hofstede,tight_loose,loose_control,self development,0.5568,0.5,,0.5,0,0.5,132,False,,
tight_loose__loose_control,hofstede,tight_loose,loose_control,team flexible,0.5566,0.5,,0.5,1,0.3333,52,False,mit__collaboration,
tight_loose__loose_control,hofstede,tight_loose,loose_control,flexibility working,0.5565,0.5,,0.5,1,0.3333,104,False,pragmatic_normative__pragmatic,
tight_loose__loose_control,hofstede,tight_loose,loose_control,own,0.5557,0.5,,0.5,0,0.5,4265,False,,
tight_loose__loose_control,hofstede,tight_loose,loose_control,organisations,0.555,0.5,,0.5,0,0.5,122,False,,
tight_loose__loose_control,hofstede,tight_loose,loose_control,manage your,0.5547,0.5,0.25,0.25,0,0.25,115,False,,Generic stopword/duplicated-token bigram — weight reduced to 0.25
tight_loose__loose_control,hofstede,tight_loose,loose_control,responsibility,0.5542,0.5,,0.5,5,0.1429,1394,False,process_results__results_oriented; pragmatic_normative__normative; mit__execution; mit__integrity; mit__respect,
tight_loose__loose_control,hofstede,tight_loose,loose_control,organization with,0.5533,0.5,0.25,0.25,2,0.125,267,False,tight_loose__tight_control; mit__collaboration,Generic stopword/duplicated-token bigram — weight reduced to 0.25
tight_loose__loose_control,hofstede,tight_loose,loose_control,role and,0.5532,0.5,0.25,0.25,0,0.25,318,False,,Generic stopword/duplicated-token bigram — weight reduced to 0.25
tight_loose__loose_control,hofstede,tight_loose,loose_control,employment,0.5529,0.5,,0.5,3,0.2,916,False,job_employee__job_oriented; job_employee__employee_oriented; mit__execution,
tight_loose__loose_control,hofstede,tight_loose,loose_control,the role,0.5522,0.5,0.25,0.25,0,0.25,767,False,,Generic stopword/duplicated-token bigram — weight reduced to 0.25
tight_loose__loose_control,hofstede,tight_loose,loose_control,management that,0.5518,0.5,0.25,0.25,1,0.1667,268,False,tight_loose__tight_control,Generic stopword/duplicated-token bigram — weight reduced to 0.25
tight_loose__loose_control,hofstede,tight_loose,loose_control,efficient,0.5517,0.5,,0.5,4,0.1667,611,False,process_results__results_oriented; pragmatic_normative__pragmatic; mit__agility; mit__performance,
tight_loose__loose_control,hofstede,tight_loose,loose_control,the wealth,0.5514,0.5,0.25,0.25,0,0.25,124,False,,Generic stopword/duplicated-token bigram — weight reduced to 0.25
tight_loose__loose_control,hofstede,tight_loose,loose_control,influence,0.5508,0.5,,0.5,4,0.1667,210,False,open_closed__open_system; open_closed__closed_system; pragmatic_normative__normative; mit__integrity,
tight_loose__loose_control,hofstede,tight_loose,loose_control,executives,0.5505,0.5,,0.5,3,0.2,419,False,professional_parochial__professional; tight_loose__tight_control; mit__performance,
tight_loose__loose_control,hofstede,tight_loose,loose_control,management they,0.5497,0.25,,0.25,1,0.1667,196,False,tight_loose__tight_control,
tight_loose__loose_control,hofstede,tight_loose,loose_control,with leadership,0.5493,0.25,,0.25,2,0.125,53,False,process_results__results_oriented; mit__execution,
tight_loose__loose_control,hofstede,tight_loose,loose_control,achieve,0.5492,0.25,,0.25,7,0.0556,494,False,process_results__results_oriented; open_closed__open_system; pragmatic_normative__pragmatic; mit__agility; mit__execution; mit__innovation; mit__performance,
tight_loose__loose_control,hofstede,tight_loose,loose_control,initiative,0.5489,0.25,,0.25,0,0.25,353,False,,
tight_loose__loose_control,hofstede,tight_loose,loose_control,strong leadership,0.5486,0.25,,0.25,1,0.1667,197,False,mit__performance,
tight_loose__loose_control,hofstede,tight_loose,loose_control,leaders,0.5478,0.25,,0.25,1,0.1667,2050,False,mit__performance,
tight_loose__loose_control,hofstede,tight_loose,loose_control,organization but,0.5477,0.25,,0.25,1,0.1667,59,False,mit__collaboration,
tight_loose__loose_control,hofstede,tight_loose,loose_control,business owners,0.5471,0.25,,0.25,2,0.125,127,False,professional_parochial__parochial; mit__customer_orientation,
tight_loose__loose_control,hofstede,tight_loose,loose_control,ownership and,0.547,0.25,,0.25,0,0.25,60,False,,
tight_loose__loose_control,hofstede,tight_loose,loose_control,driven,0.5469,0.25,,0.25,1,0.1667,2218,False,pragmatic_normative__pragmatic,
tight_loose__loose_control,hofstede,tight_loose,loose_control,flexible work,0.5469,0.25,,0.25,1,0.1667,1781,False,pragmatic_normative__pragmatic,
tight_loose__loose_control,hofstede,tight_loose,loose_control,responsibilities and,0.5448,0.25,,0.25,7,0.0556,105,False,process_results__process_oriented; process_results__results_oriented; tight_loose__tight_control; pragmatic_normative__normative; mit__execution; mit__performance; mit__respect,
tight_loose__loose_control,hofstede,tight_loose,loose_control,competence,0.5446,0.25,,0.25,4,0.0833,107,False,professional_parochial__professional; open_closed__open_system; pragmatic_normative__normative; mit__performance,
tight_loose__loose_control,hofstede,tight_loose,loose_control,motivated and,0.5442,0.25,,0.25,0,0.25,179,False,,
tight_loose__loose_control,hofstede,tight_loose,loose_control,leadership with,0.5437,0.25,,0.25,4,0.0833,50,False,tight_loose__tight_control; mit__collaboration; mit__execution; mit__performance,
tight_loose__loose_control,hofstede,tight_loose,loose_control,organised,0.5434,0.25,,0.25,1,0.1667,224,False,tight_loose__tight_control,
tight_loose__loose_control,hofstede,tight_loose,loose_control,discretionary,0.5432,0.25,,0.25,0,0.25,72,False,,
tight_loose__loose_control,hofstede,tight_loose,loose_control,managerial,0.5426,0.25,,0.25,1,0.1667,257,False,tight_loose__tight_control,
tight_loose__loose_control,hofstede,tight_loose,loose_control,manage and,0.5424,0.25,,0.25,1,0.1667,65,False,tight_loose__tight_control,
tight_loose__loose_control,hofstede,tight_loose,loose_control,well organised,0.5423,0.25,,0.25,0,0.25,74,False,,
tight_loose__loose_control,hofstede,tight_loose,loose_control,the roles,0.5421,0.25,,0.25,0,0.25,103,False,,
tight_loose__loose_control,hofstede,tight_loose,loose_control,self employed,0.5415,0.25,,0.25,0,0.25,56,False,,
tight_loose__loose_control,hofstede,tight_loose,loose_control,leadership the,0.5414,0.25,,0.25,0,0.25,156,False,,
tight_loose__loose_control,hofstede,tight_loose,loose_control,management but,0.5403,0.25,,0.25,0,0.25,123,False,,
tight_loose__loose_control,hofstede,tight_loose,loose_control,your managers,0.5403,0.25,,0.25,1,0.1667,105,False,tight_loose__tight_control,
tight_loose__loose_control,hofstede,tight_loose,loose_control,decisions,0.5401,0.25,,0.25,7,0.0556,1797,False,process_results__process_oriented; process_results__results_oriented; open_closed__closed_system; tight_loose__tight_control; pragmatic_normative__pragmatic; pragmatic_normative__normative; mit__integrity,
tight_loose__loose_control,hofstede,tight_loose,loose_control,competent and,0.54,0.25,,0.25,2,0.125,82,False,professional_parochial__professional; mit__performance,
tight_loose__loose_control,hofstede,tight_loose,loose_control,organisation and,0.5394,0.25,,0.25,1,0.1667,72,False,tight_loose__tight_control,
tight_loose__loose_control,hofstede,tight_loose,loose_control,advancing,0.5388,0.25,,0.25,3,0.1,147,False,process_results__results_oriented; mit__agility; mit__execution,
tight_loose__loose_control,hofstede,tight_loose,loose_control,leadership that,0.5384,0.25,,0.25,2,0.125,73,False,tight_loose__tight_control; mit__performance,
tight_loose__loose_control,hofstede,tight_loose,loose_control,involved with,0.5383,0.25,,0.25,2,0.125,130,False,open_closed__closed_system; mit__collaboration,
tight_loose__loose_control,hofstede,tight_loose,loose_control,management with,0.5378,0.25,,0.25,1,0.1667,190,False,tight_loose__tight_control,
tight_loose__loose_control,hofstede,tight_loose,loose_control,with flexibility,0.5378,0.25,,0.25,2,0.125,60,False,pragmatic_normative__pragmatic; mit__agility,
tight_loose__loose_control,hofstede,tight_loose,loose_control,this organisation,0.5378,0.25,,0.25,0,0.25,76,False,,
tight_loose__loose_control,hofstede,tight_loose,loose_control,with flexible,0.5374,0.25,,0.25,2,0.125,110,False,pragmatic_normative__pragmatic; mit__agility,
tight_loose__loose_control,hofstede,tight_loose,loose_control,being made,0.5373,0.25,,0.25,2,0.125,82,False,open_closed__closed_system; mit__innovation,
tight_loose__loose_control,hofstede,tight_loose,loose_control,complex,0.5373,0.25,,0.25,2,0.125,926,False,open_closed__closed_system; pragmatic_normative__normative,
tight_loose__loose_control,hofstede,tight_loose,loose_control,administration,0.5369,0.25,,0.25,1,0.1667,162,False,tight_loose__tight_control,
tight_loose__loose_control,hofstede,tight_loose,loose_control,from leadership,0.5368,0.25,,0.25,3,0.1,107,False,process_results__results_oriented; mit__execution; mit__performance,
tight_loose__loose_control,hofstede,tight_loose,loose_control,ease,0.5364,0.25,,0.25,1,0.1667,84,False,mit__agility,
tight_loose__loose_control,hofstede,tight_loose,loose_control,institutional,0.5357,0.25,,0.25,1,0.1667,295,False,tight_loose__tight_control,
tight_loose__loose_control,hofstede,tight_loose,loose_control,movement and,0.5356,0.25,,0.25,1,0.1667,58,False,mit__agility,
tight_loose__loose_control,hofstede,tight_loose,loose_control,enables,0.5356,0.25,,0.25,0,0.25,57,False,,
tight_loose__loose_control,hofstede,tight_loose,loose_control,work flexible,0.5352,0.25,,0.25,1,0.1667,93,False,pragmatic_normative__pragmatic,
tight_loose__loose_control,hofstede,tight_loose,loose_control,financially,0.5348,0.25,,0.25,1,0.1667,232,False,pragmatic_normative__pragmatic,
tight_loose__loose_control,hofstede,tight_loose,loose_control,role,0.5347,0.25,,0.25,0,0.25,5475,False,,
tight_loose__loose_control,hofstede,tight_loose,loose_control,ambitious,0.5345,0.25,,0.25,0,0.25,601,False,,
tight_loose__loose_control,hofstede,tight_loose,loose_control,efficiency and,0.5342,0.25,,0.25,3,0.1,63,False,process_results__results_oriented; pragmatic_normative__pragmatic; mit__performance,
tight_loose__loose_control,hofstede,tight_loose,loose_control,the decisions,0.5342,0.25,,0.25,5,0.0714,59,False,process_results__process_oriented; process_results__results_oriented; tight_loose__tight_control; pragmatic_normative__normative; mit__integrity,
tight_loose__loose_control,hofstede,tight_loose,loose_control,own work,0.5341,0.25,,0.25,0,0.25,79,False,,
tight_loose__loose_control,hofstede,tight_loose,loose_control,strategy and,0.5339,0.25,,0.25,3,0.1,143,False,process_results__results_oriented; pragmatic_normative__pragmatic; mit__innovation,
tight_loose__loose_control,hofstede,tight_loose,loose_control,powerful,0.5338,0.25,,0.25,1,0.1667,80,False,mit__agility,
tight_loose__loose_control,hofstede,tight_loose,loose_control,much flexibility,0.5332,0.25,,0.25,2,0.125,69,False,pragmatic_normative__pragmatic; mit__agility,
tight_loose__loose_control,hofstede,tight_loose,loose_control,trust and,0.5329,0.25,,0.25,3,0.1,60,False,pragmatic_normative__normative; mit__integrity; mit__respect,
tight_loose__loose_control,hofstede,tight_loose,loose_control,flexibility for,0.5327,0.25,,0.25,1,0.1667,159,False,pragmatic_normative__pragmatic,
tight_loose__loose_control,hofstede,tight_loose,loose_control,organization you,0.5327,0.25,,0.25,2,0.125,74,False,tight_loose__tight_control; mit__collaboration,
tight_loose__loose_control,hofstede,tight_loose,loose_control,responsible,0.5326,0.25,,0.25,4,0.0833,300,False,pragmatic_normative__normative; mit__execution; mit__integrity; mit__respect,
tight_loose__loose_control,hofstede,tight_loose,loose_control,the workplace,0.5324,0.25,,0.25,4,0.0833,260,False,job_employee__job_oriented; job_employee__employee_oriented; open_closed__closed_system; mit__collaboration,
tight_loose__loose_control,hofstede,tight_loose,loose_control,roles and,0.5322,0.25,,0.25,0,0.25,277,False,,
tight_loose__loose_control,hofstede,tight_loose,loose_control,job and,0.532,0.25,,0.25,4,0.0833,780,False,process_results__results_oriented; job_employee__job_oriented; job_employee__employee_oriented; mit__execution,
tight_loose__loose_control,hofstede,tight_loose,loose_control,behaviour,0.532,0.25,,0.25,4,0.0833,171,False,process_results__process_oriented; tight_loose__tight_control; pragmatic_normative__normative; mit__integrity,
tight_loose__loose_control,hofstede,tight_loose,loose_control,efficiently,0.5318,0.25,,0.25,3,0.1,155,False,pragmatic_normative__pragmatic; mit__agility; mit__performance,
tight_loose__loose_control,hofstede,tight_loose,loose_control,governance,0.5317,0.25,,0.25,2,0.125,156,False,tight_loose__tight_control; pragmatic_normative__normative,
tight_loose__loose_control,hofstede,tight_loose,loose_control,freedom work,0.5315,0.25,,0.25,0,0.25,83,False,,
tight_loose__loose_control,hofstede,tight_loose,loose_control,inspire,0.5314,0.25,,0.25,2,0.125,52,False,open_closed__open_system; mit__innovation,
tight_loose__loose_control,hofstede,tight_loose,loose_control,hardworking,0.5313,0.25,,0.25,4,0.0833,460,False,process_results__results_oriented; job_employee__job_oriented; open_closed__closed_system; pragmatic_normative__pragmatic,
tight_loose__loose_control,hofstede,tight_loose,loose_control,from management,0.5311,0.25,,0.25,2,0.125,724,False,process_results__process_oriented; process_results__results_oriented,
tight_loose__loose_control,hofstede,tight_loose,loose_control,entrepreneurial spirit,0.531,0.25,,0.25,0,0.25,63,False,,
tight_loose__loose_control,hofstede,tight_loose,loose_control,and manage,0.5308,0.25,,0.25,0,0.25,61,False,,
tight_loose__loose_control,hofstede,tight_loose,loose_control,based work,0.5307,0.25,,0.25,6,0.0625,55,False,process_results__results_oriented; job_employee__job_oriented; job_employee__employee_oriented; pragmatic_normative__pragmatic; pragmatic_normative__normative; mit__performance,
tight_loose__loose_control,hofstede,tight_loose,loose_control,with opportunities,0.5305,0.25,,0.25,4,0.0833,161,False,process_results__results_oriented; open_closed__open_system; pragmatic_normative__pragmatic; mit__diversity,
tight_loose__loose_control,hofstede,tight_loose,loose_control,progressive,0.53,0.25,,0.25,1,0.1667,348,False,open_closed__closed_system,
tight_loose__tight_control,hofstede,tight_loose,tight_control,formal,0.6626,1,,1.0,1,0.6667,447,True,process_results__process_oriented,
tight_loose__tight_control,hofstede,tight_loose,tight_control,the hierarchy,0.6457,0.5,0.25,0.25,0,0.25,80,False,,Generic stopword/duplicated-token bigram — weight reduced to 0.25
tight_loose__tight_control,hofstede,tight_loose,tight_control,structured,0.6393,1,,1.0,1,0.6667,1119,True,process_results__process_oriented,
tight_loose__tight_control,hofstede,tight_loose,tight_control,controlled,0.6366,0.5,,0.5,2,0.25,117,False,tight_loose__loose_control; pragmatic_normative__normative,
tight_loose__tight_control,hofstede,tight_loose,tight_control,organized and,0.6329,0.5,0.25,0.25,1,0.1667,93,False,process_results__process_oriented,Generic stopword/duplicated-token bigram — weight reduced to 0.25
tight_loose__tight_control,hofstede,tight_loose,tight_control,authority,0.6322,0.5,,0.5,3,0.2,108,False,open_closed__closed_system; tight_loose__loose_control; pragmatic_normative__normative,
tight_loose__tight_control,hofstede,tight_loose,tight_control,control,0.6313,1,,1.0,2,0.5,859,True,tight_loose__loose_control; pragmatic_normative__normative,
tight_loose__tight_control,hofstede,tight_loose,tight_control,policies,0.63,1,,1.0,1,0.6667,2243,True,process_results__process_oriented,
tight_loose__tight_control,hofstede,tight_loose,tight_control,organization and,0.626,0.5,0.25,0.25,3,0.1,224,False,process_results__process_oriented; tight_loose__loose_control; mit__collaboration,Generic stopword/duplicated-token bigram — weight reduced to 0.25
tight_loose__tight_control,hofstede,tight_loose,tight_control,structured and,0.6254,0.5,0.25,0.25,1,0.1667,141,False,process_results__process_oriented,Generic stopword/duplicated-token bigram — weight reduced to 0.25
tight_loose__tight_control,hofstede,tight_loose,tight_control,enforced,0.6226,0.5,,0.5,2,0.25,56,False,process_results__process_oriented; open_closed__closed_system,
tight_loose__tight_control,hofstede,tight_loose,tight_control,policy,0.6203,0.5,,0.5,1,0.3333,2376,False,process_results__process_oriented,
tight_loose__tight_control,hofstede,tight_loose,tight_control,compliance and,0.6184,0.5,0.25,0.25,2,0.125,87,False,process_results__process_oriented; pragmatic_normative__normative,Generic stopword/duplicated-token bigram — weight reduced to 0.25
tight_loose__tight_control,hofstede,tight_loose,tight_control,organizational,0.617,0.5,,0.5,6,0.125,498,False,process_results__process_oriented; job_employee__employee_oriented; professional_parochial__parochial; tight_loose__loose_control; mit__collaboration; mit__performance,
tight_loose__tight_control,hofstede,tight_loose,tight_control,oversight,0.6139,1,,1.0,1,0.6667,203,True,process_results__process_oriented,
tight_loose__tight_control,hofstede,tight_loose,tight_control,policies and,0.6136,0.5,0.25,0.25,1,0.1667,263,False,process_results__process_oriented,Generic stopword/duplicated-token bigram — weight reduced to 0.25
tight_loose__tight_control,hofstede,tight_loose,tight_control,compliance,0.6124,0.5,,0.5,3,0.2,1102,False,process_results__process_oriented; pragmatic_normative__normative; mit__integrity,
tight_loose__tight_control,hofstede,tight_loose,tight_control,bureaucracy and,0.612,0.5,0.25,0.25,4,0.0833,326,False,process_results__process_oriented; tight_loose__loose_control; pragmatic_normative__normative; mit__execution,Generic stopword/duplicated-token bigram — weight reduced to 0.25
tight_loose__tight_control,hofstede,tight_loose,tight_control,organized,0.6101,0.5,,0.5,1,0.3333,701,False,mit__collaboration,
tight_loose__tight_control,hofstede,tight_loose,tight_control,hierarchy and,0.6099,0.5,0.25,0.25,0,0.25,125,False,,Generic stopword/duplicated-token bigram — weight reduced to 0.25
tight_loose__tight_control,hofstede,tight_loose,tight_control,hierarchical and,0.6028,0.5,0.25,0.25,0,0.25,95,False,,Generic stopword/duplicated-token bigram — weight reduced to 0.25
tight_loose__tight_control,hofstede,tight_loose,tight_control,very structured,0.6024,0.5,0.25,0.25,1,0.1667,198,False,process_results__process_oriented,Generic stopword/duplicated-token bigram — weight reduced to 0.25
tight_loose__tight_control,hofstede,tight_loose,tight_control,decisions and,0.602,0.5,0.25,0.25,8,0.05,134,False,process_results__process_oriented; process_results__results_oriented; open_closed__closed_system; tight_loose__loose_control; pragmatic_normative__pragmatic; pragmatic_normative__normative; mit__execution; mit__integrity,Generic stopword/duplicated-token bigram — weight reduced to 0.25
tight_loose__tight_control,hofstede,tight_loose,tight_control,approval,0.602,0.5,,0.5,2,0.25,274,False,process_results__process_oriented; mit__execution,
tight_loose__tight_control,hofstede,tight_loose,tight_control,hierarchy,0.6011,1,,1.0,0,1.0,1399,True,,
tight_loose__tight_control,hofstede,tight_loose,tight_control,bureaucracy,0.6009,1,,1.0,3,0.4,2306,True,process_results__process_oriented; tight_loose__loose_control; mit__execution,
tight_loose__tight_control,hofstede,tight_loose,tight_control,approvals,0.6002,1,,1.0,2,0.5,184,True,process_results__process_oriented; mit__execution,
tight_loose__tight_control,hofstede,tight_loose,tight_control,policy and,0.5991,0.5,0.25,0.25,1,0.1667,192,False,process_results__process_oriented,Generic stopword/duplicated-token bigram — weight reduced to 0.25
tight_loose__tight_control,hofstede,tight_loose,tight_control,and structured,0.5991,0.5,0.25,0.25,1,0.1667,55,False,process_results__process_oriented,Generic stopword/duplicated-token bigram — weight reduced to 0.25
tight_loose__tight_control,hofstede,tight_loose,tight_control,managing,0.5984,0.5,,0.5,1,0.3333,1023,False,tight_loose__loose_control,
tight_loose__tight_control,hofstede,tight_loose,tight_control,guidance and,0.5975,0.5,0.25,0.25,1,0.1667,71,False,process_results__process_oriented,Generic stopword/duplicated-token bigram — weight reduced to 0.25
tight_loose__tight_control,hofstede,tight_loose,tight_control,standards and,0.5966,0.5,0.25,0.25,3,0.1,94,False,process_results__process_oriented; pragmatic_normative__normative; mit__performance,Generic stopword/duplicated-token bigram — weight reduced to 0.25
tight_loose__tight_control,hofstede,tight_loose,tight_control,strict and,0.5961,0.5,0.25,0.25,1,0.1667,56,False,open_closed__closed_system,Generic stopword/duplicated-token bigram — weight reduced to 0.25
tight_loose__tight_control,hofstede,tight_loose,tight_control,organisation,0.5954,0.5,,0.5,3,0.2,1772,False,professional_parochial__parochial; tight_loose__loose_control; mit__collaboration,
tight_loose__tight_control,hofstede,tight_loose,tight_control,organization,0.5944,0.5,,0.5,2,0.25,4767,False,tight_loose__loose_control; mit__collaboration,
tight_loose__tight_control,hofstede,tight_loose,tight_control,bureaucratic and,0.5921,0.5,0.25,0.25,2,0.125,278,False,process_results__process_oriented; tight_loose__loose_control,Generic stopword/duplicated-token bigram — weight reduced to 0.25
tight_loose__tight_control,hofstede,tight_loose,tight_control,structure,0.591,0.5,,0.5,0,0.5,4163,False,,
tight_loose__tight_control,hofstede,tight_loose,tight_control,well structured,0.5899,0.5,,0.5,1,0.3333,188,False,mit__performance,
tight_loose__tight_control,hofstede,tight_loose,tight_control,standards,0.5892,0.5,,0.5,2,0.25,1359,False,pragmatic_normative__normative; mit__performance,
tight_loose__tight_control,hofstede,tight_loose,tight_control,organisational,0.5887,0.5,,0.5,1,0.3333,104,False,tight_loose__loose_control,
tight_loose__tight_control,hofstede,tight_loose,tight_control,regulations,0.5884,0.5,,0.5,1,0.3333,269,False,process_results__process_oriented,
tight_loose__tight_control,hofstede,tight_loose,tight_control,the structure,0.5876,0.5,0.25,0.25,0,0.25,91,False,,Generic stopword/duplicated-token bigram — weight reduced to 0.25
tight_loose__tight_control,hofstede,tight_loose,tight_control,control over,0.5869,0.5,,0.5,0,0.5,86,False,,
tight_loose__tight_control,hofstede,tight_loose,tight_control,supervision,0.5863,0.5,,0.5,1,0.3333,83,False,process_results__process_oriented,
tight_loose__tight_control,hofstede,tight_loose,tight_control,guidance,0.5858,0.5,,0.5,1,0.3333,717,False,process_results__process_oriented,
tight_loose__tight_control,hofstede,tight_loose,tight_control,strict,0.5856,1,,1.0,2,0.5,977,True,open_closed__closed_system; mit__integrity,
tight_loose__tight_control,hofstede,tight_loose,tight_control,the policies,0.5855,0.5,0.25,0.25,1,0.1667,70,False,process_results__process_oriented,Generic stopword/duplicated-token bigram — weight reduced to 0.25
tight_loose__tight_control,hofstede,tight_loose,tight_control,much hierarchy,0.5854,0.5,,0.5,0,0.5,51,False,,
tight_loose__tight_control,hofstede,tight_loose,tight_control,manage and,0.5851,0.5,0.25,0.25,1,0.1667,65,False,tight_loose__loose_control,Generic stopword/duplicated-token bigram — weight reduced to 0.25
tight_loose__tight_control,hofstede,tight_loose,tight_control,organization with,0.5849,0.5,0.25,0.25,2,0.125,267,False,tight_loose__loose_control; mit__collaboration,Generic stopword/duplicated-token bigram — weight reduced to 0.25
tight_loose__tight_control,hofstede,tight_loose,tight_control,hierarchical,0.5839,1,,1.0,0,1.0,858,True,,
tight_loose__tight_control,hofstede,tight_loose,tight_control,implemented,0.5835,0.5,,0.5,2,0.25,229,False,process_results__process_oriented; pragmatic_normative__normative,
tight_loose__tight_control,hofstede,tight_loose,tight_control,bureaucratic,0.582,0.5,,0.5,3,0.2,2006,False,process_results__process_oriented; professional_parochial__professional; tight_loose__loose_control,
tight_loose__tight_control,hofstede,tight_loose,tight_control,rules and,0.5818,0.5,0.25,0.25,2,0.125,101,False,process_results__process_oriented; open_closed__closed_system,Generic stopword/duplicated-token bigram — weight reduced to 0.25
tight_loose__tight_control,hofstede,tight_loose,tight_control,governance,0.5803,0.5,,0.5,2,0.25,156,False,tight_loose__loose_control; pragmatic_normative__normative,
tight_loose__tight_control,hofstede,tight_loose,tight_control,controlling,0.5802,0.5,,0.5,1,0.3333,68,False,tight_loose__loose_control,
tight_loose__tight_control,hofstede,tight_loose,tight_control,manage the,0.5799,0.5,0.25,0.25,1,0.1667,74,False,tight_loose__loose_control,Generic stopword/duplicated-token bigram — weight reduced to 0.25
tight_loose__tight_control,hofstede,tight_loose,tight_control,regulation,0.5797,0.5,,0.5,0,0.5,124,False,,
tight_loose__tight_control,hofstede,tight_loose,tight_control,management that,0.5796,0.5,0.25,0.25,1,0.1667,268,False,tight_loose__loose_control,Generic stopword/duplicated-token bigram — weight reduced to 0.25
tight_loose__tight_control,hofstede,tight_loose,tight_control,design,0.5777,0.5,,0.5,8,0.1,306,False,process_results__process_oriented; open_closed__open_system; open_closed__closed_system; tight_loose__loose_control; pragmatic_normative__pragmatic; pragmatic_normative__normative; mit__diversity; mit__innovation,
tight_loose__tight_control,hofstede,tight_loose,tight_control,regulated,0.5776,0.5,,0.5,0,0.5,204,False,,
tight_loose__tight_control,hofstede,tight_loose,tight_control,practices,0.5772,0.5,,0.5,2,0.25,793,False,process_results__process_oriented; pragmatic_normative__normative,
tight_loose__tight_control,hofstede,tight_loose,tight_control,behaviours,0.5772,0.5,,0.5,2,0.25,50,False,process_results__process_oriented; pragmatic_normative__normative,
tight_loose__tight_control,hofstede,tight_loose,tight_control,decisions,0.5771,0.5,,0.5,7,0.1111,1797,False,process_results__process_oriented; process_results__results_oriented; open_closed__closed_system; tight_loose__loose_control; pragmatic_normative__pragmatic; pragmatic_normative__normative; mit__integrity,
tight_loose__tight_control,hofstede,tight_loose,tight_control,centralized,0.577,0.5,,0.5,1,0.3333,91,False,mit__collaboration,
tight_loose__tight_control,hofstede,tight_loose,tight_control,management structure,0.5766,0.5,,0.5,0,0.5,204,False,,
tight_loose__tight_control,hofstede,tight_loose,tight_control,organised,0.5762,0.5,,0.5,1,0.3333,224,False,tight_loose__loose_control,
tight_loose__tight_control,hofstede,tight_loose,tight_control,organisation and,0.5754,0.5,0.25,0.25,1,0.1667,72,False,tight_loose__loose_control,Generic stopword/duplicated-token bigram — weight reduced to 0.25
tight_loose__tight_control,hofstede,tight_loose,tight_control,very hierarchical,0.5754,0.5,0.25,0.25,0,0.25,210,False,,Generic stopword/duplicated-token bigram — weight reduced to 0.25
tight_loose__tight_control,hofstede,tight_loose,tight_control,the operations,0.5737,0.5,0.25,0.25,3,0.1,132,False,process_results__process_oriented; process_results__results_oriented; mit__execution,Generic stopword/duplicated-token bigram — weight reduced to 0.25
tight_loose__tight_control,hofstede,tight_loose,tight_control,management some,0.5727,0.5,,0.5,0,0.5,119,False,,
tight_loose__tight_control,hofstede,tight_loose,tight_control,very organized,0.5724,0.5,0.25,0.25,0,0.25,98,False,,Generic stopword/duplicated-token bigram — weight reduced to 0.25
tight_loose__tight_control,hofstede,tight_loose,tight_control,the rules,0.5723,0.5,0.25,0.25,3,0.1,63,False,process_results__process_oriented; open_closed__closed_system; mit__integrity,Generic stopword/duplicated-token bigram — weight reduced to 0.25
tight_loose__tight_control,hofstede,tight_loose,tight_control,organization you,0.5719,0.5,0.25,0.25,2,0.125,74,False,tight_loose__loose_control; mit__collaboration,Generic stopword/duplicated-token bigram — weight reduced to 0.25
tight_loose__tight_control,hofstede,tight_loose,tight_control,practices and,0.5712,0.5,0.25,0.25,2,0.125,69,False,process_results__process_oriented; pragmatic_normative__normative,Generic stopword/duplicated-token bigram — weight reduced to 0.25
tight_loose__tight_control,hofstede,tight_loose,tight_control,managerial,0.5709,0.5,,0.5,1,0.3333,257,False,tight_loose__loose_control,
tight_loose__tight_control,hofstede,tight_loose,tight_control,management this,0.5704,0.5,0.25,0.25,0,0.25,83,False,,Generic stopword/duplicated-token bigram — weight reduced to 0.25
tight_loose__tight_control,hofstede,tight_loose,tight_control,very formal,0.5698,0.5,0.25,0.25,0,0.25,53,False,,Generic stopword/duplicated-token bigram — weight reduced to 0.25
tight_loose__tight_control,hofstede,tight_loose,tight_control,how manage,0.5692,0.5,0.25,0.25,1,0.1667,107,False,tight_loose__loose_control,Generic stopword/duplicated-token bigram — weight reduced to 0.25
tight_loose__tight_control,hofstede,tight_loose,tight_control,manage,0.5682,0.5,,0.5,1,0.3333,1358,False,tight_loose__loose_control,
tight_loose__tight_control,hofstede,tight_loose,tight_control,management for,0.567,0.5,0.25,0.25,0,0.25,151,False,,Generic stopword/duplicated-token bigram — weight reduced to 0.25
tight_loose__tight_control,hofstede,tight_loose,tight_control,coordination,0.5667,0.5,,0.5,3,0.2,113,False,process_results__process_oriented; tight_loose__loose_control; mit__collaboration,
tight_loose__tight_control,hofstede,tight_loose,tight_control,organization very,0.5665,0.5,0.25,0.25,0,0.25,77,False,,Generic stopword/duplicated-token bigram — weight reduced to 0.25
tight_loose__tight_control,hofstede,tight_loose,tight_control,discipline,0.5663,0.5,,0.5,0,0.5,104,False,,
tight_loose__tight_control,hofstede,tight_loose,tight_control,structure that,0.5657,0.5,0.25,0.25,0,0.25,51,False,,Generic stopword/duplicated-token bigram — weight reduced to 0.25
tight_loose__tight_control,hofstede,tight_loose,tight_control,administrative,0.5657,0.5,,0.5,0,0.5,521,False,,
tight_loose__tight_control,hofstede,tight_loose,tight_control,manages,0.5655,0.5,,0.5,1,0.3333,77,False,tight_loose__loose_control,
tight_loose__tight_control,hofstede,tight_loose,tight_control,supervisors and,0.5645,0.5,0.25,0.25,0,0.25,61,False,,Generic stopword/duplicated-token bigram — weight reduced to 0.25
tight_loose__tight_control,hofstede,tight_loose,tight_control,management all,0.5643,0.5,,0.5,0,0.5,121,False,,
tight_loose__tight_control,hofstede,tight_loose,tight_control,mandate,0.5641,0.5,,0.5,0,0.5,66,False,,
tight_loose__tight_control,hofstede,tight_loose,tight_control,advisory,0.564,0.5,,0.5,1,0.3333,165,False,process_results__process_oriented,
tight_loose__tight_control,hofstede,tight_loose,tight_control,rules,0.5634,1,,1.0,2,0.5,614,True,process_results__process_oriented; open_closed__closed_system,
tight_loose__tight_control,hofstede,tight_loose,tight_control,principles,0.5634,0.5,,0.5,2,0.25,135,False,process_results__process_oriented; pragmatic_normative__normative,
tight_loose__tight_control,hofstede,tight_loose,tight_control,leadership with,0.5632,0.5,0.25,0.25,4,0.0833,50,False,tight_loose__loose_control; mit__collaboration; mit__execution; mit__performance,Generic stopword/duplicated-token bigram — weight reduced to 0.25
tight_loose__tight_control,hofstede,tight_loose,tight_control,organisation with,0.5628,0.5,0.25,0.25,1,0.1667,108,False,mit__collaboration,Generic stopword/duplicated-token bigram — weight reduced to 0.25
tight_loose__tight_control,hofstede,tight_loose,tight_control,good structure,0.5627,0.5,,0.5,0,0.5,83,False,,
tight_loose__tight_control,hofstede,tight_loose,tight_control,laws,0.5626,0.5,,0.5,1,0.3333,53,False,pragmatic_normative__normative,
tight_loose__tight_control,hofstede,tight_loose,tight_control,guidelines,0.5621,0.5,,0.5,1,0.3333,145,False,process_results__process_oriented,
tight_loose__tight_control,hofstede,tight_loose,tight_control,premises,0.562,0.5,,0.5,0,0.5,68,False,,
tight_loose__tight_control,hofstede,tight_loose,tight_control,management very,0.5619,0.5,0.25,0.25,0,0.25,681,False,,Generic stopword/duplicated-token bigram — weight reduced to 0.25
tight_loose__tight_control,hofstede,tight_loose,tight_control,behaviour,0.5619,0.5,,0.5,4,0.1667,171,False,process_results__process_oriented; tight_loose__loose_control; pragmatic_normative__normative; mit__integrity,
tight_loose__tight_control,hofstede,tight_loose,tight_control,with management,0.5616,0.5,0.25,0.25,4,0.0833,412,False,process_results__process_oriented; process_results__results_oriented; tight_loose__loose_control; mit__execution,Generic stopword/duplicated-token bigram — weight reduced to 0.25
tight_loose__tight_control,hofstede,tight_loose,tight_control,operate,0.5612,0.5,,0.5,5,0.1429,188,False,process_results__process_oriented; process_results__results_oriented; job_employee__job_oriented; tight_loose__loose_control; mit__execution,
tight_loose__tight_control,hofstede,tight_loose,tight_control,management the,0.5612,0.5,0.25,0.25,0,0.25,513,False,,Generic stopword/duplicated-token bigram — weight reduced to 0.25
tight_loose__tight_control,hofstede,tight_loose,tight_control,structure and,0.561,0.5,0.25,0.25,0,0.25,365,False,,Generic stopword/duplicated-token bigram — weight reduced to 0.25
tight_loose__tight_control,hofstede,tight_loose,tight_control,management you,0.5602,0.5,0.25,0.25,0,0.25,219,False,,Generic stopword/duplicated-token bigram — weight reduced to 0.25
tight_loose__tight_control,hofstede,tight_loose,tight_control,managing people,0.56,0.5,,0.5,2,0.25,51,False,job_employee__employee_oriented; tight_loose__loose_control,
tight_loose__tight_control,hofstede,tight_loose,tight_control,hierarchal,0.5597,0.5,,0.5,0,0.5,54,False,,
tight_loose__tight_control,hofstede,tight_loose,tight_control,strong management,0.5587,0.5,,0.5,2,0.25,79,False,tight_loose__loose_control; mit__performance,
tight_loose__tight_control,hofstede,tight_loose,tight_control,the leadership,0.5587,0.5,0.25,0.25,2,0.125,267,False,tight_loose__loose_control; mit__performance,Generic stopword/duplicated-token bigram — weight reduced to 0.25
tight_loose__tight_control,hofstede,tight_loose,tight_control,executives,0.5583,0.5,,0.5,3,0.2,419,False,professional_parochial__professional; tight_loose__loose_control; mit__performance,
tight_loose__tight_control,hofstede,tight_loose,tight_control,ensuring,0.5582,0.5,,0.5,4,0.1667,97,False,process_results__process_oriented; pragmatic_normative__normative; mit__execution; mit__respect,
tight_loose__tight_control,hofstede,tight_loose,tight_control,responsibility and,0.5558,0.5,0.25,0.25,7,0.0556,175,False,process_results__process_oriented; process_results__results_oriented; tight_loose__loose_control; pragmatic_normative__normative; mit__execution; mit__integrity; mit__respect,Generic stopword/duplicated-token bigram — weight reduced to 0.25
tight_loose__tight_control,hofstede,tight_loose,tight_control,organizations,0.5556,0.5,,0.5,3,0.2,368,False,professional_parochial__parochial; tight_loose__loose_control; mit__collaboration,
tight_loose__tight_control,hofstede,tight_loose,tight_control,the policy,0.5554,0.5,0.25,0.25,0,0.25,66,False,,Generic stopword/duplicated-token bigram — weight reduced to 0.25
tight_loose__tight_control,hofstede,tight_loose,tight_control,systems and,0.5548,0.5,0.25,0.25,1,0.1667,461,False,process_results__process_oriented,Generic stopword/duplicated-token bigram — weight reduced to 0.25
tight_loose__tight_control,hofstede,tight_loose,tight_control,operational,0.5547,0.5,,0.5,3,0.2,413,False,process_results__process_oriented; process_results__results_oriented; mit__execution,
tight_loose__tight_control,hofstede,tight_loose,tight_control,duties,0.554,0.5,,0.5,1,0.3333,273,False,mit__execution,
tight_loose__tight_control,hofstede,tight_loose,tight_control,behavior,0.5532,0.5,,0.5,2,0.25,374,False,pragmatic_normative__normative; mit__integrity,
tight_loose__tight_control,hofstede,tight_loose,tight_control,the bureaucracy,0.5531,0.5,0.25,0.25,2,0.125,88,False,process_results__process_oriented; tight_loose__loose_control,Generic stopword/duplicated-token bigram — weight reduced to 0.25
tight_loose__tight_control,hofstede,tight_loose,tight_control,responsibilities and,0.553,0.5,0.25,0.25,7,0.0556,105,False,process_results__process_oriented; process_results__results_oriented; tight_loose__loose_control; pragmatic_normative__normative; mit__execution; mit__performance; mit__respect,Generic stopword/duplicated-token bigram — weight reduced to 0.25
tight_loose__tight_control,hofstede,tight_loose,tight_control,mandated,0.5515,0.5,,0.5,0,0.5,57,False,,
tight_loose__tight_control,hofstede,tight_loose,tight_control,implement,0.5513,0.5,,0.5,1,0.3333,357,False,process_results__process_oriented,
tight_loose__tight_control,hofstede,tight_loose,tight_control,the decisions,0.5512,0.5,0.25,0.25,5,0.0714,59,False,process_results__process_oriented; process_results__results_oriented; tight_loose__loose_control; pragmatic_normative__normative; mit__integrity,Generic stopword/duplicated-token bigram — weight reduced to 0.25
tight_loose__tight_control,hofstede,tight_loose,tight_control,hierarchies,0.5512,0.5,,0.5,0,0.5,59,False,,
tight_loose__tight_control,hofstede,tight_loose,tight_control,action,0.5506,0.5,,0.5,3,0.2,366,False,process_results__process_oriented; process_results__results_oriented; mit__execution,
tight_loose__tight_control,hofstede,tight_loose,tight_control,rigorous,0.55,0.5,,0.5,1,0.3333,114,False,pragmatic_normative__pragmatic,
tight_loose__tight_control,hofstede,tight_loose,tight_control,systems,0.549,0.25,,0.25,1,0.1667,3208,False,process_results__process_oriented,
tight_loose__tight_control,hofstede,tight_loose,tight_control,and hierarchical,0.5489,0.25,,0.25,0,0.25,76,False,,
tight_loose__tight_control,hofstede,tight_loose,tight_control,operations,0.5486,0.25,,0.25,2,0.125,2883,False,process_results__process_oriented; mit__execution,
tight_loose__tight_control,hofstede,tight_loose,tight_control,behaviors,0.5483,0.25,,0.25,1,0.1667,52,False,pragmatic_normative__normative,
tight_loose__tight_control,hofstede,tight_loose,tight_control,workplace and,0.548,0.25,,0.25,3,0.1,98,False,job_employee__job_oriented; job_employee__employee_oriented; mit__collaboration,
tight_loose__tight_control,hofstede,tight_loose,tight_control,organizational structure,0.5479,0.25,,0.25,0,0.25,134,False,,
tight_loose__tight_control,hofstede,tight_loose,tight_control,organization for,0.5477,0.25,,0.25,0,0.25,67,False,,
tight_loose__tight_control,hofstede,tight_loose,tight_control,manage people,0.5476,0.25,,0.25,2,0.125,70,False,job_employee__employee_oriented; tight_loose__loose_control,
tight_loose__tight_control,hofstede,tight_loose,tight_control,operations and,0.5471,0.25,,0.25,2,0.125,103,False,process_results__process_oriented; mit__execution,
tight_loose__tight_control,hofstede,tight_loose,tight_control,management generally,0.5467,0.25,,0.25,0,0.25,54,False,,
tight_loose__tight_control,hofstede,tight_loose,tight_control,planning and,0.5461,0.25,,0.25,3,0.1,120,False,process_results__process_oriented; process_results__results_oriented; mit__execution,
tight_loose__tight_control,hofstede,tight_loose,tight_control,upper management,0.5461,0.25,,0.25,1,0.1667,1796,False,mit__performance,
tight_loose__tight_control,hofstede,tight_loose,tight_control,institutional,0.5459,0.25,,0.25,1,0.1667,295,False,tight_loose__loose_control,
tight_loose__tight_control,hofstede,tight_loose,tight_control,unorganized,0.5458,0.25,,0.25,0,0.25,281,False,,
tight_loose__tight_control,hofstede,tight_loose,tight_control,technology,0.5452,0.25,,0.25,5,0.0714,8325,False,process_results__process_oriented; tight_loose__loose_control; pragmatic_normative__pragmatic; pragmatic_normative__normative; mit__innovation,
tight_loose__tight_control,hofstede,tight_loose,tight_control,accountability,0.5449,0.25,,0.25,6,0.0625,504,False,process_results__results_oriented; pragmatic_normative__normative; mit__execution; mit__integrity; mit__performance; mit__respect,
tight_loose__tight_control,hofstede,tight_loose,tight_control,well organized,0.5447,0.25,,0.25,0,0.25,202,False,,
tight_loose__tight_control,hofstede,tight_loose,tight_control,processing,0.5444,0.25,,0.25,4,0.0833,379,False,process_results__process_oriented; process_results__results_oriented; job_employee__job_oriented; mit__execution,
tight_loose__tight_control,hofstede,tight_loose,tight_control,rule,0.5444,0.25,,0.25,0,0.25,178,False,,
tight_loose__tight_control,hofstede,tight_loose,tight_control,style,0.5442,0.25,,0.25,1,0.1667,806,False,open_closed__closed_system,
tight_loose__tight_control,hofstede,tight_loose,tight_control,follows,0.5439,0.25,,0.25,2,0.125,97,False,process_results__process_oriented; mit__execution,
tight_loose__tight_control,hofstede,tight_loose,tight_control,leadership that,0.5437,0.25,,0.25,2,0.125,73,False,tight_loose__loose_control; mit__performance,
tight_loose__tight_control,hofstede,tight_loose,tight_control,level management,0.5434,0.25,,0.25,0,0.25,467,False,,
tight_loose__tight_control,hofstede,tight_loose,tight_control,institutions,0.5425,0.25,,0.25,0,0.25,263,False,,
tight_loose__tight_control,hofstede,tight_loose,tight_control,executive,0.5423,0.25,,0.25,0,0.25,1030,False,,
tight_loose__tight_control,hofstede,tight_loose,tight_control,communicated,0.5418,0.25,,0.25,4,0.0833,129,False,process_results__process_oriented; mit__collaboration; mit__execution; mit__integrity,
tight_loose__tight_control,hofstede,tight_loose,tight_control,management work,0.5418,0.25,,0.25,2,0.125,342,False,job_employee__job_oriented; job_employee__employee_oriented,
tight_loose__tight_control,hofstede,tight_loose,tight_control,the organisation,0.5415,0.25,,0.25,2,0.125,368,False,professional_parochial__parochial; tight_loose__loose_control,
tight_loose__tight_control,hofstede,tight_loose,tight_control,good management,0.5412,0.25,,0.25,1,0.1667,1297,False,mit__performance,
tight_loose__tight_control,hofstede,tight_loose,tight_control,tasks and,0.5412,0.25,,0.25,4,0.0833,158,False,process_results__process_oriented; process_results__results_oriented; job_employee__job_oriented; mit__execution,
tight_loose__tight_control,hofstede,tight_loose,tight_control,managers and,0.5406,0.25,,0.25,0,0.25,909,False,,
tight_loose__tight_control,hofstede,tight_loose,tight_control,mandates,0.5406,0.25,,0.25,0,0.25,60,False,,
tight_loose__tight_control,hofstede,tight_loose,tight_control,consistent,0.5405,0.25,,0.25,0,0.25,610,False,,
tight_loose__tight_control,hofstede,tight_loose,tight_control,the following,0.5403,0.25,,0.25,1,0.1667,72,False,process_results__process_oriented,
tight_loose__tight_control,hofstede,tight_loose,tight_control,friendly policies,0.5402,0.25,,0.25,0,0.25,152,False,,
tight_loose__tight_control,hofstede,tight_loose,tight_control,handled,0.5399,0.25,,0.25,2,0.125,161,False,mit__execution; mit__respect,
tight_loose__tight_control,hofstede,tight_loose,tight_control,management just,0.5397,0.25,,0.25,0,0.25,71,False,,
tight_loose__tight_control,hofstede,tight_loose,tight_control,for management,0.5386,0.25,,0.25,2,0.125,157,False,process_results__results_oriented; mit__execution,
tight_loose__tight_control,hofstede,tight_loose,tight_control,tasks,0.5385,0.25,,0.25,4,0.0833,1982,False,process_results__process_oriented; process_results__results_oriented; job_employee__job_oriented; mit__execution,
tight_loose__tight_control,hofstede,tight_loose,tight_control,management which,0.5384,0.25,,0.25,0,0.25,92,False,,
tight_loose__tight_control,hofstede,tight_loose,tight_control,hierarchy good,0.5383,0.25,,0.25,0,0.25,71,False,,
tight_loose__tight_control,hofstede,tight_loose,tight_control,high standards,0.538,0.25,,0.25,1,0.1667,123,False,mit__performance,
tight_loose__tight_control,hofstede,tight_loose,tight_control,structure the,0.538,0.25,,0.25,0,0.25,122,False,,
tight_loose__tight_control,hofstede,tight_loose,tight_control,advanced,0.5379,0.25,,0.25,5,0.0714,372,False,process_results__process_oriented; pragmatic_normative__pragmatic; mit__agility; mit__innovation; mit__performance,
tight_loose__tight_control,hofstede,tight_loose,tight_control,management style,0.5376,0.25,,0.25,0,0.25,267,False,,
tight_loose__tight_control,hofstede,tight_loose,tight_control,highly bureaucratic,0.5373,0.25,,0.25,0,0.25,65,False,,
tight_loose__tight_control,hofstede,tight_loose,tight_control,policy for,0.5373,0.25,,0.25,0,0.25,53,False,,
tight_loose__tight_control,hofstede,tight_loose,tight_control,standards for,0.5368,0.25,,0.25,2,0.125,64,False,pragmatic_normative__normative; mit__performance,
tight_loose__tight_control,hofstede,tight_loose,tight_control,logic,0.5357,0.25,,0.25,2,0.125,58,False,pragmatic_normative__normative; mit__integrity,
tight_loose__tight_control,hofstede,tight_loose,tight_control,the systems,0.5355,0.25,,0.25,1,0.1667,177,False,process_results__process_oriented,
tight_loose__tight_control,hofstede,tight_loose,tight_control,the tasks,0.5352,0.25,,0.25,4,0.0833,93,False,process_results__process_oriented; process_results__results_oriented; job_employee__job_oriented; mit__execution,
tight_loose__tight_control,hofstede,tight_loose,tight_control,hierarchical structure,0.5349,0.25,,0.25,0,0.25,108,False,,
tight_loose__tight_control,hofstede,tight_loose,tight_control,management level,0.5348,0.25,,0.25,0,0.25,188,False,,
tight_loose__tight_control,hofstede,tight_loose,tight_control,your managers,0.5346,0.25,,0.25,1,0.1667,105,False,tight_loose__loose_control,
tight_loose__tight_control,hofstede,tight_loose,tight_control,manageable,0.5342,0.25,,0.25,2,0.125,313,False,tight_loose__loose_control; pragmatic_normative__pragmatic,
tight_loose__tight_control,hofstede,tight_loose,tight_control,management excellent,0.5342,0.25,,0.25,1,0.1667,54,False,mit__performance,
tight_loose__tight_control,hofstede,tight_loose,tight_control,involves,0.5339,0.25,,0.25,1,0.1667,98,False,process_results__process_oriented,
tight_loose__tight_control,hofstede,tight_loose,tight_control,boundaries,0.5337,0.25,,0.25,1,0.1667,116,False,mit__diversity,
tight_loose__tight_control,hofstede,tight_loose,tight_control,knowledge and,0.5336,0.25,,0.25,4,0.0833,395,False,process_results__process_oriented; open_closed__open_system; pragmatic_normative__normative; mit__innovation,
mit__agility,mit,agility,,fast,0.7716,1,,1.0,0,1.0,3790,True,,
mit__agility,mit,agility,,quickly,0.7659,0.75,,0.75,0,0.75,1454,False,,
mit__agility,mit,agility,,rapid,0.7522,1,,1.0,0,1.0,181,True,,
mit__agility,mit,agility,,rapidly,0.7311,0.75,,0.75,0,0.75,191,False,,
mit__agility,mit,agility,,quickly and,0.7282,0.75,0.25,0.25,0,0.25,116,False,,Generic stopword/duplicated-token bigram — weight reduced to 0.25
mit__agility,mit,agility,,speed,0.7214,1,,1.0,0,1.0,244,True,,
mit__agility,mit,agility,,fast and,0.7056,0.75,0.25,0.25,0,0.25,101,False,,Generic stopword/duplicated-token bigram — weight reduced to 0.25
mit__agility,mit,agility,,faster,0.7,0.75,,0.75,0,0.75,205,False,,
mit__agility,mit,agility,,quick,0.6949,1,,1.0,0,1.0,708,True,,
mit__agility,mit,agility,,quickly you,0.692,0.5,0.25,0.25,0,0.25,58,False,,Generic stopword/duplicated-token bigram — weight reduced to 0.25
mit__agility,mit,agility,,quickly the,0.6863,0.5,0.25,0.25,0,0.25,50,False,,Generic stopword/duplicated-token bigram — weight reduced to 0.25
mit__agility,mit,agility,,fast moving,0.6855,1,,1.0,0,1.0,73,True,,
mit__agility,mit,agility,,quicker,0.6752,0.5,,0.5,0,0.5,66,False,,
mit__agility,mit,agility,,fast you,0.6737,0.5,0.25,0.25,0,0.25,59,False,,Generic stopword/duplicated-token bigram — weight reduced to 0.25
mit__agility,mit,agility,,the fast,0.6727,0.5,0.25,0.25,0,0.25,64,False,,Generic stopword/duplicated-token bigram — weight reduced to 0.25
mit__agility,mit,agility,,quickly great,0.6646,0.5,,0.5,0,0.5,62,False,,
mit__agility,mit,agility,,fast track,0.6358,0.5,,0.5,2,0.25,61,False,process_results__results_oriented; mit__performance,
mit__agility,mit,agility,,very quickly,0.629,0.5,0.25,0.25,0,0.25,191,False,,Generic stopword/duplicated-token bigram — weight reduced to 0.25
mit__agility,mit,agility,,very fast,0.6189,0.5,0.25,0.25,0,0.25,284,False,,Generic stopword/duplicated-token bigram — weight reduced to 0.25
mit__agility,mit,agility,,efficient,0.6127,0.5,,0.5,4,0.1667,611,False,process_results__results_oriented; tight_loose__loose_control; pragmatic_normative__pragmatic; mit__performance,
mit__agility,mit,agility,,move quickly,0.6119,0.5,,0.5,0,0.5,89,False,,
mit__agility,mit,agility,,flex,0.6058,0.5,,0.5,0,0.5,420,False,,
mit__agility,mit,agility,,adapt,0.6043,0.5,,0.5,0,0.5,374,False,,
mit__agility,mit,agility,,fast paced,0.6039,0.5,,0.5,0,0.5,1899,False,,
mit__agility,mit,agility,,ability move,0.5988,0.5,,0.5,0,0.5,215,False,,
mit__agility,mit,agility,,able move,0.5962,0.5,,0.5,0,0.5,77,False,,
mit__agility,mit,agility,,ability,0.5949,0.5,,0.5,0,0.5,2271,False,,
mit__agility,mit,agility,,flex time,0.5926,0.5,,0.5,0,0.5,105,False,,
mit__agility,mit,agility,,move fast,0.592,0.5,,0.5,0,0.5,55,False,,
mit__agility,mit,agility,,efficiently,0.5911,0.5,,0.5,3,0.2,155,False,tight_loose__loose_control; pragmatic_normative__pragmatic; mit__performance,
mit__agility,mit,agility,,flexible,0.5838,1,,1.0,2,0.5,9167,True,tight_loose__loose_control; pragmatic_normative__pragmatic,
mit__agility,mit,agility,,urgency,0.5806,0.5,,0.5,1,0.3333,70,False,mit__execution,
mit__agility,mit,agility,,fast pace,0.5804,0.5,,0.5,0,0.5,398,False,,
mit__agility,mit,agility,,too fast,0.5796,0.5,0.25,0.25,0,0.25,70,False,,Generic stopword/duplicated-token bigram — weight reduced to 0.25
mit__agility,mit,agility,,immediate,0.5761,0.5,,0.5,0,0.5,317,False,,
mit__agility,mit,agility,,timely,0.575,0.5,,0.5,0,0.5,194,False,,
mit__agility,mit,agility,,flexible and,0.5714,0.5,0.25,0.25,2,0.125,411,False,tight_loose__loose_control; pragmatic_normative__pragmatic,Generic stopword/duplicated-token bigram — weight reduced to 0.25
mit__agility,mit,agility,,flexibility the,0.5706,0.5,0.25,0.25,2,0.125,90,False,tight_loose__loose_control; pragmatic_normative__pragmatic,Generic stopword/duplicated-token bigram — weight reduced to 0.25
mit__agility,mit,agility,,easy move,0.5704,0.5,,0.5,0,0.5,198,False,,
mit__agility,mit,agility,,immediately,0.5665,0.5,,0.5,0,0.5,236,False,,
mit__agility,mit,agility,,and fast,0.5647,0.5,0.25,0.25,0,0.25,285,False,,Generic stopword/duplicated-token bigram — weight reduced to 0.25
mit__agility,mit,agility,,fast growing,0.5644,0.5,,0.5,0,0.5,65,False,,
mit__agility,mit,agility,,moves,0.5636,0.5,,0.5,0,0.5,420,False,,
mit__agility,mit,agility,,abilities,0.5604,0.5,,0.5,0,0.5,119,False,,
mit__agility,mit,agility,,timings,0.5603,0.5,,0.5,0,0.5,832,False,,
mit__agility,mit,agility,,too slow,0.5597,0.5,0.25,0.25,0,0.25,180,False,,Generic stopword/duplicated-token bigram — weight reduced to 0.25
mit__agility,mit,agility,,flexibility and,0.5586,0.5,0.25,0.25,2,0.125,440,False,tight_loose__loose_control; pragmatic_normative__pragmatic,Generic stopword/duplicated-token bigram — weight reduced to 0.25
mit__agility,mit,agility,,ability for,0.5579,0.5,0.25,0.25,0,0.25,53,False,,Generic stopword/duplicated-token bigram — weight reduced to 0.25
mit__agility,mit,agility,,straightforward,0.5563,0.5,,0.5,4,0.1667,85,False,process_results__process_oriented; open_closed__closed_system; tight_loose__loose_control; pragmatic_normative__pragmatic,
mit__agility,mit,agility,,streamlined,0.5563,0.5,,0.5,1,0.3333,107,False,pragmatic_normative__pragmatic,
mit__agility,mit,agility,,some flexibility,0.556,0.5,,0.5,2,0.25,57,False,tight_loose__loose_control; pragmatic_normative__pragmatic,
mit__agility,mit,agility,,flexible with,0.5559,0.5,0.25,0.25,2,0.125,340,False,tight_loose__loose_control; pragmatic_normative__pragmatic,Generic stopword/duplicated-token bigram — weight reduced to 0.25
mit__agility,mit,agility,,slow work,0.5557,0.5,,0.5,0,0.5,88,False,,
mit__agility,mit,agility,,slow due,0.5557,0.5,,0.5,0,0.5,55,False,,
mit__agility,mit,agility,,suddenly,0.5552,0.5,,0.5,0,0.5,80,False,,
mit__agility,mit,agility,,can move,0.5552,0.5,0.25,0.25,0,0.25,300,False,,Generic stopword/duplicated-token bigram — weight reduced to 0.25
mit__agility,mit,agility,,capability,0.5544,0.5,,0.5,3,0.2,96,False,process_results__results_oriented; tight_loose__loose_control; mit__performance,
mit__agility,mit,agility,,lengthy,0.554,0.5,,0.5,0,0.5,159,False,,
mit__agility,mit,agility,,and slow,0.5538,0.5,0.25,0.25,0,0.25,416,False,,Generic stopword/duplicated-token bigram — weight reduced to 0.25
mit__agility,mit,agility,,short,0.5536,0.5,,0.5,0,0.5,1745,False,,
mit__agility,mit,agility,,your ability,0.5531,0.5,0.25,0.25,0,0.25,84,False,,Generic stopword/duplicated-token bigram — weight reduced to 0.25
mit__agility,mit,agility,,determined,0.5517,0.5,,0.5,5,0.1429,141,False,process_results__results_oriented; open_closed__closed_system; tight_loose__loose_control; pragmatic_normative__pragmatic; pragmatic_normative__normative,
mit__agility,mit,agility,,stronger,0.5516,0.5,,0.5,0,0.5,93,False,,
mit__agility,mit,agility,,readily,0.5512,0.5,,0.5,0,0.5,60,False,,
mit__agility,mit,agility,,convenient,0.5508,0.5,,0.5,0,0.5,255,False,,
mit__agility,mit,agility,,your performance,0.5508,0.5,0.25,0.25,3,0.1,251,False,process_results__results_oriented; mit__execution; mit__performance,Generic stopword/duplicated-token bigram — weight reduced to 0.25
mit__agility,mit,agility,,the performance,0.5502,0.5,0.25,0.25,4,0.0833,99,False,process_results__results_oriented; pragmatic_normative__pragmatic; mit__execution; mit__performance,Generic stopword/duplicated-token bigram — weight reduced to 0.25
mit__agility,mit,agility,,delay,0.55,0.5,,0.5,0,0.5,103,False,,
mit__agility,mit,agility,,slow paced,0.5492,0.25,,0.25,0,0.25,269,False,,
mit__agility,mit,agility,,accelerated,0.5489,0.25,,0.25,0,0.25,52,False,,
mit__agility,mit,agility,,nimble,0.5485,1,,1.0,0,1.0,94,True,,
mit__agility,mit,agility,,really slow,0.5483,0.25,,0.25,0,0.25,58,False,,
mit__agility,mit,agility,,changing,0.5475,0.25,,0.25,2,0.125,1496,False,open_closed__open_system; open_closed__closed_system,
mit__agility,mit,agility,,flexibility,0.5466,0.25,,0.25,2,0.125,5225,False,tight_loose__loose_control; pragmatic_normative__pragmatic,
mit__agility,mit,agility,,adapting,0.5459,0.25,,0.25,3,0.1,125,False,open_closed__open_system; mit__diversity; mit__innovation,
mit__agility,mit,agility,,more flexible,0.5454,0.25,,0.25,1,0.1667,118,False,pragmatic_normative__pragmatic,
mit__agility,mit,agility,,performance and,0.5453,0.25,,0.25,4,0.0833,233,False,process_results__results_oriented; pragmatic_normative__pragmatic; mit__execution; mit__performance,
mit__agility,mit,agility,,heavy,0.5449,0.25,,0.25,0,0.25,1689,False,,
mit__agility,mit,agility,,skill,0.5447,0.25,,0.25,2,0.125,869,False,professional_parochial__professional; mit__performance,
mit__agility,mit,agility,,intensive,0.5445,0.25,,0.25,0,0.25,182,False,,
mit__agility,mit,agility,,progress,0.5442,0.25,,0.25,4,0.0833,1600,False,process_results__process_oriented; process_results__results_oriented; mit__execution; mit__innovation,
mit__agility,mit,agility,,longer,0.5435,0.25,,0.25,0,0.25,1718,False,,
mit__agility,mit,agility,,rushed,0.5435,0.25,,0.25,0,0.25,61,False,,
mit__agility,mit,agility,,very slowly,0.5432,0.25,,0.25,0,0.25,66,False,,
mit__agility,mit,agility,,much flexibility,0.5419,0.25,,0.25,2,0.125,69,False,tight_loose__loose_control; pragmatic_normative__pragmatic,
mit__agility,mit,agility,,equipped,0.5406,0.25,,0.25,0,0.25,82,False,,
mit__agility,mit,agility,,you move,0.5406,0.25,,0.25,0,0.25,273,False,,
mit__agility,mit,agility,,performance but,0.5403,0.25,,0.25,3,0.1,64,False,process_results__results_oriented; pragmatic_normative__pragmatic; mit__performance,
mit__agility,mit,agility,,the ability,0.5401,0.25,,0.25,0,0.25,448,False,,
mit__agility,mit,agility,,flexible good,0.5399,0.25,,0.25,2,0.125,176,False,tight_loose__loose_control; pragmatic_normative__pragmatic,
mit__agility,mit,agility,,easy for,0.5397,0.25,,0.25,0,0.25,64,False,,
mit__agility,mit,agility,,easy and,0.5394,0.25,,0.25,0,0.25,139,False,,
mit__agility,mit,agility,,able learn,0.5385,0.25,,0.25,0,0.25,113,False,,
mit__agility,mit,agility,,steady,0.5378,0.25,,0.25,0,0.25,490,False,,
mit__agility,mit,agility,,little flexibility,0.5377,0.25,,0.25,1,0.1667,93,False,tight_loose__loose_control,
mit__agility,mit,agility,,movement,0.5377,0.25,,0.25,0,0.25,1062,False,,
mit__agility,mit,agility,,limited flexibility,0.5372,0.25,,0.25,2,0.125,90,False,tight_loose__loose_control; pragmatic_normative__pragmatic,
mit__agility,mit,agility,,ability work,0.5357,0.25,,0.25,0,0.25,414,False,,
mit__agility,mit,agility,,effectively,0.5356,0.25,,0.25,4,0.0833,247,False,process_results__results_oriented; pragmatic_normative__pragmatic; mit__execution; mit__integrity,
mit__agility,mit,agility,,moving,0.5356,0.25,,0.25,0,0.25,2155,False,,
mit__agility,mit,agility,,difficulty,0.5349,0.25,,0.25,1,0.1667,183,False,open_closed__closed_system,
mit__agility,mit,agility,,the flexibility,0.5348,0.25,,0.25,2,0.125,147,False,tight_loose__loose_control; pragmatic_normative__pragmatic,
mit__agility,mit,agility,,with flexible,0.5345,0.25,,0.25,2,0.125,110,False,tight_loose__loose_control; pragmatic_normative__pragmatic,
mit__agility,mit,agility,,shifting,0.5344,0.25,,0.25,0,0.25,185,False,,
mit__agility,mit,agility,,stiff,0.5337,0.25,,0.25,0,0.25,95,False,,
mit__agility,mit,agility,,timings and,0.5331,0.25,,0.25,0,0.25,69,False,,
mit__agility,mit,agility,,high performance,0.5323,0.25,,0.25,2,0.125,151,False,pragmatic_normative__pragmatic; mit__performance,
mit__agility,mit,agility,,mobility you,0.5323,0.25,,0.25,0,0.25,96,False,,
mit__agility,mit,agility,,very slow,0.5322,0.25,,0.25,0,0.25,720,False,,
mit__agility,mit,agility,,difficult,0.5321,0.25,,0.25,1,0.1667,6285,False,open_closed__closed_system,
mit__agility,mit,agility,,impactful,0.5318,0.25,,0.25,2,0.125,141,False,process_results__results_oriented; pragmatic_normative__pragmatic,
mit__agility,mit,agility,,power,0.5312,0.25,,0.25,0,0.25,542,False,,
mit__agility,mit,agility,,taking time,0.5312,0.25,,0.25,0,0.25,50,False,,
mit__agility,mit,agility,,strong,0.5305,0.25,,0.25,1,0.1667,5423,False,open_closed__closed_system,
mit__agility,mit,agility,,flexibility great,0.5304,0.25,,0.25,1,0.1667,136,False,pragmatic_normative__pragmatic,
mit__agility,mit,agility,,sometimes slow,0.5296,0.25,,0.25,0,0.25,102,False,,
mit__agility,mit,agility,,moving and,0.5295,0.25,,0.25,0,0.25,79,False,,
mit__agility,mit,agility,,flexibility with,0.5295,0.25,,0.25,2,0.125,199,False,tight_loose__loose_control; pragmatic_normative__pragmatic,
mit__agility,mit,agility,,adjustments,0.529,0.25,,0.25,0,0.25,84,False,,
mit__agility,mit,agility,,with flexibility,0.5286,0.25,,0.25,2,0.125,60,False,tight_loose__loose_control; pragmatic_normative__pragmatic,
mit__agility,mit,agility,,good slow,0.5286,0.25,,0.25,0,0.25,50,False,,
mit__agility,mit,agility,,advanced,0.5284,0.25,,0.25,5,0.0714,372,False,process_results__process_oriented; tight_loose__tight_control; pragmatic_normative__pragmatic; mit__innovation; mit__performance,
mit__agility,mit,agility,,sound,0.5282,0.25,,0.25,0,0.25,233,False,,
mit__agility,mit,agility,,extremely,0.5279,0.25,,0.25,0,0.25,3492,False,,
mit__agility,mit,agility,,stable,0.5277,0.25,,0.25,1,0.1667,2446,False,tight_loose__loose_control,
mit__agility,mit,agility,,efficient and,0.5276,0.25,,0.25,1,0.1667,61,False,pragmatic_normative__pragmatic,
mit__agility,mit,agility,,detail,0.5276,0.25,,0.25,3,0.1,159,False,process_results__process_oriented; process_results__results_oriented; pragmatic_normative__pragmatic,
mit__agility,mit,agility,,difficult move,0.5275,0.25,,0.25,0,0.25,404,False,,
mit__agility,mit,agility,,drag,0.5269,0.25,,0.25,0,0.25,100,False,,
mit__agility,mit,agility,,dynamic,0.5264,1,,1.0,0,1.0,1061,True,,
mit__agility,mit,agility,,moving the,0.5262,0.25,,0.25,0,0.25,166,False,,
mit__agility,mit,agility,,skills,0.5262,0.25,,0.25,3,0.1,3538,False,professional_parochial__professional; open_closed__open_system; mit__performance,
mit__agility,mit,agility,,simple,0.5259,0.25,,0.25,0,0.25,446,False,,
mit__agility,mit,agility,,flexible for,0.5257,0.25,,0.25,1,0.1667,57,False,pragmatic_normative__pragmatic,
mit__agility,mit,agility,,flexible time,0.5256,0.25,,0.25,0,0.25,277,False,,
mit__agility,mit,agility,,work fast,0.5256,0.25,,0.25,0,0.25,69,False,,
mit__agility,mit,agility,,adjustment,0.5253,0.25,,0.25,0,0.25,95,False,,
mit__agility,mit,agility,,gradually,0.5251,0.25,,0.25,0,0.25,53,False,,
mit__agility,mit,agility,,balanced,0.5249,0.25,,0.25,2,0.125,412,False,pragmatic_normative__normative; mit__respect,
mit__agility,mit,agility,,easier,0.5248,0.25,,0.25,0,0.25,368,False,,
mit__agility,mit,agility,,strongly,0.5247,0.25,,0.25,1,0.1667,166,False,pragmatic_normative__pragmatic,
mit__agility,mit,agility,,delays,0.5245,0.25,,0.25,0,0.25,105,False,,
mit__agility,mit,agility,,slow adopt,0.5244,0.25,,0.25,0,0.25,65,False,,
mit__agility,mit,agility,,mobility great,0.5235,0.25,,0.25,0,0.25,123,False,,
mit__agility,mit,agility,,mobility the,0.5232,0.25,,0.25,0,0.25,84,False,,
mit__agility,mit,agility,,challenge,0.5229,0.25,,0.25,0,0.25,925,False,,
mit__agility,mit,agility,,being able,0.5226,0.25,,0.25,0,0.25,216,False,,
mit__agility,mit,agility,,progressing,0.5219,0.25,,0.25,2,0.125,81,False,process_results__results_oriented; mit__execution,
mit__agility,mit,agility,,paced,0.5218,0.25,,0.25,0,0.25,2311,False,,
mit__agility,mit,agility,,advancing,0.5216,0.25,,0.25,3,0.1,147,False,process_results__results_oriented; tight_loose__loose_control; mit__execution,
mit__agility,mit,agility,,energetic,0.5215,0.25,,0.25,0,0.25,139,False,,
mit__agility,mit,agility,,changes,0.5214,0.25,,0.25,0,0.25,2933,False,,
mit__agility,mit,agility,,movement and,0.5213,0.25,,0.25,1,0.1667,58,False,tight_loose__loose_control,
mit__agility,mit,agility,,skilled,0.5213,0.25,,0.25,1,0.1667,371,False,professional_parochial__professional,
mit__agility,mit,agility,,achieved,0.5212,0.25,,0.25,4,0.0833,94,False,process_results__results_oriented; mit__execution; mit__innovation; mit__performance,
mit__agility,mit,agility,,mobility,0.5211,0.25,,0.25,0,0.25,5255,False,,
mit__agility,mit,agility,,flex work,0.5203,0.25,,0.25,0,0.25,79,False,,
mit__agility,mit,agility,,heavy and,0.5203,0.25,,0.25,0,0.25,73,False,,
mit__agility,mit,agility,,small,0.5203,0.25,,0.25,0,0.25,2344,False,,
mit__agility,mit,agility,,achieve,0.5202,0.25,,0.25,7,0.0556,494,False,process_results__results_oriented; open_closed__open_system; tight_loose__loose_control; pragmatic_normative__pragmatic; mit__execution; mit__innovation; mit__performance,
mit__collaboration,mit,collaboration,,collaboration,0.8544,1,,1.0,1,0.6667,1151,False,open_closed__open_system,
mit__collaboration,mit,collaboration,,team collaboration,0.8453,0.75,,0.75,0,0.75,99,False,,
mit__collaboration,mit,collaboration,,collaboration and,0.8187,0.75,0.25,0.25,1,0.1667,183,False,open_closed__open_system,Generic stopword/duplicated-token bigram — weight reduced to 0.25
mit__collaboration,mit,collaboration,,cooperation,0.816,1,,1.0,3,0.4,95,True,open_closed__open_system; tight_loose__loose_control; mit__integrity,
mit__collaboration,mit,collaboration,,collaboration with,0.8098,0.75,0.25,0.25,0,0.25,59,False,,Generic stopword/duplicated-token bigram — weight reduced to 0.25
mit__collaboration,mit,collaboration,,collaborative team,0.8005,0.75,,0.75,0,0.75,103,False,,
mit__collaboration,mit,collaboration,,cooperative,0.7842,0.75,,0.75,2,0.375,214,False,open_closed__closed_system; tight_loose__loose_control,
mit__collaboration,mit,collaboration,,collaborative,0.7817,1,,1.0,1,0.6667,2381,True,open_closed__open_system,
mit__collaboration,mit,collaboration,,collaborate,0.7814,0.75,,0.75,1,0.5,248,False,open_closed__open_system,
mit__collaboration,mit,collaboration,,collaborate with,0.7727,0.75,0.25,0.25,1,0.1667,83,False,open_closed__open_system,Generic stopword/duplicated-token bigram — weight reduced to 0.25
mit__collaboration,mit,collaboration,,working together,0.7656,1,,1.0,2,0.5,84,True,job_employee__job_oriented; job_employee__employee_oriented,
mit__collaboration,mit,collaboration,,teamwork,0.7643,1,,1.0,1,0.6667,845,True,process_results__results_oriented,
mit__collaboration,mit,collaboration,,together,0.7642,1,,1.0,1,0.6667,664,True,open_closed__closed_system,
mit__collaboration,mit,collaboration,,collaborative and,0.7612,0.75,0.25,0.25,1,0.1667,288,False,open_closed__open_system,Generic stopword/duplicated-token bigram — weight reduced to 0.25
mit__collaboration,mit,collaboration,,team work,0.7575,0.75,,0.75,0,0.75,1146,False,,
mit__collaboration,mit,collaboration,,collaboration across,0.7508,0.75,,0.75,0,0.75,54,False,,
mit__collaboration,mit,collaboration,,teamwork and,0.7481,0.75,0.25,0.25,2,0.125,140,False,process_results__process_oriented; process_results__results_oriented,Generic stopword/duplicated-token bigram — weight reduced to 0.25
mit__collaboration,mit,collaboration,,team with,0.7371,0.75,0.25,0.25,0,0.25,303,False,,Generic stopword/duplicated-token bigram — weight reduced to 0.25
mit__collaboration,mit,collaboration,,collaborative work,0.734,0.75,,0.75,0,0.75,136,False,,
mit__collaboration,mit,collaboration,,collaborating,0.7198,0.75,,0.75,0,0.75,51,False,,
mit__collaboration,mit,collaboration,,good collaboration,0.7184,0.75,,0.75,1,0.5,66,False,open_closed__open_system,
mit__collaboration,mit,collaboration,,together and,0.7111,0.75,0.25,0.25,0,0.25,61,False,,Generic stopword/duplicated-token bigram — weight reduced to 0.25
mit__collaboration,mit,collaboration,,work together,0.7092,0.75,,0.75,0,0.75,148,False,,
mit__collaboration,mit,collaboration,,team working,0.7052,0.75,,0.75,0,0.75,95,False,,
mit__collaboration,mit,collaboration,,people collaborative,0.7036,0.75,,0.75,0,0.75,78,False,,
mit__collaboration,mit,collaboration,,team,0.7034,1,,1.0,0,1.0,25175,True,,
mit__collaboration,mit,collaboration,,very collaborative,0.7023,0.75,0.25,0.25,0,0.25,235,False,,Generic stopword/duplicated-token bigram — weight reduced to 0.25
mit__collaboration,mit,collaboration,,teammates,0.6963,0.5,,0.5,0,0.5,493,False,,
mit__collaboration,mit,collaboration,,coordination,0.6931,0.5,,0.5,3,0.2,113,False,process_results__process_oriented; tight_loose__tight_control; tight_loose__loose_control,
mit__collaboration,mit,collaboration,,team and,0.6921,0.5,0.25,0.25,0,0.25,1763,False,,Generic stopword/duplicated-token bigram — weight reduced to 0.25
mit__collaboration,mit,collaboration,,teammates and,0.689,0.5,0.25,0.25,0,0.25,54,False,,Generic stopword/duplicated-token bigram — weight reduced to 0.25
mit__collaboration,mit,collaboration,,team bonding,0.6864,0.5,,0.5,0,0.5,64,False,,
mit__collaboration,mit,collaboration,,team team,0.6855,0.5,0.25,0.25,0,0.25,207,False,,Generic stopword/duplicated-token bigram — weight reduced to 0.25
mit__collaboration,mit,collaboration,,team people,0.6843,0.5,,0.5,0,0.5,135,False,,
mit__collaboration,mit,collaboration,,working team,0.6838,0.5,,0.5,0,0.5,77,False,,
mit__collaboration,mit,collaboration,,partnership,0.6834,1,,1.0,0,1.0,318,True,,
mit__collaboration,mit,collaboration,,team company,0.6816,0.5,,0.5,1,0.3333,50,False,professional_parochial__parochial,
mit__collaboration,mit,collaboration,,work team,0.6787,0.5,,0.5,0,0.5,152,False,,
mit__collaboration,mit,collaboration,,team building,0.6768,0.5,,0.5,0,0.5,241,False,,
mit__collaboration,mit,collaboration,,collaborative culture,0.6728,1,,1.0,1,0.6667,422,True,open_closed__open_system,
mit__collaboration,mit,collaboration,,partners,0.6715,0.5,,0.5,0,0.5,512,False,,
mit__collaboration,mit,collaboration,,team members,0.6712,0.5,,0.5,0,0.5,1152,False,,
mit__collaboration,mit,collaboration,,teams with,0.6703,0.5,0.25,0.25,0,0.25,93,False,,Generic stopword/duplicated-token bigram — weight reduced to 0.25
mit__collaboration,mit,collaboration,,team dynamics,0.6636,0.5,,0.5,0,0.5,67,False,,
mit__collaboration,mit,collaboration,,team mates,0.662,0.5,,0.5,0,0.5,178,False,,
mit__collaboration,mit,collaboration,,and collaboration,0.6612,0.5,0.25,0.25,0,0.25,144,False,,Generic stopword/duplicated-token bigram — weight reduced to 0.25
mit__collaboration,mit,collaboration,,colleagues with,0.6569,0.5,0.25,0.25,1,0.1667,62,False,open_closed__closed_system,Generic stopword/duplicated-token bigram — weight reduced to 0.25
mit__collaboration,mit,collaboration,,team support,0.6565,0.5,,0.5,0,0.5,90,False,,
mit__collaboration,mit,collaboration,,and collaborative,0.656,0.5,0.25,0.25,1,0.1667,362,False,open_closed__open_system,Generic stopword/duplicated-token bigram — weight reduced to 0.25
mit__collaboration,mit,collaboration,,team some,0.6534,0.5,,0.5,0,0.5,67,False,,
mit__collaboration,mit,collaboration,,culture collaboration,0.6532,0.5,,0.5,0,0.5,64,False,,
mit__collaboration,mit,collaboration,,great collaborative,0.6523,0.5,,0.5,0,0.5,64,False,,
mit__collaboration,mit,collaboration,,working with,0.651,0.5,0.25,0.25,4,0.0833,1731,False,process_results__process_oriented; job_employee__job_oriented; open_closed__closed_system; mit__execution,Generic stopword/duplicated-token bigram — weight reduced to 0.25
mit__collaboration,mit,collaboration,,team based,0.6461,0.5,,0.5,0,0.5,72,False,,
mit__collaboration,mit,collaboration,,team meetings,0.6435,0.5,,0.5,0,0.5,55,False,,
mit__collaboration,mit,collaboration,,team member,0.6423,0.5,,0.5,0,0.5,154,False,,
mit__collaboration,mit,collaboration,,colleagues,0.6395,0.5,,0.5,1,0.3333,6875,False,open_closed__closed_system,
mit__collaboration,mit,collaboration,,colleagues and,0.638,0.5,0.25,0.25,0,0.25,714,False,,Generic stopword/duplicated-token bigram — weight reduced to 0.25
mit__collaboration,mit,collaboration,,team friendly,0.6374,0.5,,0.5,0,0.5,56,False,,
mit__collaboration,mit,collaboration,,teams the,0.6366,0.5,0.25,0.25,0,0.25,127,False,,Generic stopword/duplicated-token bigram — weight reduced to 0.25
mit__collaboration,mit,collaboration,,workplace with,0.6352,0.5,0.25,0.25,2,0.125,89,False,job_employee__employee_oriented; open_closed__closed_system,Generic stopword/duplicated-token bigram — weight reduced to 0.25
mit__collaboration,mit,collaboration,,partners group,0.6324,0.5,,0.5,0,0.5,63,False,,
mit__collaboration,mit,collaboration,,people team,0.6322,0.5,,0.5,0,0.5,132,False,,
mit__collaboration,mit,collaboration,,partner,0.6298,0.5,,0.5,0,0.5,233,False,,
mit__collaboration,mit,collaboration,,team structure,0.6294,0.5,,0.5,0,0.5,79,False,,
mit__collaboration,mit,collaboration,,teams,0.6281,0.5,,0.5,0,0.5,7119,False,,
mit__collaboration,mit,collaboration,,work with,0.6272,0.5,0.25,0.25,0,0.25,10052,False,,Generic stopword/duplicated-token bigram — weight reduced to 0.25
mit__collaboration,mit,collaboration,,team management,0.6261,0.5,,0.5,0,0.5,168,False,,
mit__collaboration,mit,collaboration,,your colleagues,0.6258,0.5,0.25,0.25,0,0.25,111,False,,Generic stopword/duplicated-token bigram — weight reduced to 0.25
mit__collaboration,mit,collaboration,,helpful team,0.6245,0.5,,0.5,0,0.5,141,False,,
mit__collaboration,mit,collaboration,,colleagues the,0.6236,0.5,0.25,0.25,1,0.1667,108,False,open_closed__closed_system,Generic stopword/duplicated-token bigram — weight reduced to 0.25
mit__collaboration,mit,collaboration,,organization and,0.6222,0.5,0.25,0.25,3,0.1,224,False,process_results__process_oriented; tight_loose__tight_control; tight_loose__loose_control,Generic stopword/duplicated-token bigram — weight reduced to 0.25
mit__collaboration,mit,collaboration,,collaborative environment,0.622,0.5,,0.5,0,0.5,457,False,,
mit__collaboration,mit,collaboration,,team the,0.6213,0.5,0.25,0.25,0,0.25,296,False,,Generic stopword/duplicated-token bigram — weight reduced to 0.25
mit__collaboration,mit,collaboration,,involved with,0.6174,0.5,0.25,0.25,2,0.125,130,False,open_closed__closed_system; tight_loose__loose_control,Generic stopword/duplicated-token bigram — weight reduced to 0.25
mit__collaboration,mit,collaboration,,teams work,0.617,0.5,,0.5,0,0.5,181,False,,
mit__collaboration,mit,collaboration,,participate,0.6165,0.5,,0.5,1,0.3333,178,False,open_closed__open_system,
mit__collaboration,mit,collaboration,,community,0.6158,0.5,,0.5,1,0.3333,1417,False,open_closed__closed_system,
mit__collaboration,mit,collaboration,,communicated,0.6158,0.5,,0.5,4,0.1667,129,False,process_results__process_oriented; tight_loose__tight_control; mit__execution; mit__integrity,
mit__collaboration,mit,collaboration,,part team,0.6156,0.5,,0.5,0,0.5,50,False,,
mit__collaboration,mit,collaboration,,sharing and,0.6154,0.5,0.25,0.25,0,0.25,126,False,,Generic stopword/duplicated-token bigram — weight reduced to 0.25
mit__collaboration,mit,collaboration,,team oriented,0.6153,0.5,,0.5,0,0.5,271,False,,
mit__collaboration,mit,collaboration,,team leader,0.6146,0.5,,0.5,0,0.5,287,False,,
mit__collaboration,mit,collaboration,,team player,0.6145,1,,1.0,0,1.0,54,True,,
mit__collaboration,mit,collaboration,,team players,0.6133,0.5,,0.5,0,0.5,64,False,,
mit__collaboration,mit,collaboration,,teams and,0.6126,0.5,0.25,0.25,0,0.25,551,False,,Generic stopword/duplicated-token bigram — weight reduced to 0.25
mit__collaboration,mit,collaboration,,group and,0.6111,0.5,0.25,0.25,1,0.1667,148,False,mit__diversity,Generic stopword/duplicated-token bigram — weight reduced to 0.25
mit__collaboration,mit,collaboration,,the team,0.6104,0.5,0.25,0.25,0,0.25,3163,False,,Generic stopword/duplicated-token bigram — weight reduced to 0.25
mit__collaboration,mit,collaboration,,our work,0.61,0.5,0.25,0.25,0,0.25,53,False,,Generic stopword/duplicated-token bigram — weight reduced to 0.25
mit__collaboration,mit,collaboration,,culture collaborative,0.6091,0.5,,0.5,1,0.3333,78,False,open_closed__open_system,
mit__collaboration,mit,collaboration,,team leaders,0.6084,0.5,,0.5,0,0.5,212,False,,
mit__collaboration,mit,collaboration,,one another,0.6075,0.5,,0.5,0,0.5,184,False,,
mit__collaboration,mit,collaboration,,joining the,0.6057,0.5,0.25,0.25,0,0.25,76,False,,Generic stopword/duplicated-token bigram — weight reduced to 0.25
mit__collaboration,mit,collaboration,,team they,0.6051,0.5,0.25,0.25,0,0.25,134,False,,Generic stopword/duplicated-token bigram — weight reduced to 0.25
mit__collaboration,mit,collaboration,,joining,0.6042,0.5,,0.5,0,0.5,595,False,,
mit__collaboration,mit,collaboration,,sharing,0.6042,0.5,,0.5,1,0.3333,1307,False,mit__integrity,
mit__collaboration,mit,collaboration,,conflict,0.6035,0.5,,0.5,2,0.25,107,False,open_closed__closed_system; mit__diversity,
mit__collaboration,mit,collaboration,,team flexible,0.6024,0.5,,0.5,1,0.3333,52,False,tight_loose__loose_control,
mit__collaboration,mit,collaboration,,team environment,0.6013,0.5,,0.5,0,0.5,516,False,,
mit__collaboration,mit,collaboration,,communication with,0.6005,0.5,0.25,0.25,0,0.25,165,False,,Generic stopword/duplicated-token bigram — weight reduced to 0.25
mit__collaboration,mit,collaboration,,team worked,0.6002,0.5,,0.5,0,0.5,102,False,,
mit__collaboration,mit,collaboration,,peer,0.6,0.5,,0.5,1,0.3333,365,False,open_closed__closed_system,
mit__collaboration,mit,collaboration,,communicate,0.6,1,,1.0,0,1.0,360,True,,
mit__collaboration,mit,collaboration,,the colleagues,0.5997,0.5,0.25,0.25,0,0.25,98,False,,Generic stopword/duplicated-token bigram — weight reduced to 0.25
mit__collaboration,mit,collaboration,,support team,0.599,0.5,,0.5,0,0.5,80,False,,
mit__collaboration,mit,collaboration,,some team,0.5984,0.5,,0.5,0,0.5,69,False,,
mit__collaboration,mit,collaboration,,team politics,0.5959,0.5,,0.5,0,0.5,50,False,,
mit__collaboration,mit,collaboration,,groups,0.5956,0.5,,0.5,2,0.25,1395,False,open_closed__closed_system; mit__diversity,
mit__collaboration,mit,collaboration,,good teamwork,0.5953,0.5,,0.5,0,0.5,59,False,,
mit__collaboration,mit,collaboration,,leadership team,0.5944,0.5,,0.5,0,0.5,304,False,,
mit__collaboration,mit,collaboration,,work colleagues,0.5942,0.5,,0.5,1,0.3333,66,False,job_employee__employee_oriented,
mit__collaboration,mit,collaboration,,agreement,0.5942,0.5,,0.5,2,0.25,57,False,pragmatic_normative__normative; mit__integrity,
mit__collaboration,mit,collaboration,,company with,0.5931,0.5,0.25,0.25,2,0.125,3098,False,professional_parochial__parochial; mit__customer_orientation,Generic stopword/duplicated-token bigram — weight reduced to 0.25
mit__collaboration,mit,collaboration,,with colleagues,0.593,0.5,0.25,0.25,1,0.1667,175,False,open_closed__closed_system,Generic stopword/duplicated-token bigram — weight reduced to 0.25
mit__collaboration,mit,collaboration,,conflicts,0.5929,0.5,,0.5,0,0.5,74,False,,
mit__collaboration,mit,collaboration,,team but,0.5925,0.5,0.25,0.25,0,0.25,171,False,,Generic stopword/duplicated-token bigram — weight reduced to 0.25
mit__collaboration,mit,collaboration,,organisation with,0.5914,0.5,0.25,0.25,1,0.1667,108,False,tight_loose__tight_control,Generic stopword/duplicated-token bigram — weight reduced to 0.25
mit__collaboration,mit,collaboration,,corp,0.5906,0.5,,0.5,1,0.3333,165,False,professional_parochial__parochial,
mit__collaboration,mit,collaboration,,meeting,0.5903,0.5,,0.5,0,0.5,844,False,,
mit__collaboration,mit,collaboration,,gathering,0.5893,0.5,,0.5,0,0.5,56,False,,
mit__collaboration,mit,collaboration,,meetings,0.5889,0.5,,0.5,0,0.5,1986,False,,
mit__collaboration,mit,collaboration,,workplace and,0.5883,0.5,0.25,0.25,3,0.1,98,False,job_employee__job_oriented; job_employee__employee_oriented; tight_loose__tight_control,Generic stopword/duplicated-token bigram — weight reduced to 0.25
mit__collaboration,mit,collaboration,,global team,0.5877,0.5,,0.5,0,0.5,92,False,,
mit__collaboration,mit,collaboration,,involved,0.5876,0.5,,0.5,1,0.3333,1000,False,open_closed__closed_system,
mit__collaboration,mit,collaboration,,reconciliation,0.5875,0.5,,0.5,0,0.5,85,False,,
mit__collaboration,mit,collaboration,,team culture,0.5854,0.5,,0.5,0,0.5,616,False,,
mit__collaboration,mit,collaboration,,culture team,0.5852,0.5,,0.5,0,0.5,147,False,,
mit__collaboration,mit,collaboration,,organization the,0.5849,0.5,0.25,0.25,0,0.25,88,False,,Generic stopword/duplicated-token bigram — weight reduced to 0.25
mit__collaboration,mit,collaboration,,coworkers and,0.5846,0.5,0.25,0.25,0,0.25,302,False,,Generic stopword/duplicated-token bigram — weight reduced to 0.25
mit__collaboration,mit,collaboration,,the community,0.5845,0.5,0.25,0.25,1,0.1667,229,False,open_closed__closed_system,Generic stopword/duplicated-token bigram — weight reduced to 0.25
mit__collaboration,mit,collaboration,,friends with,0.5843,0.5,0.25,0.25,0,0.25,102,False,,Generic stopword/duplicated-token bigram — weight reduced to 0.25
mit__collaboration,mit,collaboration,,social,0.5843,0.5,,0.5,3,0.2,1158,False,open_closed__closed_system; tight_loose__loose_control; mit__integrity,
mit__collaboration,mit,collaboration,,one team,0.5841,0.5,,0.5,0,0.5,66,False,,
mit__collaboration,mit,collaboration,,meetings and,0.5841,0.5,0.25,0.25,1,0.1667,217,False,process_results__process_oriented,Generic stopword/duplicated-token bigram — weight reduced to 0.25
mit__collaboration,mit,collaboration,,group you,0.5841,0.5,0.25,0.25,0,0.25,192,False,,Generic stopword/duplicated-token bigram — weight reduced to 0.25
mit__collaboration,mit,collaboration,,across teams,0.584,0.5,,0.5,0,0.5,152,False,,
mit__collaboration,mit,collaboration,,business partners,0.5832,0.5,,0.5,1,0.3333,51,False,mit__customer_orientation,
mit__collaboration,mit,collaboration,,organization work,0.5826,0.5,,0.5,2,0.25,194,False,job_employee__job_oriented; job_employee__employee_oriented,
mit__collaboration,mit,collaboration,,own team,0.5821,0.5,,0.5,0,0.5,58,False,,
mit__collaboration,mit,collaboration,,communicate with,0.5817,0.5,0.25,0.25,0,0.25,129,False,,Generic stopword/duplicated-token bigram — weight reduced to 0.25
mit__collaboration,mit,collaboration,,the group,0.5817,0.5,0.25,0.25,0,0.25,435,False,,Generic stopword/duplicated-token bigram — weight reduced to 0.25
mit__collaboration,mit,collaboration,,organisation,0.5816,0.5,,0.5,3,0.2,1772,False,professional_parochial__parochial; tight_loose__tight_control; tight_loose__loose_control,
mit__collaboration,mit,collaboration,,our team,0.5813,0.5,0.25,0.25,0,0.25,99,False,,Generic stopword/duplicated-token bigram — weight reduced to 0.25
mit__collaboration,mit,collaboration,,organizations,0.581,0.5,,0.5,3,0.2,368,False,professional_parochial__parochial; tight_loose__tight_control; tight_loose__loose_control,
mit__collaboration,mit,collaboration,,groups and,0.5806,0.5,0.25,0.25,1,0.1667,95,False,mit__diversity,Generic stopword/duplicated-token bigram — weight reduced to 0.25
mit__collaboration,mit,collaboration,,team very,0.5805,0.5,0.25,0.25,0,0.25,283,False,,Generic stopword/duplicated-token bigram — weight reduced to 0.25
mit__collaboration,mit,collaboration,,workplace,0.5802,0.5,,0.5,3,0.2,2553,False,job_employee__job_oriented; job_employee__employee_oriented; open_closed__closed_system,
mit__collaboration,mit,collaboration,,interaction,0.5794,0.5,,0.5,0,0.5,526,False,,
mit__collaboration,mit,collaboration,,compete with,0.5779,0.5,0.25,0.25,2,0.125,126,False,process_results__results_oriented; mit__performance,Generic stopword/duplicated-token bigram — weight reduced to 0.25
mit__collaboration,mit,collaboration,,team your,0.5779,0.5,0.25,0.25,0,0.25,55,False,,Generic stopword/duplicated-token bigram — weight reduced to 0.25
mit__collaboration,mit,collaboration,,the teams,0.5778,0.5,0.25,0.25,0,0.25,380,False,,Generic stopword/duplicated-token bigram — weight reduced to 0.25
mit__collaboration,mit,collaboration,,team lead,0.5777,0.5,,0.5,0,0.5,193,False,,
mit__collaboration,mit,collaboration,,shared,0.5777,0.5,,0.5,0,0.5,207,False,,
mit__collaboration,mit,collaboration,,competitive with,0.5776,0.5,0.25,0.25,4,0.0833,190,False,open_closed__open_system; open_closed__closed_system; pragmatic_normative__pragmatic; mit__performance,Generic stopword/duplicated-token bigram — weight reduced to 0.25
mit__collaboration,mit,collaboration,,friendly team,0.5776,0.5,,0.5,0,0.5,210,False,,
mit__collaboration,mit,collaboration,,between teams,0.5776,0.5,,0.5,0,0.5,223,False,,
mit__collaboration,mit,collaboration,,connected,0.5774,0.5,,0.5,0,0.5,192,False,,
mit__collaboration,mit,collaboration,,communication between,0.5774,0.5,,0.5,0,0.5,291,False,,
mit__collaboration,mit,collaboration,,team dependent,0.5758,0.5,,0.5,0,0.5,176,False,,
mit__collaboration,mit,collaboration,,team good,0.575,0.5,,0.5,0,0.5,661,False,,
mit__collaboration,mit,collaboration,,joiners,0.5741,0.5,,0.5,0,0.5,204,False,,
mit__collaboration,mit,collaboration,,supportive team,0.5732,0.5,,0.5,0,0.5,416,False,,
mit__collaboration,mit,collaboration,,colleagues you,0.5731,0.5,0.25,0.25,0,0.25,50,False,,Generic stopword/duplicated-token bigram — weight reduced to 0.25
mit__collaboration,mit,collaboration,,organization but,0.5725,0.5,0.25,0.25,1,0.1667,59,False,tight_loose__loose_control,Generic stopword/duplicated-token bigram — weight reduced to 0.25
mit__collaboration,mit,collaboration,,leadership,0.5722,0.5,,0.5,5,0.1429,6819,False,process_results__results_oriented; tight_loose__tight_control; tight_loose__loose_control; mit__execution; mit__performance,
mit__collaboration,mit,collaboration,,people with,0.5713,0.5,0.25,0.25,0,0.25,764,False,,Generic stopword/duplicated-token bigram — weight reduced to 0.25
mit__collaboration,mit,collaboration,,great teamwork,0.5705,0.5,,0.5,0,0.5,98,False,,
mit__collaboration,mit,collaboration,,communicating,0.5703,0.5,,0.5,0,0.5,113,False,,
mit__collaboration,mit,collaboration,,good colleagues,0.57,0.5,,0.5,0,0.5,423,False,,
mit__collaboration,mit,collaboration,,each team,0.5697,0.5,,0.5,0,0.5,63,False,,
mit__collaboration,mit,collaboration,,the workplace,0.5695,0.5,0.25,0.25,4,0.0833,260,False,job_employee__job_oriented; job_employee__employee_oriented; open_closed__closed_system; tight_loose__loose_control,Generic stopword/duplicated-token bigram — weight reduced to 0.25
mit__collaboration,mit,collaboration,,good organization,0.5693,0.5,,0.5,0,0.5,278,False,,
mit__collaboration,mit,collaboration,,centralized,0.5687,0.5,,0.5,1,0.3333,91,False,tight_loose__tight_control,
mit__collaboration,mit,collaboration,,connect with,0.568,0.5,0.25,0.25,0,0.25,151,False,,Generic stopword/duplicated-token bigram — weight reduced to 0.25
mit__collaboration,mit,collaboration,,consensus,0.567,0.5,,0.5,1,0.3333,215,False,open_closed__closed_system,
mit__collaboration,mit,collaboration,,leadership with,0.5667,0.5,0.25,0.25,4,0.0833,50,False,tight_loose__tight_control; tight_loose__loose_control; mit__execution; mit__performance,Generic stopword/duplicated-token bigram — weight reduced to 0.25
mit__collaboration,mit,collaboration,,organization that,0.5664,0.5,0.25,0.25,0,0.25,117,False,,Generic stopword/duplicated-token bigram — weight reduced to 0.25
mit__collaboration,mit,collaboration,,people and,0.5661,0.5,0.25,0.25,0,0.25,3847,False,,Generic stopword/duplicated-token bigram — weight reduced to 0.25
mit__collaboration,mit,collaboration,,strong team,0.5659,0.5,,0.5,0,0.5,121,False,,
mit__collaboration,mit,collaboration,,discuss,0.5638,0.5,,0.5,1,0.3333,226,False,open_closed__closed_system,
mit__collaboration,mit,collaboration,,organized,0.5635,0.5,,0.5,1,0.3333,701,False,tight_loose__tight_control,
mit__collaboration,mit,collaboration,,team nice,0.5635,0.5,,0.5,0,0.5,111,False,,
mit__collaboration,mit,collaboration,,work through,0.5634,0.5,,0.5,3,0.2,67,False,process_results__process_oriented; job_employee__job_oriented; mit__execution,
mit__collaboration,mit,collaboration,,within team,0.5632,0.5,,0.5,0,0.5,87,False,,
mit__collaboration,mit,collaboration,,you join,0.5625,0.5,0.25,0.25,0,0.25,254,False,,Generic stopword/duplicated-token bigram — weight reduced to 0.25
mit__collaboration,mit,collaboration,,apart,0.562,0.5,,0.5,2,0.25,413,False,open_closed__closed_system; mit__diversity,
mit__collaboration,mit,collaboration,,leadership and,0.5618,0.5,0.25,0.25,6,0.0625,510,False,process_results__results_oriented; tight_loose__tight_control; tight_loose__loose_control; pragmatic_normative__normative; mit__execution; mit__performance,Generic stopword/duplicated-token bigram — weight reduced to 0.25
mit__customer_orientation,mit,customer_orientation,,customers,0.9032,1,,1.0,0,1.0,1341,False,,
mit__customer_orientation,mit,customer_orientation,,customer,0.8644,1,,1.0,0,1.0,2035,True,,
mit__customer_orientation,mit,customer_orientation,,customers and,0.8482,0.75,0.25,0.25,0,0.25,132,False,,Generic stopword/duplicated-token bigram — weight reduced to 0.25
mit__customer_orientation,mit,customer_orientation,,customer service,0.8395,1,,1.0,0,1.0,904,True,,
mit__customer_orientation,mit,customer_orientation,,the customer,0.8307,0.75,0.25,0.25,0,0.25,269,False,,Generic stopword/duplicated-token bigram — weight reduced to 0.25
mit__customer_orientation,mit,customer_orientation,,customer experience,0.8291,1,,1.0,0,1.0,65,True,,
mit__customer_orientation,mit,customer_orientation,,customer focused,0.8224,0.75,,0.75,1,0.5,70,False,pragmatic_normative__pragmatic,
mit__customer_orientation,mit,customer_orientation,,the customers,0.8202,0.75,0.25,0.25,0,0.25,104,False,,Generic stopword/duplicated-token bigram — weight reduced to 0.25
mit__customer_orientation,mit,customer_orientation,,customer and,0.8105,0.75,0.25,0.25,0,0.25,60,False,,Generic stopword/duplicated-token bigram — weight reduced to 0.25
mit__customer_orientation,mit,customer_orientation,,customers are,0.7744,0.75,0.25,0.25,0,0.25,80,False,,Generic stopword/duplicated-token bigram — weight reduced to 0.25
mit__customer_orientation,mit,customer_orientation,,with customers,0.7453,0.75,0.25,0.25,1,0.1667,84,False,pragmatic_normative__pragmatic,Generic stopword/duplicated-token bigram — weight reduced to 0.25
mit__customer_orientation,mit,customer_orientation,,for customers,0.7361,0.75,0.25,0.25,0,0.25,64,False,,Generic stopword/duplicated-token bigram — weight reduced to 0.25
mit__customer_orientation,mit,customer_orientation,,and customer,0.6948,0.5,0.25,0.25,0,0.25,85,False,,Generic stopword/duplicated-token bigram — weight reduced to 0.25
mit__customer_orientation,mit,customer_orientation,,clients,0.6911,0.5,,0.5,0,0.5,4631,False,,
mit__customer_orientation,mit,customer_orientation,,about clients,0.6822,0.5,,0.5,0,0.5,51,False,,
mit__customer_orientation,mit,customer_orientation,,consumer,0.6747,0.5,,0.5,1,0.3333,88,False,pragmatic_normative__pragmatic,
mit__customer_orientation,mit,customer_orientation,,clients and,0.6618,0.5,0.25,0.25,0,0.25,562,False,,Generic stopword/duplicated-token bigram — weight reduced to 0.25
mit__customer_orientation,mit,customer_orientation,,and customers,0.6529,0.5,0.25,0.25,0,0.25,88,False,,Generic stopword/duplicated-token bigram — weight reduced to 0.25
mit__customer_orientation,mit,customer_orientation,,clients with,0.6507,0.5,0.25,0.25,0,0.25,60,False,,Generic stopword/duplicated-token bigram — weight reduced to 0.25
mit__customer_orientation,mit,customer_orientation,,clients who,0.648,0.5,0.25,0.25,0,0.25,60,False,,Generic stopword/duplicated-token bigram — weight reduced to 0.25
mit__customer_orientation,mit,customer_orientation,,client experience,0.6462,0.5,,0.5,0,0.5,77,False,,
mit__customer_orientation,mit,customer_orientation,,clients the,0.6414,0.5,0.25,0.25,0,0.25,145,False,,Generic stopword/duplicated-token bigram — weight reduced to 0.25
mit__customer_orientation,mit,customer_orientation,,the client,0.6395,0.5,0.25,0.25,0,0.25,556,False,,Generic stopword/duplicated-token bigram — weight reduced to 0.25
mit__customer_orientation,mit,customer_orientation,,your clients,0.6351,0.5,0.25,0.25,0,0.25,98,False,,Generic stopword/duplicated-token bigram — weight reduced to 0.25
mit__customer_orientation,mit,customer_orientation,,client service,0.634,0.5,,0.5,0,0.5,596,False,,
mit__customer_orientation,mit,customer_orientation,,client services,0.6322,0.5,,0.5,0,0.5,220,False,,
mit__customer_orientation,mit,customer_orientation,,client needs,0.6304,0.5,,0.5,0,0.5,50,False,,
mit__customer_orientation,mit,customer_orientation,,clients great,0.6281,0.5,,0.5,0,0.5,82,False,,
mit__customer_orientation,mit,customer_orientation,,client,0.6265,1,,1.0,0,1.0,4224,True,,
mit__customer_orientation,mit,customer_orientation,,the clients,0.6241,0.5,0.25,0.25,0,0.25,315,False,,Generic stopword/duplicated-token bigram — weight reduced to 0.25
mit__customer_orientation,mit,customer_orientation,,for clients,0.6163,0.5,0.25,0.25,0,0.25,290,False,,Generic stopword/duplicated-token bigram — weight reduced to 0.25
mit__customer_orientation,mit,customer_orientation,,clients good,0.6154,0.5,,0.5,0,0.5,65,False,,
mit__customer_orientation,mit,customer_orientation,,its clients,0.6112,0.5,0.25,0.25,0,0.25,70,False,,Generic stopword/duplicated-token bigram — weight reduced to 0.25
mit__customer_orientation,mit,customer_orientation,,clients that,0.6082,0.5,0.25,0.25,0,0.25,83,False,,Generic stopword/duplicated-token bigram — weight reduced to 0.25
mit__customer_orientation,mit,customer_orientation,,new clients,0.6074,0.5,,0.5,0,0.5,71,False,,
mit__customer_orientation,mit,customer_orientation,,our clients,0.6048,0.5,0.25,0.25,0,0.25,103,False,,Generic stopword/duplicated-token bigram — weight reduced to 0.25
mit__customer_orientation,mit,customer_orientation,,service,0.6044,0.5,,0.5,1,0.3333,3642,False,mit__execution,
mit__customer_orientation,mit,customer_orientation,,clients first,0.6025,0.5,,0.5,0,0.5,63,False,,
mit__customer_orientation,mit,customer_orientation,,clients but,0.5944,0.5,0.25,0.25,0,0.25,50,False,,Generic stopword/duplicated-token bigram — weight reduced to 0.25
mit__customer_orientation,mit,customer_orientation,,services industry,0.5905,0.5,,0.5,0,0.5,303,False,,
mit__customer_orientation,mit,customer_orientation,,for client,0.5865,0.5,0.25,0.25,0,0.25,92,False,,Generic stopword/duplicated-token bigram — weight reduced to 0.25
mit__customer_orientation,mit,customer_orientation,,with clients,0.5855,0.5,0.25,0.25,0,0.25,347,False,,Generic stopword/duplicated-token bigram — weight reduced to 0.25
mit__customer_orientation,mit,customer_orientation,,services company,0.5833,0.5,,0.5,1,0.3333,116,False,professional_parochial__parochial,
mit__customer_orientation,mit,customer_orientation,,clients are,0.5832,0.5,0.25,0.25,0,0.25,210,False,,Generic stopword/duplicated-token bigram — weight reduced to 0.25
mit__customer_orientation,mit,customer_orientation,,clients you,0.5826,0.5,0.25,0.25,0,0.25,105,False,,Generic stopword/duplicated-token bigram — weight reduced to 0.25
mit__customer_orientation,mit,customer_orientation,,client focused,0.5791,0.5,,0.5,1,0.3333,151,False,pragmatic_normative__pragmatic,
mit__customer_orientation,mit,customer_orientation,,client and,0.5778,0.5,0.25,0.25,0,0.25,95,False,,Generic stopword/duplicated-token bigram — weight reduced to 0.25
mit__customer_orientation,mit,customer_orientation,,client facing,0.5765,0.5,,0.5,0,0.5,247,False,,
mit__customer_orientation,mit,customer_orientation,,service and,0.5745,0.5,0.25,0.25,3,0.1,204,False,process_results__process_oriented; pragmatic_normative__normative; mit__execution,Generic stopword/duplicated-token bigram — weight reduced to 0.25
mit__customer_orientation,mit,customer_orientation,,services,0.5736,0.5,,0.5,0,0.5,2760,False,,
mit__customer_orientation,mit,customer_orientation,,services firm,0.5722,0.5,,0.5,0,0.5,69,False,,
mit__customer_orientation,mit,customer_orientation,,their clients,0.5716,0.5,0.25,0.25,0,0.25,192,False,,Generic stopword/duplicated-token bigram — weight reduced to 0.25
mit__customer_orientation,mit,customer_orientation,,clients not,0.57,0.5,0.25,0.25,0,0.25,69,False,,Generic stopword/duplicated-token bigram — weight reduced to 0.25
mit__customer_orientation,mit,customer_orientation,,client centric,0.5693,0.5,,0.5,0,0.5,63,False,,
mit__customer_orientation,mit,customer_orientation,,great clients,0.5613,0.5,,0.5,0,0.5,54,False,,
mit__customer_orientation,mit,customer_orientation,,the service,0.56,0.5,0.25,0.25,1,0.1667,114,False,mit__execution,Generic stopword/duplicated-token bigram — weight reduced to 0.25
mit__customer_orientation,mit,customer_orientation,,service based,0.5592,0.5,,0.5,1,0.3333,103,False,pragmatic_normative__normative,
mit__customer_orientation,mit,customer_orientation,,marketplace,0.5508,0.5,,0.5,0,0.5,78,False,,
mit__customer_orientation,mit,customer_orientation,,client first,0.5479,0.25,,0.25,0,0.25,73,False,,
mit__customer_orientation,mit,customer_orientation,,worth clients,0.5414,0.25,,0.25,0,0.25,51,False,,
mit__customer_orientation,mit,customer_orientation,,clients can,0.5403,0.25,,0.25,0,0.25,76,False,,
mit__customer_orientation,mit,customer_orientation,,service the,0.5386,0.25,,0.25,1,0.1667,65,False,mit__execution,
mit__customer_orientation,mit,customer_orientation,,with client,0.5381,0.25,,0.25,0,0.25,56,False,,
mit__customer_orientation,mit,customer_orientation,,clientele,0.5379,0.25,,0.25,0,0.25,76,False,,
mit__customer_orientation,mit,customer_orientation,,services and,0.5332,0.25,,0.25,0,0.25,98,False,,
mit__customer_orientation,mit,customer_orientation,,provider,0.5327,0.25,,0.25,0,0.25,92,False,,
mit__customer_orientation,mit,customer_orientation,,about company,0.527,0.25,,0.25,1,0.1667,106,False,professional_parochial__parochial,
mit__customer_orientation,mit,customer_orientation,,company cares,0.5234,0.25,,0.25,1,0.1667,143,False,professional_parochial__parochial,
mit__customer_orientation,mit,customer_orientation,,the business,0.5215,0.25,,0.25,3,0.1,2048,False,open_closed__closed_system; tight_loose__loose_control; pragmatic_normative__normative,
mit__customer_orientation,mit,customer_orientation,,sales,0.5213,0.25,,0.25,0,0.25,3993,False,,
mit__customer_orientation,mit,customer_orientation,,sales and,0.5187,0.25,,0.25,0,0.25,259,False,,
mit__customer_orientation,mit,customer_orientation,,sales agent,0.5174,0.25,,0.25,0,0.25,59,False,,
mit__customer_orientation,mit,customer_orientation,,business needs,0.517,0.25,,0.25,0,0.25,57,False,,
mit__customer_orientation,mit,customer_orientation,,new business,0.5168,0.25,,0.25,1,0.1667,136,False,mit__innovation,
mit__customer_orientation,mit,customer_orientation,,client relationship,0.5145,0.25,,0.25,0,0.25,161,False,,
mit__customer_orientation,mit,customer_orientation,,company,0.5135,0.25,,0.25,2,0.125,71496,False,professional_parochial__parochial; tight_loose__loose_control,
mit__customer_orientation,mit,customer_orientation,,consultant,0.5134,0.25,,0.25,1,0.1667,819,False,professional_parochial__professional,
mit__customer_orientation,mit,customer_orientation,,the retail,0.5118,0.25,,0.25,0,0.25,65,False,,
mit__customer_orientation,mit,customer_orientation,,company doing,0.5105,0.25,,0.25,3,0.1,61,False,job_employee__employee_oriented; professional_parochial__parochial; mit__execution,
mit__customer_orientation,mit,customer_orientation,,salesman,0.5101,0.25,,0.25,0,0.25,56,False,,
mit__customer_orientation,mit,customer_orientation,,businesses,0.507,0.25,,0.25,1,0.1667,597,False,pragmatic_normative__pragmatic,
mit__customer_orientation,mit,customer_orientation,,for sales,0.5061,0.25,,0.25,0,0.25,126,False,,
mit__customer_orientation,mit,customer_orientation,,consulting,0.5059,0.25,,0.25,0,0.25,224,False,,
mit__customer_orientation,mit,customer_orientation,,service representative,0.5054,0.25,,0.25,0,0.25,122,False,,
mit__customer_orientation,mit,customer_orientation,,company reputation,0.5051,0.25,,0.25,1,0.1667,95,False,professional_parochial__parochial,
mit__customer_orientation,mit,customer_orientation,,business with,0.5044,0.25,,0.25,0,0.25,106,False,,
mit__customer_orientation,mit,customer_orientation,,servicing,0.5024,0.25,,0.25,1,0.1667,215,False,mit__execution,
mit__customer_orientation,mit,customer_orientation,,client base,0.4995,0.25,,0.25,0,0.25,148,False,,
mit__customer_orientation,mit,customer_orientation,,company get,0.4987,0.25,,0.25,1,0.1667,102,False,professional_parochial__parochial,
mit__customer_orientation,mit,customer_orientation,,business the,0.4981,0.25,,0.25,0,0.25,144,False,,
mit__customer_orientation,mit,customer_orientation,,the sales,0.4961,0.25,,0.25,0,0.25,266,False,,
mit__customer_orientation,mit,customer_orientation,,this industry,0.4961,0.25,,0.25,4,0.0833,139,False,professional_parochial__professional; professional_parochial__parochial; tight_loose__loose_control; pragmatic_normative__pragmatic,
mit__customer_orientation,mit,customer_orientation,,business partners,0.4944,0.25,,0.25,1,0.1667,51,False,mit__collaboration,
mit__customer_orientation,mit,customer_orientation,,within company,0.4933,0.25,,0.25,1,0.1667,179,False,professional_parochial__parochial,
mit__customer_orientation,mit,customer_orientation,,business great,0.493,0.25,,0.25,0,0.25,136,False,,
mit__customer_orientation,mit,customer_orientation,,and clients,0.4929,0.25,,0.25,0,0.25,231,False,,
mit__customer_orientation,mit,customer_orientation,,company just,0.4927,0.25,,0.25,1,0.1667,84,False,professional_parochial__parochial,
mit__customer_orientation,mit,customer_orientation,,company feel,0.4925,0.25,,0.25,1,0.1667,55,False,professional_parochial__parochial,
mit__customer_orientation,mit,customer_orientation,,vendor,0.4918,0.25,,0.25,0,0.25,168,False,,
mit__customer_orientation,mit,customer_orientation,,business and,0.4914,0.25,,0.25,2,0.125,524,False,tight_loose__loose_control; pragmatic_normative__pragmatic,
mit__customer_orientation,mit,customer_orientation,,job experience,0.4914,0.25,,0.25,1,0.1667,106,False,professional_parochial__professional,
mit__customer_orientation,mit,customer_orientation,,advertising,0.4907,0.25,,0.25,1,0.1667,75,False,pragmatic_normative__pragmatic,
mit__customer_orientation,mit,customer_orientation,,company one,0.4905,0.25,,0.25,1,0.1667,57,False,professional_parochial__parochial,
mit__customer_orientation,mit,customer_orientation,,market for,0.4896,0.25,,0.25,1,0.1667,82,False,pragmatic_normative__pragmatic,
mit__customer_orientation,mit,customer_orientation,,enterprise,0.4893,0.25,,0.25,1,0.1667,201,False,tight_loose__loose_control,
mit__customer_orientation,mit,customer_orientation,,company brand,0.4882,0.25,,0.25,1,0.1667,53,False,professional_parochial__parochial,
mit__customer_orientation,mit,customer_orientation,,company great,0.4877,0.25,,0.25,1,0.1667,1540,False,professional_parochial__parochial,
mit__customer_orientation,mit,customer_orientation,,company this,0.4869,0.25,,0.25,0,0.25,137,False,,
mit__customer_orientation,mit,customer_orientation,,business they,0.4864,0.25,,0.25,0,0.25,61,False,,
mit__customer_orientation,mit,customer_orientation,,market,0.4861,0.25,,0.25,1,0.1667,5954,False,pragmatic_normative__pragmatic,
mit__customer_orientation,mit,customer_orientation,,for company,0.4849,0.25,,0.25,1,0.1667,285,False,professional_parochial__parochial,
mit__customer_orientation,mit,customer_orientation,,their business,0.4847,0.25,,0.25,0,0.25,98,False,,
mit__customer_orientation,mit,customer_orientation,,business very,0.4843,0.25,,0.25,1,0.1667,85,False,pragmatic_normative__pragmatic,
mit__customer_orientation,mit,customer_orientation,,business for,0.4837,0.25,,0.25,0,0.25,65,False,,
mit__customer_orientation,mit,customer_orientation,,company worked,0.4833,0.25,,0.25,1,0.1667,92,False,professional_parochial__parochial,
mit__customer_orientation,mit,customer_orientation,,business owners,0.4832,0.25,,0.25,2,0.125,127,False,professional_parochial__parochial; tight_loose__loose_control,
mit__customer_orientation,mit,customer_orientation,,company amazing,0.4822,0.25,,0.25,1,0.1667,105,False,professional_parochial__parochial,
mit__customer_orientation,mit,customer_orientation,,company company,0.4819,0.25,,0.25,1,0.1667,102,False,professional_parochial__parochial,
mit__customer_orientation,mit,customer_orientation,,shop,0.4815,0.25,,0.25,0,0.25,272,False,,
mit__customer_orientation,mit,customer_orientation,,company used,0.4814,0.25,,0.25,1,0.1667,52,False,professional_parochial__parochial,
mit__customer_orientation,mit,customer_orientation,,industry with,0.4812,0.25,,0.25,5,0.0714,60,False,professional_parochial__professional; professional_parochial__parochial; open_closed__closed_system; pragmatic_normative__pragmatic; mit__innovation,
mit__customer_orientation,mit,customer_orientation,,business unit,0.4809,0.25,,0.25,0,0.25,238,False,,
mit__customer_orientation,mit,customer_orientation,,satisfaction,0.4808,0.25,,0.25,6,0.0625,483,False,process_results__results_oriented; pragmatic_normative__normative; mit__execution; mit__integrity; mit__performance; mit__respect,
mit__customer_orientation,mit,customer_orientation,,the company,0.4806,0.25,,0.25,1,0.1667,13959,False,professional_parochial__parochial,
mit__customer_orientation,mit,customer_orientation,,for business,0.4803,0.25,,0.25,1,0.1667,107,False,pragmatic_normative__pragmatic,
mit__customer_orientation,mit,customer_orientation,,this company,0.4798,0.25,,0.25,1,0.1667,2879,False,professional_parochial__parochial,
mit__customer_orientation,mit,customer_orientation,,corporate experience,0.479,0.25,,0.25,2,0.125,51,False,professional_parochial__professional; professional_parochial__parochial,
mit__customer_orientation,mit,customer_orientation,,vendors,0.4789,0.25,,0.25,0,0.25,108,False,,
mit__customer_orientation,mit,customer_orientation,,centric company,0.478,0.25,,0.25,0,0.25,105,False,,
mit__customer_orientation,mit,customer_orientation,,purchase,0.4778,0.25,,0.25,0,0.25,206,False,,
mit__customer_orientation,mit,customer_orientation,,company and,0.4777,0.25,,0.25,1,0.1667,2207,False,professional_parochial__parochial,
mit__customer_orientation,mit,customer_orientation,,client interaction,0.4775,0.25,,0.25,0,0.25,61,False,,
mit__customer_orientation,mit,customer_orientation,,demand,0.4774,0.25,,0.25,0,0.25,247,False,,
mit__customer_orientation,mit,customer_orientation,,company seems,0.4763,0.25,,0.25,1,0.1667,84,False,professional_parochial__parochial,
mit__customer_orientation,mit,customer_orientation,,brand reputation,0.4762,0.25,,0.25,0,0.25,61,False,,
mit__customer_orientation,mit,customer_orientation,,company very,0.4758,0.25,,0.25,1,0.1667,677,False,professional_parochial__parochial,
mit__customer_orientation,mit,customer_orientation,,market and,0.4757,0.25,,0.25,1,0.1667,217,False,pragmatic_normative__pragmatic,
mit__customer_orientation,mit,customer_orientation,,companies,0.4755,0.25,,0.25,1,0.1667,3873,False,professional_parochial__parochial,
mit__customer_orientation,mit,customer_orientation,,company with,0.474,0.25,,0.25,2,0.125,3098,False,professional_parochial__parochial; mit__collaboration,
mit__customer_orientation,mit,customer_orientation,,cab service,0.4737,0.25,,0.25,0,0.25,145,False,,
mit__customer_orientation,mit,customer_orientation,,sales you,0.4726,0.25,,0.25,0,0.25,60,False,,
mit__customer_orientation,mit,customer_orientation,,market leader,0.4724,0.25,,0.25,0,0.25,91,False,,
mit__customer_orientation,mit,customer_orientation,,wonderful company,0.4719,0.25,,0.25,0,0.25,163,False,,
mit__customer_orientation,mit,customer_orientation,,dissatisfaction,0.4718,0.25,,0.25,0,0.25,60,False,,
mit__customer_orientation,mit,customer_orientation,,consultants,0.4715,0.25,,0.25,1,0.1667,282,False,professional_parochial__professional,
mit__customer_orientation,mit,customer_orientation,,company encourages,0.4714,0.25,,0.25,1,0.1667,58,False,professional_parochial__parochial,
mit__customer_orientation,mit,customer_orientation,,their employee,0.4713,0.25,,0.25,1,0.1667,63,False,job_employee__employee_oriented,
mit__customer_orientation,mit,customer_orientation,,business practices,0.4711,0.25,,0.25,0,0.25,64,False,,
mit__customer_orientation,mit,customer_orientation,,experience with,0.4703,0.25,,0.25,2,0.125,572,False,open_closed__open_system; open_closed__closed_system,
mit__customer_orientation,mit,customer_orientation,,company wide,0.4701,0.25,,0.25,1,0.1667,116,False,professional_parochial__parochial,
mit__customer_orientation,mit,customer_orientation,,company learn,0.4694,0.25,,0.25,1,0.1667,171,False,professional_parochial__parochial,
mit__customer_orientation,mit,customer_orientation,,business lines,0.4691,0.25,,0.25,0,0.25,98,False,,
mit__customer_orientation,mit,customer_orientation,,the industry,0.4689,0.25,,0.25,5,0.0714,3207,False,professional_parochial__professional; open_closed__closed_system; tight_loose__loose_control; pragmatic_normative__pragmatic; mit__innovation,
mit__customer_orientation,mit,customer_orientation,,and client,0.4681,0.25,,0.25,0,0.25,179,False,,
mit__customer_orientation,mit,customer_orientation,,employee care,0.4681,0.25,,0.25,1,0.1667,51,False,job_employee__employee_oriented,
mit__customer_orientation,mit,customer_orientation,,company excellent,0.4673,0.25,,0.25,0,0.25,107,False,,
mit__customer_orientation,mit,customer_orientation,,core business,0.467,0.25,,0.25,0,0.25,54,False,,
mit__customer_orientation,mit,customer_orientation,,experienced staff,0.4668,0.25,,0.25,0,0.25,76,False,,
mit__customer_orientation,mit,customer_orientation,,lines business,0.4666,0.25,,0.25,0,0.25,121,False,,
mit__customer_orientation,mit,customer_orientation,,sales job,0.4666,0.25,,0.25,0,0.25,119,False,,
mit__customer_orientation,mit,customer_orientation,,experienced employees,0.4665,0.25,,0.25,2,0.125,77,False,job_employee__employee_oriented; professional_parochial__professional,
mit__customer_orientation,mit,customer_orientation,,company trying,0.4655,0.25,,0.25,0,0.25,57,False,,
mit__customer_orientation,mit,customer_orientation,,different business,0.4651,0.25,,0.25,0,0.25,114,False,,
mit__customer_orientation,mit,customer_orientation,,industry,0.4651,0.25,,0.25,4,0.0833,8885,False,professional_parochial__professional; professional_parochial__parochial; tight_loose__loose_control; pragmatic_normative__pragmatic,
mit__customer_orientation,mit,customer_orientation,,your business,0.4645,0.25,,0.25,0,0.25,202,False,,
mit__customer_orientation,mit,customer_orientation,,businesses and,0.4643,0.25,,0.25,1,0.1667,56,False,pragmatic_normative__pragmatic,
mit__customer_orientation,mit,customer_orientation,,whole company,0.4637,0.25,,0.25,1,0.1667,59,False,professional_parochial__parochial,
mit__customer_orientation,mit,customer_orientation,,sales goals,0.4636,0.25,,0.25,1,0.1667,66,False,process_results__results_oriented,
mit__customer_orientation,mit,customer_orientation,,great business,0.4629,0.25,,0.25,0,0.25,85,False,,
mit__customer_orientation,mit,customer_orientation,,experience work,0.4621,0.25,,0.25,1,0.1667,139,False,professional_parochial__professional,
mit__customer_orientation,mit,customer_orientation,,business side,0.4618,0.25,,0.25,0,0.25,93,False,,
mit__customer_orientation,mit,customer_orientation,,financial service,0.4609,0.25,,0.25,0,0.25,112,False,,
mit__customer_orientation,mit,customer_orientation,,for industry,0.4604,0.25,,0.25,1,0.1667,122,False,pragmatic_normative__pragmatic,
mit__customer_orientation,mit,customer_orientation,,promotional,0.4604,0.25,,0.25,0,0.25,152,False,,
mit__customer_orientation,mit,customer_orientation,,company many,0.4601,0.25,,0.25,1,0.1667,114,False,professional_parochial__parochial,
mit__customer_orientation,mit,customer_orientation,,technical people,0.46,0.25,,0.25,1,0.1667,72,False,professional_parochial__professional,
mit__customer_orientation,mit,customer_orientation,,company review,0.4598,0.25,,0.25,0,0.25,378,False,,
mit__customer_orientation,mit,customer_orientation,,company good,0.4598,0.25,,0.25,1,0.1667,1710,False,professional_parochial__parochial,
mit__customer_orientation,mit,customer_orientation,,high demand,0.4593,0.25,,0.25,0,0.25,52,False,,
mit__customer_orientation,mit,customer_orientation,,its employees,0.4587,0.25,,0.25,1,0.1667,715,False,job_employee__employee_oriented,
mit__customer_orientation,mit,customer_orientation,,sales training,0.4585,0.25,,0.25,0,0.25,65,False,,
mit__customer_orientation,mit,customer_orientation,,company awesome,0.4579,0.25,,0.25,1,0.1667,59,False,professional_parochial__parochial,
mit__customer_orientation,mit,customer_orientation,,company truly,0.4579,0.25,,0.25,1,0.1667,56,False,professional_parochial__parochial,
mit__customer_orientation,mit,customer_orientation,,company overall,0.4579,0.25,,0.25,1,0.1667,293,False,professional_parochial__parochial,
mit__customer_orientation,mit,customer_orientation,,company best,0.4577,0.25,,0.25,1,0.1667,100,False,professional_parochial__parochial,
mit__customer_orientation,mit,customer_orientation,,company whole,0.4577,0.25,,0.25,1,0.1667,100,False,professional_parochial__parochial,
mit__customer_orientation,mit,customer_orientation,,products,0.4576,0.25,,0.25,3,0.1,1948,False,process_results__process_oriented; pragmatic_normative__pragmatic; mit__innovation,
mit__diversity,mit,diversity,,diversity,0.8123,1,,1.0,1,0.6667,3291,True,open_closed__open_system,
mit__diversity,mit,diversity,,diversity and,0.8053,0.75,0.25,0.25,1,0.1667,629,False,open_closed__open_system,Generic stopword/duplicated-token bigram — weight reduced to 0.25
mit__diversity,mit,diversity,,diverse,0.7939,1,,1.0,1,0.6667,1934,True,open_closed__open_system,
mit__diversity,mit,diversity,,diverse and,0.7925,0.75,0.25,0.25,1,0.1667,197,False,open_closed__open_system,Generic stopword/duplicated-token bigram — weight reduced to 0.25
mit__diversity,mit,diversity,,diversity the,0.7896,0.75,0.25,0.25,1,0.1667,123,False,open_closed__open_system,Generic stopword/duplicated-token bigram — weight reduced to 0.25
mit__diversity,mit,diversity,,diversity inclusion,0.7815,0.75,,0.75,1,0.5,58,False,open_closed__open_system,
mit__diversity,mit,diversity,,the diversity,0.7792,0.75,0.25,0.25,1,0.1667,63,False,open_closed__open_system,Generic stopword/duplicated-token bigram — weight reduced to 0.25
mit__diversity,mit,diversity,,diversity work,0.7552,0.75,,0.75,1,0.5,61,False,open_closed__open_system,
mit__diversity,mit,diversity,,diverse group,0.7438,0.75,,0.75,1,0.5,50,False,open_closed__open_system,
mit__diversity,mit,diversity,,diverse environment,0.7399,0.75,,0.75,1,0.5,67,False,open_closed__open_system,
mit__diversity,mit,diversity,,diverse work,0.7396,0.75,,0.75,1,0.5,80,False,open_closed__open_system,
mit__diversity,mit,diversity,,inclusive,0.7393,1,,1.0,1,0.6667,1255,True,open_closed__open_system,
mit__diversity,mit,diversity,,inclusive and,0.7367,0.75,0.25,0.25,1,0.1667,194,False,open_closed__open_system,Generic stopword/duplicated-token bigram — weight reduced to 0.25
mit__diversity,mit,diversity,,about diversity,0.733,0.75,,0.75,0,0.75,57,False,,
mit__diversity,mit,diversity,,diverse culture,0.7314,0.75,,0.75,1,0.5,103,False,open_closed__open_system,
mit__diversity,mit,diversity,,diversity good,0.723,0.75,,0.75,1,0.5,60,False,open_closed__open_system,
mit__diversity,mit,diversity,,very diverse,0.719,0.75,0.25,0.25,0,0.25,253,False,,Generic stopword/duplicated-token bigram — weight reduced to 0.25
mit__diversity,mit,diversity,,inclusive environment,0.7166,1,,1.0,0,1.0,131,True,,
mit__diversity,mit,diversity,,diversity not,0.7088,0.75,0.25,0.25,0,0.25,54,False,,Generic stopword/duplicated-token bigram — weight reduced to 0.25
mit__diversity,mit,diversity,,culture diversity,0.7072,0.75,,0.75,0,0.75,99,False,,
mit__diversity,mit,diversity,,for diversity,0.6977,0.5,0.25,0.25,1,0.1667,71,False,open_closed__open_system,Generic stopword/duplicated-token bigram — weight reduced to 0.25
mit__diversity,mit,diversity,,inclusive culture,0.6964,0.5,,0.5,0,0.5,236,False,,
mit__diversity,mit,diversity,,multicultural,0.6914,1,,1.0,0,1.0,139,True,,
mit__diversity,mit,diversity,,focus diversity,0.6784,0.5,,0.5,1,0.3333,78,False,open_closed__open_system,
mit__diversity,mit,diversity,,good diversity,0.677,0.5,,0.5,1,0.3333,69,False,open_closed__open_system,
mit__diversity,mit,diversity,,with diverse,0.6736,0.5,0.25,0.25,0,0.25,86,False,,Generic stopword/duplicated-token bigram — weight reduced to 0.25
mit__diversity,mit,diversity,,very inclusive,0.672,0.5,0.25,0.25,0,0.25,177,False,,Generic stopword/duplicated-token bigram — weight reduced to 0.25
mit__diversity,mit,diversity,,inclusive work,0.6548,0.5,,0.5,1,0.3333,72,False,open_closed__open_system,
mit__diversity,mit,diversity,,great diversity,0.6463,0.5,,0.5,0,0.5,69,False,,
mit__diversity,mit,diversity,,and inclusive,0.6389,0.5,0.25,0.25,0,0.25,252,False,,Generic stopword/duplicated-token bigram — weight reduced to 0.25
mit__diversity,mit,diversity,,diverse company,0.638,0.5,,0.5,2,0.25,60,False,professional_parochial__parochial; open_closed__open_system,
mit__diversity,mit,diversity,,and diverse,0.6357,0.5,0.25,0.25,0,0.25,208,False,,Generic stopword/duplicated-token bigram — weight reduced to 0.25
mit__diversity,mit,diversity,,diverse workforce,0.6331,0.5,,0.5,0,0.5,90,False,,
mit__diversity,mit,diversity,,and diversity,0.6246,0.5,0.25,0.25,0,0.25,203,False,,Generic stopword/duplicated-token bigram — weight reduced to 0.25
mit__diversity,mit,diversity,,culturally,0.6162,0.5,,0.5,4,0.1667,93,False,open_closed__open_system; open_closed__closed_system; mit__integrity; mit__respect,
mit__diversity,mit,diversity,,minorities,0.6007,0.5,,0.5,0,0.5,153,False,,
mit__diversity,mit,diversity,,commitment diversity,0.5984,0.5,,0.5,0,0.5,50,False,,
mit__diversity,mit,diversity,,cultural,0.5946,0.5,,0.5,3,0.2,466,False,open_closed__open_system; open_closed__closed_system; mit__integrity,
mit__diversity,mit,diversity,,inclusion,0.589,1,,1.0,0,1.0,804,True,,
mit__diversity,mit,diversity,,welcoming and,0.5827,0.5,0.25,0.25,2,0.125,166,False,open_closed__open_system; mit__respect,Generic stopword/duplicated-token bigram — weight reduced to 0.25
mit__diversity,mit,diversity,,perspectives,0.5813,0.5,,0.5,1,0.3333,95,False,open_closed__open_system,
mit__diversity,mit,diversity,,differently,0.5781,0.5,,0.5,0,0.5,118,False,,
mit__diversity,mit,diversity,,differs,0.5761,0.5,,0.5,0,0.5,64,False,,
mit__diversity,mit,diversity,,culture and,0.5743,0.5,0.25,0.25,4,0.0833,6106,False,open_closed__open_system; open_closed__closed_system; mit__integrity; mit__respect,Generic stopword/duplicated-token bigram — weight reduced to 0.25
mit__diversity,mit,diversity,,racial,0.5699,0.5,,0.5,0,0.5,73,False,,
mit__diversity,mit,diversity,,culture some,0.5619,0.5,,0.5,2,0.25,148,False,open_closed__open_system; open_closed__closed_system,
mit__diversity,mit,diversity,,differences,0.5616,0.5,,0.5,0,0.5,114,False,,
mit__diversity,mit,diversity,,inclusion and,0.5614,0.5,0.25,0.25,0,0.25,87,False,,Generic stopword/duplicated-token bigram — weight reduced to 0.25
mit__diversity,mit,diversity,,welcoming,0.5596,1,,1.0,3,0.4,761,True,open_closed__open_system; open_closed__closed_system; mit__respect,
mit__diversity,mit,diversity,,opportunities across,0.5594,0.5,,0.5,1,0.3333,63,False,open_closed__open_system,
mit__diversity,mit,diversity,,culture,0.5504,0.5,,0.5,4,0.1667,46353,False,open_closed__open_system; open_closed__closed_system; mit__integrity; mit__respect,
mit__diversity,mit,diversity,,culture limited,0.5497,0.25,,0.25,0,0.25,65,False,,
mit__diversity,mit,diversity,,respectful and,0.5465,0.25,,0.25,4,0.0833,74,False,open_closed__closed_system; pragmatic_normative__normative; mit__integrity; mit__respect,
mit__diversity,mit,diversity,,opportunities and,0.5417,0.25,,0.25,3,0.1,1022,False,process_results__results_oriented; open_closed__open_system; mit__innovation,
mit__diversity,mit,diversity,,opportunities,0.5395,0.25,,0.25,2,0.125,21214,False,process_results__results_oriented; open_closed__open_system,
mit__diversity,mit,diversity,,diversified,0.5389,0.25,,0.25,1,0.1667,207,False,pragmatic_normative__pragmatic,
mit__diversity,mit,diversity,,welcoming environment,0.5387,0.25,,0.25,1,0.1667,67,False,open_closed__open_system,
mit__diversity,mit,diversity,,restrictions,0.5387,0.25,,0.25,0,0.25,218,False,,
mit__diversity,mit,diversity,,opportunities with,0.5387,0.25,,0.25,1,0.1667,112,False,open_closed__open_system,
mit__diversity,mit,diversity,,culture with,0.5369,0.25,,0.25,1,0.1667,643,False,open_closed__closed_system,
mit__diversity,mit,diversity,,groups,0.5368,0.25,,0.25,2,0.125,1395,False,open_closed__closed_system; mit__collaboration,
mit__diversity,mit,diversity,,apart from,0.5362,0.25,,0.25,2,0.125,266,False,open_closed__closed_system; pragmatic_normative__pragmatic,
mit__diversity,mit,diversity,,the opportunities,0.5344,0.25,,0.25,2,0.125,165,False,process_results__results_oriented; open_closed__open_system,
mit__diversity,mit,diversity,,equally,0.5335,0.25,,0.25,0,0.25,155,False,,
mit__diversity,mit,diversity,,the culture,0.5323,0.25,,0.25,4,0.0833,2227,False,open_closed__open_system; open_closed__closed_system; mit__integrity; mit__respect,
mit__diversity,mit,diversity,,other groups,0.5319,0.25,,0.25,0,0.25,82,False,,
mit__diversity,mit,diversity,,supportive culture,0.5318,0.25,,0.25,1,0.1667,210,False,mit__respect,
mit__diversity,mit,diversity,,community and,0.5309,0.25,,0.25,2,0.125,142,False,open_closed__closed_system; mit__collaboration,
mit__diversity,mit,diversity,,are different,0.5305,0.25,,0.25,0,0.25,66,False,,
mit__diversity,mit,diversity,,respectful,0.5291,0.25,,0.25,4,0.0833,495,False,open_closed__closed_system; pragmatic_normative__normative; mit__integrity; mit__respect,
mit__diversity,mit,diversity,,discriminatory,0.5289,0.25,,0.25,0,0.25,56,False,,
mit__diversity,mit,diversity,,culture more,0.5288,0.25,,0.25,0,0.25,57,False,,
mit__diversity,mit,diversity,,mix,0.5279,0.25,,0.25,0,0.25,193,False,,
mit__diversity,mit,diversity,,culture all,0.5279,0.25,,0.25,1,0.1667,80,False,open_closed__closed_system,
mit__diversity,mit,diversity,,opportunity and,0.5278,0.25,,0.25,1,0.1667,262,False,process_results__results_oriented,
mit__diversity,mit,diversity,,environment and,0.5274,0.25,,0.25,0,0.25,2873,False,,
mit__diversity,mit,diversity,,culture lots,0.5268,0.25,,0.25,0,0.25,221,False,,
mit__diversity,mit,diversity,,color,0.5268,0.25,,0.25,0,0.25,150,False,,
mit__diversity,mit,diversity,,adapting,0.5264,0.25,,0.25,3,0.1,125,False,open_closed__open_system; mit__agility; mit__innovation,
mit__diversity,mit,diversity,,environment,0.5262,0.25,,0.25,0,0.25,30847,False,,
mit__diversity,mit,diversity,,culture many,0.5257,0.25,,0.25,0,0.25,90,False,,
mit__diversity,mit,diversity,,variety,0.5252,0.25,,0.25,0,0.25,694,False,,
mit__diversity,mit,diversity,,culture they,0.5251,0.25,,0.25,1,0.1667,160,False,open_closed__closed_system,
mit__diversity,mit,diversity,,race,0.5249,0.25,,0.25,0,0.25,176,False,,
mit__diversity,mit,diversity,,equality,0.5248,0.25,,0.25,0,0.25,120,False,,
mit__diversity,mit,diversity,,opportunities the,0.5247,0.25,,0.25,2,0.125,326,False,process_results__results_oriented; open_closed__open_system,
mit__diversity,mit,diversity,,and inclusion,0.5244,0.25,,0.25,0,0.25,458,False,,
mit__diversity,mit,diversity,,unique,0.5235,0.25,,0.25,1,0.1667,383,False,mit__innovation,
mit__diversity,mit,diversity,,overall culture,0.5233,0.25,,0.25,0,0.25,102,False,,
mit__diversity,mit,diversity,,the various,0.5233,0.25,,0.25,0,0.25,74,False,,
mit__diversity,mit,diversity,,culture within,0.5229,0.25,,0.25,1,0.1667,110,False,open_closed__open_system,
mit__diversity,mit,diversity,,the different,0.522,0.25,,0.25,0,0.25,141,False,,
mit__diversity,mit,diversity,,situations,0.5218,0.25,,0.25,4,0.0833,249,False,process_results__results_oriented; open_closed__closed_system; pragmatic_normative__pragmatic; pragmatic_normative__normative,
mit__diversity,mit,diversity,,about different,0.5217,0.25,,0.25,0,0.25,65,False,,
mit__diversity,mit,diversity,,freedom and,0.5206,0.25,,0.25,1,0.1667,67,False,tight_loose__loose_control,
mit__diversity,mit,diversity,,from different,0.5203,0.25,,0.25,0,0.25,191,False,,
mit__diversity,mit,diversity,,culture the,0.5198,0.25,,0.25,1,0.1667,894,False,open_closed__closed_system,
mit__diversity,mit,diversity,,isolated,0.5185,0.25,,0.25,1,0.1667,127,False,open_closed__closed_system,
mit__diversity,mit,diversity,,separate,0.5178,0.25,,0.25,0,0.25,119,False,,
mit__diversity,mit,diversity,,culture but,0.5173,0.25,,0.25,1,0.1667,402,False,open_closed__closed_system,
mit__diversity,mit,diversity,,many opportunities,0.5172,0.25,,0.25,1,0.1667,949,False,open_closed__open_system,
mit__diversity,mit,diversity,,around different,0.5169,0.25,,0.25,0,0.25,54,False,,
mit__diversity,mit,diversity,,different than,0.5164,0.25,,0.25,0,0.25,89,False,,
mit__diversity,mit,diversity,,communities,0.5163,0.25,,0.25,1,0.1667,75,False,open_closed__closed_system,
mit__diversity,mit,diversity,,across all,0.516,0.25,,0.25,0,0.25,143,False,,
mit__diversity,mit,diversity,,opportunity,0.5158,0.25,,0.25,1,0.1667,9627,False,process_results__results_oriented,
mit__diversity,mit,diversity,,culture lot,0.5157,0.25,,0.25,0,0.25,134,False,,
mit__diversity,mit,diversity,,different areas,0.5157,0.25,,0.25,0,0.25,221,False,,
mit__diversity,mit,diversity,,particular,0.5143,0.25,,0.25,0,0.25,506,False,,
mit__diversity,mit,diversity,,comparison,0.5136,0.25,,0.25,0,0.25,321,False,,
mit__diversity,mit,diversity,,culture one,0.513,0.25,,0.25,1,0.1667,83,False,open_closed__closed_system,
mit__diversity,mit,diversity,,conflict,0.5129,0.25,,0.25,2,0.125,107,False,open_closed__closed_system; mit__collaboration,
mit__diversity,mit,diversity,,welcoming culture,0.5125,0.25,,0.25,1,0.1667,68,False,open_closed__open_system,
mit__diversity,mit,diversity,,culture open,0.5122,0.25,,0.25,1,0.1667,72,False,open_closed__open_system,
mit__diversity,mit,diversity,,open culture,0.512,0.25,,0.25,1,0.1667,215,False,open_closed__open_system,
mit__diversity,mit,diversity,,confusion,0.5111,0.25,,0.25,1,0.1667,160,False,open_closed__closed_system,
mit__diversity,mit,diversity,,there culture,0.5111,0.25,,0.25,1,0.1667,81,False,open_closed__closed_system,
mit__diversity,mit,diversity,,across multiple,0.511,0.25,,0.25,0,0.25,54,False,,
mit__diversity,mit,diversity,,disparity,0.5109,0.25,,0.25,0,0.25,90,False,,
mit__diversity,mit,diversity,,culture opportunity,0.5108,0.25,,0.25,0,0.25,58,False,,
mit__diversity,mit,diversity,,culture for,0.5099,0.25,,0.25,0,0.25,254,False,,
mit__diversity,mit,diversity,,each,0.5097,0.25,,0.25,0,0.25,2470,False,,
mit__diversity,mit,diversity,,based culture,0.5093,0.25,,0.25,0,0.25,60,False,,
mit__diversity,mit,diversity,,culture bit,0.5088,0.25,,0.25,1,0.1667,62,False,open_closed__closed_system,
mit__diversity,mit,diversity,,transparency and,0.5085,0.25,,0.25,1,0.1667,107,False,mit__integrity,
mit__diversity,mit,diversity,,opportunities within,0.5085,0.25,,0.25,1,0.1667,254,False,open_closed__open_system,
mit__diversity,mit,diversity,,like culture,0.5083,0.25,,0.25,0,0.25,55,False,,
mit__diversity,mit,diversity,,culture overall,0.5074,0.25,,0.25,0,0.25,119,False,,
mit__diversity,mit,diversity,,minority,0.5068,0.25,,0.25,0,0.25,142,False,,
mit__diversity,mit,diversity,,freedom,0.5068,0.25,,0.25,1,0.1667,823,False,tight_loose__loose_control,
mit__diversity,mit,diversity,,few opportunities,0.5062,0.25,,0.25,0,0.25,134,False,,
mit__diversity,mit,diversity,,choosing,0.5061,0.25,,0.25,2,0.125,52,False,open_closed__open_system; open_closed__closed_system,
mit__diversity,mit,diversity,,neutral,0.506,0.25,,0.25,0,0.25,117,False,,
mit__diversity,mit,diversity,,culture friendly,0.5056,0.25,,0.25,0,0.25,206,False,,
mit__diversity,mit,diversity,,restrictive,0.5054,0.25,,0.25,1,0.1667,127,False,open_closed__closed_system,
mit__diversity,mit,diversity,,varies,0.505,0.25,,0.25,0,0.25,424,False,,
mit__diversity,mit,diversity,,independence,0.5048,0.25,,0.25,1,0.1667,231,False,tight_loose__loose_control,
mit__diversity,mit,diversity,,independently,0.5047,0.25,,0.25,1,0.1667,128,False,tight_loose__loose_control,
mit__diversity,mit,diversity,,culture less,0.5046,0.25,,0.25,0,0.25,105,False,,
mit__diversity,mit,diversity,,different from,0.5045,0.25,,0.25,0,0.25,134,False,,
mit__diversity,mit,diversity,,various,0.5042,0.25,,0.25,0,0.25,1026,False,,
mit__diversity,mit,diversity,,unclear,0.5041,0.25,,0.25,1,0.1667,510,False,open_closed__closed_system,
mit__diversity,mit,diversity,,appearance,0.5041,0.25,,0.25,1,0.1667,60,False,mit__integrity,
mit__diversity,mit,diversity,,comparison other,0.5039,0.25,,0.25,0,0.25,95,False,,
mit__diversity,mit,diversity,,multi,0.5038,0.25,,0.25,0,0.25,327,False,,
mit__diversity,mit,diversity,,culture changing,0.5037,0.25,,0.25,1,0.1667,54,False,open_closed__closed_system,
mit__diversity,mit,diversity,,limited and,0.5031,0.25,,0.25,0,0.25,106,False,,
mit__diversity,mit,diversity,,culture supportive,0.5027,0.25,,0.25,1,0.1667,151,False,mit__respect,
mit__diversity,mit,diversity,,culture that,0.5026,0.25,,0.25,1,0.1667,403,False,open_closed__closed_system,
mit__diversity,mit,diversity,,environment some,0.5026,0.25,,0.25,0,0.25,103,False,,
mit__diversity,mit,diversity,,experiences,0.5024,0.25,,0.25,4,0.0833,580,False,open_closed__open_system; open_closed__closed_system; mit__innovation; mit__integrity,
mit__diversity,mit,diversity,,ambiguous,0.5023,0.25,,0.25,0,0.25,71,False,,
mit__diversity,mit,diversity,,design,0.5022,0.25,,0.25,8,0.05,306,False,process_results__process_oriented; open_closed__open_system; open_closed__closed_system; tight_loose__tight_control; tight_loose__loose_control; pragmatic_normative__pragmatic; pragmatic_normative__normative; mit__innovation,
mit__diversity,mit,diversity,,group and,0.502,0.25,,0.25,1,0.1667,148,False,mit__collaboration,
mit__diversity,mit,diversity,,culture work,0.5019,0.25,,0.25,0,0.25,1009,False,,
mit__diversity,mit,diversity,,culture working,0.5018,0.25,,0.25,0,0.25,87,False,,
mit__diversity,mit,diversity,,very specific,0.5005,0.25,,0.25,0,0.25,56,False,,
mit__diversity,mit,diversity,,boundaries,0.5005,0.25,,0.25,1,0.1667,116,False,tight_loose__tight_control,
mit__diversity,mit,diversity,,opportunities for,0.5005,0.25,,0.25,3,0.1,3226,False,process_results__results_oriented; open_closed__open_system; mit__innovation,
mit__diversity,mit,diversity,,experience and,0.5003,0.25,,0.25,3,0.1,1147,False,open_closed__open_system; mit__innovation; mit__integrity,
mit__diversity,mit,diversity,,respect and,0.5002,0.25,,0.25,4,0.0833,146,False,open_closed__closed_system; pragmatic_normative__normative; mit__integrity; mit__respect,
mit__diversity,mit,diversity,,qualified,0.5,0.25,,0.25,3,0.1,469,False,professional_parochial__professional; open_closed__open_system; mit__performance,
mit__diversity,mit,diversity,,restricted,0.4999,0.25,,0.25,0,0.25,151,False,,
mit__diversity,mit,diversity,,opportunities some,0.4997,0.25,,0.25,1,0.1667,65,False,open_closed__open_system,
mit__diversity,mit,diversity,,environment all,0.4996,0.25,,0.25,0,0.25,62,False,,
mit__diversity,mit,diversity,,unqualified,0.4995,0.25,,0.25,2,0.125,105,False,mit__integrity; mit__performance,
mit__diversity,mit,diversity,,with opportunities,0.4995,0.25,,0.25,4,0.0833,161,False,process_results__results_oriented; open_closed__open_system; tight_loose__loose_control; pragmatic_normative__pragmatic,
mit__diversity,mit,diversity,,opportunities limited,0.4993,0.25,,0.25,0,0.25,67,False,,
mit__diversity,mit,diversity,,culture varies,0.4992,0.25,,0.25,0,0.25,51,False,,
mit__diversity,mit,diversity,,apart,0.499,0.25,,0.25,2,0.125,413,False,open_closed__closed_system; mit__collaboration,
mit__diversity,mit,diversity,,differ,0.4988,0.25,,0.25,0,0.25,77,False,,
mit__diversity,mit,diversity,,environment limited,0.4987,0.25,,0.25,0,0.25,64,False,,
mit__diversity,mit,diversity,,culture this,0.4983,0.25,,0.25,1,0.1667,73,False,open_closed__closed_system,
mit__execution,mit,execution,,deliver,0.754,1,,1.0,0,1.0,433,True,,
mit__execution,mit,execution,,execution,0.7472,1,,1.0,2,0.5,249,True,process_results__process_oriented; process_results__results_oriented,
mit__execution,mit,execution,,delivering,0.7242,0.75,,0.75,1,0.5,167,False,process_results__results_oriented,
mit__execution,mit,execution,,executed,0.6656,0.5,,0.5,0,0.5,56,False,,
mit__execution,mit,execution,,delivery,0.6616,1,,1.0,0,1.0,317,True,,
mit__execution,mit,execution,,accomplish,0.6356,0.5,,0.5,1,0.3333,130,False,process_results__results_oriented,
mit__execution,mit,execution,,execute,0.6351,1,,1.0,0,1.0,132,True,,
mit__execution,mit,execution,,operate,0.6285,0.5,,0.5,5,0.1429,188,False,process_results__process_oriented; process_results__results_oriented; job_employee__job_oriented; tight_loose__tight_control; tight_loose__loose_control,
mit__execution,mit,execution,,success,0.6136,0.5,,0.5,3,0.2,1086,False,process_results__results_oriented; mit__innovation; mit__performance,
mit__execution,mit,execution,,perform,0.6104,0.5,,0.5,2,0.25,678,False,process_results__results_oriented; mit__performance,
mit__execution,mit,execution,,operational,0.6034,0.5,,0.5,3,0.2,413,False,process_results__process_oriented; process_results__results_oriented; tight_loose__tight_control,
mit__execution,mit,execution,,achieving,0.6013,0.5,,0.5,5,0.1429,125,False,process_results__results_oriented; open_closed__open_system; pragmatic_normative__normative; mit__innovation; mit__performance,
mit__execution,mit,execution,,accountability,0.6009,1,,1.0,6,0.25,504,True,process_results__results_oriented; tight_loose__tight_control; pragmatic_normative__normative; mit__integrity; mit__performance; mit__respect,
mit__execution,mit,execution,,performed,0.597,0.5,,0.5,0,0.5,109,False,,
mit__execution,mit,execution,,achieve,0.5967,0.5,,0.5,7,0.1111,494,False,process_results__results_oriented; open_closed__open_system; tight_loose__loose_control; pragmatic_normative__pragmatic; mit__agility; mit__innovation; mit__performance,
mit__execution,mit,execution,,things done,0.5955,0.5,,0.5,1,0.3333,621,False,process_results__results_oriented,
mit__execution,mit,execution,,operates,0.5949,0.5,,0.5,0,0.5,160,False,,
mit__execution,mit,execution,,perform the,0.5935,0.5,0.25,0.25,1,0.1667,57,False,process_results__results_oriented,Generic stopword/duplicated-token bigram — weight reduced to 0.25
mit__execution,mit,execution,,task,0.5903,0.5,,0.5,3,0.2,467,False,process_results__process_oriented; process_results__results_oriented; job_employee__job_oriented,
mit__execution,mit,execution,,success and,0.5903,0.5,0.25,0.25,3,0.1,81,False,process_results__results_oriented; mit__innovation; mit__performance,Generic stopword/duplicated-token bigram — weight reduced to 0.25
mit__execution,mit,execution,,gets done,0.587,0.5,,0.5,0,0.5,52,False,,
mit__execution,mit,execution,,responsibilities and,0.5863,0.5,0.25,0.25,7,0.0556,105,False,process_results__process_oriented; process_results__results_oriented; tight_loose__tight_control; tight_loose__loose_control; pragmatic_normative__normative; mit__performance; mit__respect,Generic stopword/duplicated-token bigram — weight reduced to 0.25
mit__execution,mit,execution,,being done,0.5844,0.5,0.25,0.25,0,0.25,82,False,,Generic stopword/duplicated-token bigram — weight reduced to 0.25
mit__execution,mit,execution,,the task,0.5837,0.5,0.25,0.25,4,0.0833,51,False,process_results__process_oriented; process_results__results_oriented; job_employee__job_oriented; mit__innovation,Generic stopword/duplicated-token bigram — weight reduced to 0.25
mit__execution,mit,execution,,accountability for,0.5824,0.5,0.25,0.25,5,0.0714,66,False,process_results__results_oriented; pragmatic_normative__normative; mit__integrity; mit__performance; mit__respect,Generic stopword/duplicated-token bigram — weight reduced to 0.25
mit__execution,mit,execution,,operation,0.5819,0.5,,0.5,1,0.3333,391,False,process_results__process_oriented,
mit__execution,mit,execution,,tasks,0.5808,0.5,,0.5,4,0.1667,1982,False,process_results__process_oriented; process_results__results_oriented; job_employee__job_oriented; tight_loose__tight_control,
mit__execution,mit,execution,,work through,0.5803,0.5,,0.5,3,0.2,67,False,process_results__process_oriented; job_employee__job_oriented; mit__collaboration,
mit__execution,mit,execution,,succeed and,0.5796,0.5,0.25,0.25,1,0.1667,108,False,process_results__results_oriented,Generic stopword/duplicated-token bigram — weight reduced to 0.25
mit__execution,mit,execution,,the operations,0.5793,0.5,0.25,0.25,3,0.1,132,False,process_results__process_oriented; process_results__results_oriented; tight_loose__tight_control,Generic stopword/duplicated-token bigram — weight reduced to 0.25
mit__execution,mit,execution,,you perform,0.5789,0.5,0.25,0.25,0,0.25,136,False,,Generic stopword/duplicated-token bigram — weight reduced to 0.25
mit__execution,mit,execution,,the tasks,0.5789,0.5,0.25,0.25,4,0.0833,93,False,process_results__process_oriented; process_results__results_oriented; job_employee__job_oriented; tight_loose__tight_control,Generic stopword/duplicated-token bigram — weight reduced to 0.25
mit__execution,mit,execution,,responsibilities,0.5752,0.5,,0.5,3,0.2,1100,False,process_results__results_oriented; pragmatic_normative__normative; mit__respect,
mit__execution,mit,execution,,doing something,0.5718,0.5,,0.5,1,0.3333,55,False,process_results__results_oriented,
mit__execution,mit,execution,,the success,0.5717,0.5,0.25,0.25,3,0.1,54,False,process_results__results_oriented; mit__innovation; mit__performance,Generic stopword/duplicated-token bigram — weight reduced to 0.25
mit__execution,mit,execution,,deliverables,0.5715,0.5,,0.5,0,0.5,158,False,,
mit__execution,mit,execution,,prepared work,0.5713,0.5,,0.5,2,0.25,117,False,process_results__process_oriented; job_employee__job_oriented,
mit__execution,mit,execution,,operating,0.5705,0.5,,0.5,1,0.3333,206,False,process_results__process_oriented,
mit__execution,mit,execution,,tasks and,0.5695,0.5,0.25,0.25,4,0.0833,158,False,process_results__process_oriented; process_results__results_oriented; job_employee__job_oriented; tight_loose__tight_control,Generic stopword/duplicated-token bigram — weight reduced to 0.25
mit__execution,mit,execution,,duties,0.5663,0.5,,0.5,1,0.3333,273,False,tight_loose__tight_control,
mit__execution,mit,execution,,process and,0.5633,0.5,0.25,0.25,1,0.1667,332,False,process_results__process_oriented,Generic stopword/duplicated-token bigram — weight reduced to 0.25
mit__execution,mit,execution,,outcomes,0.5626,0.5,,0.5,1,0.3333,93,False,process_results__results_oriented,
mit__execution,mit,execution,,action,0.5622,0.5,,0.5,3,0.2,366,False,process_results__process_oriented; process_results__results_oriented; tight_loose__tight_control,
mit__execution,mit,execution,,success the,0.5617,0.5,0.25,0.25,1,0.1667,86,False,process_results__results_oriented,Generic stopword/duplicated-token bigram — weight reduced to 0.25
mit__execution,mit,execution,,achieved,0.5608,0.5,,0.5,4,0.1667,94,False,process_results__results_oriented; mit__agility; mit__innovation; mit__performance,
mit__execution,mit,execution,,getting work,0.5604,0.5,,0.5,1,0.3333,51,False,job_employee__job_oriented,
mit__execution,mit,execution,,responsibility and,0.5596,0.5,0.25,0.25,7,0.0556,175,False,process_results__process_oriented; process_results__results_oriented; tight_loose__tight_control; tight_loose__loose_control; pragmatic_normative__normative; mit__integrity; mit__respect,Generic stopword/duplicated-token bigram — weight reduced to 0.25
mit__execution,mit,execution,,delivered,0.5594,0.5,,0.5,0,0.5,100,False,,
mit__execution,mit,execution,,progress and,0.5593,0.5,0.25,0.25,3,0.1,121,False,process_results__process_oriented; process_results__results_oriented; mit__innovation,Generic stopword/duplicated-token bigram — weight reduced to 0.25
mit__execution,mit,execution,,procedures and,0.5591,0.5,0.25,0.25,1,0.1667,59,False,process_results__process_oriented,Generic stopword/duplicated-token bigram — weight reduced to 0.25
mit__execution,mit,execution,,succeed,0.5589,0.5,,0.5,1,0.3333,1037,False,process_results__results_oriented,
mit__execution,mit,execution,,functioning,0.5572,0.5,,0.5,3,0.2,54,False,process_results__results_oriented; tight_loose__loose_control; pragmatic_normative__normative,
mit__execution,mit,execution,,process good,0.5541,0.5,,0.5,1,0.3333,125,False,process_results__process_oriented,
mit__execution,mit,execution,,perform well,0.552,0.5,,0.5,2,0.25,122,False,process_results__results_oriented; mit__performance,
mit__execution,mit,execution,,act,0.5512,0.5,,0.5,0,0.5,348,False,,
mit__execution,mit,execution,,operations,0.5509,0.5,,0.5,2,0.25,2883,False,process_results__process_oriented; tight_loose__tight_control,
mit__execution,mit,execution,,procedures,0.55,0.5,,0.5,1,0.3333,527,False,process_results__process_oriented,
mit__execution,mit,execution,,for success,0.55,0.25,,0.25,1,0.1667,155,False,process_results__results_oriented,
mit__execution,mit,execution,,the job,0.5474,0.25,,0.25,1,0.1667,2943,False,job_employee__job_oriented,
mit__execution,mit,execution,,fulfilling,0.5461,0.25,,0.25,2,0.125,199,False,process_results__results_oriented; pragmatic_normative__normative,
mit__execution,mit,execution,,urgency,0.5452,0.25,,0.25,1,0.1667,70,False,mit__agility,
mit__execution,mit,execution,,handling,0.5443,0.25,,0.25,4,0.0833,201,False,process_results__process_oriented; tight_loose__tight_control; pragmatic_normative__normative; mit__respect,
mit__execution,mit,execution,,progressing,0.5425,0.25,,0.25,2,0.125,81,False,process_results__results_oriented; mit__agility,
mit__execution,mit,execution,,and process,0.5414,0.25,,0.25,1,0.1667,159,False,process_results__process_oriented,
mit__execution,mit,execution,,production,0.5401,0.25,,0.25,5,0.0714,456,False,process_results__process_oriented; process_results__results_oriented; pragmatic_normative__pragmatic; mit__innovation; mit__performance,
mit__execution,mit,execution,,job and,0.5394,0.25,,0.25,4,0.0833,780,False,process_results__results_oriented; job_employee__job_oriented; job_employee__employee_oriented; tight_loose__loose_control,
mit__execution,mit,execution,,operations and,0.5394,0.25,,0.25,2,0.125,103,False,process_results__process_oriented; tight_loose__tight_control,
mit__execution,mit,execution,,ambition,0.5389,0.25,,0.25,2,0.125,201,False,process_results__results_oriented; tight_loose__loose_control,
mit__execution,mit,execution,,more responsibilities,0.5386,0.25,,0.25,0,0.25,69,False,,
mit__execution,mit,execution,,procedure,0.5372,0.25,,0.25,1,0.1667,114,False,process_results__process_oriented,
mit__execution,mit,execution,,responsibility,0.5367,0.25,,0.25,5,0.0714,1394,False,process_results__results_oriented; tight_loose__loose_control; pragmatic_normative__normative; mit__integrity; mit__respect,
mit__execution,mit,execution,,job for,0.5365,0.25,,0.25,1,0.1667,496,False,process_results__results_oriented,
mit__execution,mit,execution,,into work,0.5362,0.25,,0.25,1,0.1667,73,False,job_employee__job_oriented,
mit__execution,mit,execution,,finish,0.536,0.25,,0.25,0,0.25,247,False,,
mit__execution,mit,execution,,expects,0.5359,0.25,,0.25,0,0.25,180,False,,
mit__execution,mit,execution,,tasks that,0.5356,0.25,,0.25,4,0.0833,83,False,process_results__process_oriented; process_results__results_oriented; job_employee__job_oriented; mit__innovation,
mit__execution,mit,execution,,accountable,0.5356,0.25,,0.25,3,0.1,147,False,pragmatic_normative__normative; mit__integrity; mit__performance,
mit__execution,mit,execution,,your success,0.5352,0.25,,0.25,1,0.1667,145,False,process_results__results_oriented,
mit__execution,mit,execution,,job work,0.5341,0.25,,0.25,3,0.1,108,False,process_results__results_oriented; job_employee__job_oriented; job_employee__employee_oriented,
mit__execution,mit,execution,,management and,0.5323,0.25,,0.25,7,0.0556,2249,False,process_results__process_oriented; process_results__results_oriented; professional_parochial__professional; tight_loose__tight_control; tight_loose__loose_control; pragmatic_normative__normative; mit__performance,
mit__execution,mit,execution,,planned,0.532,0.25,,0.25,0,0.25,187,False,,
mit__execution,mit,execution,,jobs the,0.5306,0.25,,0.25,2,0.125,134,False,process_results__results_oriented; job_employee__job_oriented,
mit__execution,mit,execution,,work closely,0.5294,0.25,,0.25,1,0.1667,53,False,job_employee__job_oriented,
mit__execution,mit,execution,,coming work,0.5293,0.25,,0.25,0,0.25,55,False,,
mit__execution,mit,execution,,get done,0.5291,0.25,,0.25,0,0.25,154,False,,
mit__execution,mit,execution,,with management,0.5287,0.25,,0.25,4,0.0833,412,False,process_results__process_oriented; process_results__results_oriented; tight_loose__tight_control; tight_loose__loose_control,
mit__execution,mit,execution,,approval,0.5275,0.25,,0.25,2,0.125,274,False,process_results__process_oriented; tight_loose__tight_control,
mit__execution,mit,execution,,completion,0.5274,0.25,,0.25,0,0.25,73,False,,
mit__execution,mit,execution,,planning and,0.5272,0.25,,0.25,3,0.1,120,False,process_results__process_oriented; process_results__results_oriented; tight_loose__tight_control,
mit__execution,mit,execution,,for operations,0.5265,0.25,,0.25,0,0.25,58,False,,
mit__execution,mit,execution,,evaluation,0.5258,0.25,,0.25,4,0.0833,157,False,process_results__process_oriented; process_results__results_oriented; pragmatic_normative__normative; mit__performance,
mit__execution,mit,execution,,job with,0.5254,0.25,,0.25,0,0.25,339,False,,
mit__execution,mit,execution,,job,0.5243,0.25,,0.25,3,0.1,20885,False,process_results__results_oriented; job_employee__job_oriented; mit__integrity,
mit__execution,mit,execution,,successful,0.5239,0.25,,0.25,2,0.125,830,False,process_results__results_oriented; mit__innovation,
mit__execution,mit,execution,,the performance,0.5237,0.25,,0.25,4,0.0833,99,False,process_results__results_oriented; pragmatic_normative__pragmatic; mit__agility; mit__performance,
mit__execution,mit,execution,,the working,0.5237,0.25,,0.25,1,0.1667,323,False,job_employee__job_oriented,
mit__execution,mit,execution,,service and,0.5235,0.25,,0.25,3,0.1,204,False,process_results__process_oriented; pragmatic_normative__normative; mit__customer_orientation,
mit__execution,mit,execution,,pushing,0.5232,0.25,,0.25,0,0.25,365,False,,
mit__execution,mit,execution,,with work,0.523,0.25,,0.25,1,0.1667,643,False,job_employee__job_oriented,
mit__execution,mit,execution,,promises,0.5228,0.25,,0.25,0,0.25,340,False,,
mit__execution,mit,execution,,accomplished,0.5224,0.25,,0.25,0,0.25,113,False,,
mit__execution,mit,execution,,working with,0.5224,0.25,,0.25,4,0.0833,1731,False,process_results__process_oriented; job_employee__job_oriented; open_closed__closed_system; mit__collaboration,
mit__execution,mit,execution,,productive,0.522,0.25,,0.25,4,0.0833,303,False,process_results__results_oriented; job_employee__job_oriented; pragmatic_normative__pragmatic; mit__innovation,
mit__execution,mit,execution,,expectations and,0.5219,0.25,,0.25,1,0.1667,183,False,process_results__results_oriented,
mit__execution,mit,execution,,accountable for,0.5216,0.25,,0.25,0,0.25,50,False,,
mit__execution,mit,execution,,performance the,0.521,0.25,,0.25,4,0.0833,92,False,process_results__results_oriented; pragmatic_normative__pragmatic; mit__agility; mit__performance,
mit__execution,mit,execution,,leadership,0.5205,0.25,,0.25,5,0.0714,6819,False,process_results__results_oriented; tight_loose__tight_control; tight_loose__loose_control; mit__collaboration; mit__performance,
mit__execution,mit,execution,,with working,0.5196,0.25,,0.25,1,0.1667,164,False,job_employee__job_oriented,
mit__execution,mit,execution,,doing work,0.5194,0.25,,0.25,2,0.125,57,False,job_employee__job_oriented; job_employee__employee_oriented,
mit__execution,mit,execution,,expect work,0.5192,0.25,,0.25,0,0.25,145,False,,
mit__execution,mit,execution,,out work,0.519,0.25,,0.25,1,0.1667,62,False,job_employee__job_oriented,
mit__execution,mit,execution,,service,0.5189,0.25,,0.25,1,0.1667,3642,False,mit__customer_orientation,
mit__execution,mit,execution,,process great,0.5186,0.25,,0.25,0,0.25,96,False,,
mit__execution,mit,execution,,decisions and,0.5183,0.25,,0.25,8,0.05,134,False,process_results__process_oriented; process_results__results_oriented; open_closed__closed_system; tight_loose__tight_control; tight_loose__loose_control; pragmatic_normative__pragmatic; pragmatic_normative__normative; mit__integrity,
mit__execution,mit,execution,,this job,0.5181,0.25,,0.25,0,0.25,718,False,,
mit__execution,mit,execution,,completing,0.5179,0.25,,0.25,0,0.25,92,False,,
mit__execution,mit,execution,,firing,0.5173,0.25,,0.25,0,0.25,227,False,,
mit__execution,mit,execution,,the processes,0.5173,0.25,,0.25,1,0.1667,132,False,process_results__process_oriented,
mit__execution,mit,execution,,with leadership,0.5169,0.25,,0.25,2,0.125,53,False,process_results__results_oriented; tight_loose__loose_control,
mit__execution,mit,execution,,prepared,0.5164,0.25,,0.25,0,0.25,738,False,,
mit__execution,mit,execution,,for improvement,0.5164,0.25,,0.25,2,0.125,267,False,process_results__results_oriented; mit__performance,
mit__execution,mit,execution,,dealing,0.5161,0.25,,0.25,3,0.1,410,False,open_closed__closed_system; pragmatic_normative__normative; mit__respect,
mit__execution,mit,execution,,leadership and,0.5161,0.25,,0.25,6,0.0625,510,False,process_results__results_oriented; tight_loose__tight_control; tight_loose__loose_control; pragmatic_normative__normative; mit__collaboration; mit__performance,
mit__execution,mit,execution,,the service,0.5156,0.25,,0.25,1,0.1667,114,False,mit__customer_orientation,
mit__execution,mit,execution,,achievement,0.515,0.25,,0.25,3,0.1,54,False,process_results__results_oriented; mit__innovation; mit__performance,
mit__execution,mit,execution,,producing,0.5146,0.25,,0.25,0,0.25,109,False,,
mit__execution,mit,execution,,advancing,0.5144,0.25,,0.25,3,0.1,147,False,process_results__results_oriented; tight_loose__loose_control; mit__agility,
mit__execution,mit,execution,,job done,0.5144,0.25,,0.25,0,0.25,190,False,,
mit__execution,mit,execution,,improvement and,0.5141,0.25,,0.25,3,0.1,56,False,process_results__results_oriented; mit__innovation; mit__performance,
mit__execution,mit,execution,,processes for,0.514,0.25,,0.25,1,0.1667,51,False,process_results__process_oriented,
mit__execution,mit,execution,,employment,0.5139,0.25,,0.25,3,0.1,916,False,job_employee__job_oriented; job_employee__employee_oriented; tight_loose__loose_control,
mit__execution,mit,execution,,responsible,0.5139,0.25,,0.25,4,0.0833,300,False,tight_loose__loose_control; pragmatic_normative__normative; mit__integrity; mit__respect,
mit__execution,mit,execution,,approvals,0.5131,0.25,,0.25,2,0.125,184,False,process_results__process_oriented; tight_loose__tight_control,
mit__execution,mit,execution,,performing,0.5129,0.25,,0.25,1,0.1667,454,False,mit__performance,
mit__execution,mit,execution,,submit,0.5129,0.25,,0.25,0,0.25,62,False,,
mit__execution,mit,execution,,doing things,0.5129,0.25,,0.25,0,0.25,131,False,,
mit__execution,mit,execution,,prepared for,0.5127,0.25,,0.25,0,0.25,165,False,,
mit__execution,mit,execution,,performance and,0.5127,0.25,,0.25,4,0.0833,233,False,process_results__results_oriented; pragmatic_normative__pragmatic; mit__agility; mit__performance,
mit__execution,mit,execution,,exec,0.5125,0.25,,0.25,0,0.25,67,False,,
mit__execution,mit,execution,,effectively,0.5123,0.25,,0.25,4,0.0833,247,False,process_results__results_oriented; pragmatic_normative__pragmatic; mit__agility; mit__integrity,
mit__execution,mit,execution,,ensuring,0.5122,0.25,,0.25,4,0.0833,97,False,process_results__process_oriented; tight_loose__tight_control; pragmatic_normative__normative; mit__respect,
mit__execution,mit,execution,,promising,0.512,0.25,,0.25,4,0.0833,96,False,process_results__results_oriented; open_closed__open_system; pragmatic_normative__pragmatic; mit__innovation,
mit__execution,mit,execution,,handled,0.5119,0.25,,0.25,2,0.125,161,False,tight_loose__tight_control; mit__respect,
mit__execution,mit,execution,,management,0.5113,0.25,,0.25,5,0.0714,38993,False,process_results__process_oriented; process_results__results_oriented; tight_loose__tight_control; tight_loose__loose_control; mit__performance,
mit__execution,mit,execution,,results,0.5111,0.25,,0.25,1,0.1667,815,False,process_results__results_oriented,
mit__execution,mit,execution,,tasks good,0.5111,0.25,,0.25,2,0.125,57,False,process_results__results_oriented; job_employee__job_oriented,
mit__execution,mit,execution,,expects you,0.5111,0.25,,0.25,0,0.25,55,False,,
mit__execution,mit,execution,,bureaucracy and,0.5107,0.25,,0.25,4,0.0833,326,False,process_results__process_oriented; tight_loose__tight_control; tight_loose__loose_control; pragmatic_normative__normative,
mit__execution,mit,execution,,the work,0.5103,0.25,,0.25,1,0.1667,4660,False,job_employee__job_oriented,
mit__execution,mit,execution,,satisfaction,0.51,0.25,,0.25,6,0.0625,483,False,process_results__results_oriented; pragmatic_normative__normative; mit__customer_orientation; mit__integrity; mit__performance; mit__respect,
mit__execution,mit,execution,,passing,0.5097,0.25,,0.25,0,0.25,114,False,,
mit__execution,mit,execution,,company doing,0.5092,0.25,,0.25,3,0.1,61,False,job_employee__employee_oriented; professional_parochial__parochial; mit__customer_orientation,
mit__execution,mit,execution,,your management,0.5091,0.25,,0.25,4,0.0833,57,False,process_results__process_oriented; process_results__results_oriented; tight_loose__tight_control; tight_loose__loose_control,
mit__execution,mit,execution,,communicated,0.5089,0.25,,0.25,4,0.0833,129,False,process_results__process_oriented; tight_loose__tight_control; mit__collaboration; mit__integrity,
mit__execution,mit,execution,,jobs for,0.5088,0.25,,0.25,0,0.25,54,False,,
mit__execution,mit,execution,,the expectations,0.5079,0.25,,0.25,1,0.1667,84,False,process_results__results_oriented,
mit__execution,mit,execution,,for excellence,0.5078,0.25,,0.25,1,0.1667,50,False,mit__performance,
mit__execution,mit,execution,,efforts,0.5076,0.25,,0.25,1,0.1667,567,False,process_results__results_oriented,
mit__execution,mit,execution,,follow through,0.5076,1,,1.0,0,1.0,71,True,,
mit__execution,mit,execution,,working,0.507,0.25,,0.25,1,0.1667,27065,False,job_employee__job_oriented,
mit__execution,mit,execution,,push,0.5068,0.25,,0.25,0,0.25,880,False,,
mit__execution,mit,execution,,bureaucracy,0.5066,0.25,,0.25,3,0.1,2306,False,process_results__process_oriented; tight_loose__tight_control; tight_loose__loose_control,
mit__execution,mit,execution,,commit,0.5062,0.25,,0.25,0,0.25,59,False,,
mit__execution,mit,execution,,make work,0.5057,0.25,,0.25,2,0.125,101,False,job_employee__job_oriented; job_employee__employee_oriented,
mit__execution,mit,execution,,working the,0.5053,0.25,,0.25,1,0.1667,516,False,job_employee__job_oriented,
mit__execution,mit,execution,,succeed you,0.5053,0.25,,0.25,0,0.25,54,False,,
mit__execution,mit,execution,,responsibility for,0.5051,0.25,,0.25,2,0.125,60,False,pragmatic_normative__normative; mit__respect,
mit__execution,mit,execution,,hectic work,0.5046,0.25,,0.25,2,0.125,150,False,process_results__process_oriented; job_employee__job_oriented,
mit__execution,mit,execution,,more responsibility,0.5043,0.25,,0.25,2,0.125,116,False,pragmatic_normative__normative; mit__respect,
mit__execution,mit,execution,,follows,0.5041,0.25,,0.25,2,0.125,97,False,process_results__process_oriented; tight_loose__tight_control,
mit__execution,mit,execution,,succeed the,0.5039,0.25,,0.25,0,0.25,56,False,,
mit__execution,mit,execution,,from leadership,0.5038,0.25,,0.25,3,0.1,107,False,process_results__results_oriented; tight_loose__loose_control; mit__performance,
mit__execution,mit,execution,,evaluations,0.5032,0.25,,0.25,3,0.1,64,False,process_results__process_oriented; process_results__results_oriented; mit__performance,
mit__execution,mit,execution,,take responsibility,0.5032,0.25,,0.25,2,0.125,58,False,pragmatic_normative__normative; mit__respect,
mit__execution,mit,execution,,for management,0.5031,0.25,,0.25,2,0.125,157,False,process_results__results_oriented; tight_loose__tight_control,
mit__execution,mit,execution,,plans and,0.503,0.25,,0.25,1,0.1667,77,False,process_results__results_oriented,
mit__execution,mit,execution,,job after,0.5027,0.25,,0.25,0,0.25,71,False,,
mit__execution,mit,execution,,performance,0.5027,0.25,,0.25,4,0.0833,4040,False,process_results__results_oriented; pragmatic_normative__pragmatic; mit__agility; mit__performance,
mit__execution,mit,execution,,making decisions,0.5024,0.25,,0.25,3,0.1,69,False,process_results__process_oriented; process_results__results_oriented; pragmatic_normative__normative,
mit__execution,mit,execution,,next job,0.5024,0.25,,0.25,0,0.25,66,False,,
mit__execution,mit,execution,,expectations,0.5019,0.25,,0.25,0,0.25,2067,False,,
mit__execution,mit,execution,,dealing with,0.5019,0.25,,0.25,4,0.0833,383,False,open_closed__closed_system; pragmatic_normative__normative; mit__integrity; mit__respect,
mit__execution,mit,execution,,advancement you,0.5017,0.25,,0.25,2,0.125,99,False,process_results__results_oriented; mit__innovation,
mit__execution,mit,execution,,leadership with,0.5017,0.25,,0.25,4,0.0833,50,False,tight_loose__tight_control; tight_loose__loose_control; mit__collaboration; mit__performance,
mit__execution,mit,execution,,improvement,0.5014,0.25,,0.25,3,0.1,1053,False,process_results__results_oriented; mit__innovation; mit__performance,
mit__execution,mit,execution,,cutting and,0.5012,0.25,,0.25,0,0.25,70,False,,
mit__execution,mit,execution,,excellence,0.5009,0.25,,0.25,1,0.1667,399,False,mit__performance,
mit__execution,mit,execution,,service the,0.5008,0.25,,0.25,1,0.1667,65,False,mit__customer_orientation,
mit__execution,mit,execution,,servicing,0.5006,0.25,,0.25,1,0.1667,215,False,mit__customer_orientation,
mit__execution,mit,execution,,your performance,0.5005,0.25,,0.25,3,0.1,251,False,process_results__results_oriented; mit__agility; mit__performance,
mit__execution,mit,execution,,expectations for,0.5004,0.25,,0.25,1,0.1667,113,False,process_results__results_oriented,
mit__innovation,mit,innovation,,innovative,0.8012,1,,1.0,2,0.5,963,True,open_closed__open_system; pragmatic_normative__pragmatic,
mit__innovation,mit,innovation,,innovation,0.7968,1,,1.0,2,0.5,1407,True,open_closed__open_system; pragmatic_normative__pragmatic,
mit__innovation,mit,innovation,,innovative and,0.7746,0.75,0.25,0.25,2,0.125,90,False,open_closed__open_system; pragmatic_normative__pragmatic,Generic stopword/duplicated-token bigram — weight reduced to 0.25
mit__innovation,mit,innovation,,innovative ideas,0.7607,0.75,,0.75,1,0.5,56,False,open_closed__open_system,
mit__innovation,mit,innovation,,creativity,0.7303,1,,1.0,2,0.5,323,True,open_closed__open_system; pragmatic_normative__pragmatic,
mit__innovation,mit,innovation,,innovation and,0.7278,0.75,0.25,0.25,1,0.1667,248,False,open_closed__open_system,Generic stopword/duplicated-token bigram — weight reduced to 0.25
mit__innovation,mit,innovation,,new ideas,0.7132,1,,1.0,1,0.6667,343,True,open_closed__open_system,
mit__innovation,mit,innovation,,creativity and,0.7092,0.75,0.25,0.25,3,0.1,64,False,process_results__results_oriented; open_closed__open_system; pragmatic_normative__pragmatic,Generic stopword/duplicated-token bigram — weight reduced to 0.25
mit__innovation,mit,innovation,,innovate,0.6988,0.5,,0.5,1,0.3333,229,False,open_closed__open_system,
mit__innovation,mit,innovation,,creative,0.6933,1,,1.0,1,0.6667,359,True,open_closed__open_system,
mit__innovation,mit,innovation,,innovations,0.6779,0.5,,0.5,0,0.5,73,False,,
mit__innovation,mit,innovation,,very innovative,0.6773,0.5,0.25,0.25,0,0.25,60,False,,Generic stopword/duplicated-token bigram — weight reduced to 0.25
mit__innovation,mit,innovation,,for innovation,0.6703,0.5,0.25,0.25,3,0.1,112,False,open_closed__open_system; pragmatic_normative__pragmatic; pragmatic_normative__normative,Generic stopword/duplicated-token bigram — weight reduced to 0.25
mit__innovation,mit,innovation,,new projects,0.6596,0.5,,0.5,1,0.3333,93,False,open_closed__open_system,
mit__innovation,mit,innovation,,ideas and,0.6578,0.5,0.25,0.25,1,0.1667,232,False,open_closed__open_system,Generic stopword/duplicated-token bigram — weight reduced to 0.25
mit__innovation,mit,innovation,,ideas,0.6527,0.5,,0.5,1,0.3333,1295,False,open_closed__open_system,
mit__innovation,mit,innovation,,and innovative,0.6473,0.5,0.25,0.25,0,0.25,107,False,,Generic stopword/duplicated-token bigram — weight reduced to 0.25
mit__innovation,mit,innovation,,new products,0.6272,1,,1.0,0,1.0,61,True,,
mit__innovation,mit,innovation,,technological,0.6244,0.5,,0.5,3,0.2,154,False,process_results__process_oriented; professional_parochial__professional; pragmatic_normative__pragmatic,
mit__innovation,mit,innovation,,and innovation,0.6173,0.5,0.25,0.25,0,0.25,184,False,,Generic stopword/duplicated-token bigram — weight reduced to 0.25
mit__innovation,mit,innovation,,exciting projects,0.617,0.5,,0.5,0,0.5,68,False,,
mit__innovation,mit,innovation,,promising,0.6167,0.5,,0.5,4,0.1667,96,False,process_results__results_oriented; open_closed__open_system; pragmatic_normative__pragmatic; mit__execution,
mit__innovation,mit,innovation,,design,0.6078,0.5,,0.5,8,0.1,306,False,process_results__process_oriented; open_closed__open_system; open_closed__closed_system; tight_loose__tight_control; tight_loose__loose_control; pragmatic_normative__pragmatic; pragmatic_normative__normative; mit__diversity,
mit__innovation,mit,innovation,,advancement the,0.6076,0.5,0.25,0.25,2,0.125,121,False,process_results__results_oriented; open_closed__open_system,Generic stopword/duplicated-token bigram — weight reduced to 0.25
mit__innovation,mit,innovation,,develop,0.6074,0.5,,0.5,1,0.3333,1396,False,open_closed__open_system,
mit__innovation,mit,innovation,,achieve,0.604,0.5,,0.5,7,0.1111,494,False,process_results__results_oriented; open_closed__open_system; tight_loose__loose_control; pragmatic_normative__pragmatic; mit__agility; mit__execution; mit__performance,
mit__innovation,mit,innovation,,projects,0.6011,0.5,,0.5,1,0.3333,4645,False,open_closed__open_system,
mit__innovation,mit,innovation,,products,0.5988,0.5,,0.5,3,0.2,1948,False,process_results__process_oriented; pragmatic_normative__pragmatic; mit__customer_orientation,
mit__innovation,mit,innovation,,developed,0.5947,0.5,,0.5,0,0.5,259,False,,
mit__innovation,mit,innovation,,technology that,0.5913,0.5,0.25,0.25,0,0.25,57,False,,Generic stopword/duplicated-token bigram — weight reduced to 0.25
mit__innovation,mit,innovation,,development,0.591,0.5,,0.5,3,0.2,6486,False,process_results__process_oriented; process_results__results_oriented; tight_loose__loose_control,
mit__innovation,mit,innovation,,technology,0.5899,0.5,,0.5,5,0.1429,8325,False,process_results__process_oriented; tight_loose__tight_control; tight_loose__loose_control; pragmatic_normative__pragmatic; pragmatic_normative__normative,
mit__innovation,mit,innovation,,new things,0.5884,0.5,,0.5,0,0.5,497,False,,
mit__innovation,mit,innovation,,new opportunities,0.5877,0.5,,0.5,1,0.3333,117,False,open_closed__open_system,
mit__innovation,mit,innovation,,the technology,0.5875,0.5,0.25,0.25,2,0.125,484,False,process_results__process_oriented; pragmatic_normative__pragmatic,Generic stopword/duplicated-token bigram — weight reduced to 0.25
mit__innovation,mit,innovation,,ideas are,0.5869,0.5,0.25,0.25,0,0.25,96,False,,Generic stopword/duplicated-token bigram — weight reduced to 0.25
mit__innovation,mit,innovation,,achieving,0.5861,0.5,,0.5,5,0.1429,125,False,process_results__results_oriented; open_closed__open_system; pragmatic_normative__normative; mit__execution; mit__performance,
mit__innovation,mit,innovation,,advancement,0.5859,0.5,,0.5,2,0.25,4098,False,process_results__results_oriented; mit__performance,
mit__innovation,mit,innovation,,emerging,0.5854,0.5,,0.5,2,0.25,85,False,open_closed__open_system; open_closed__closed_system,
mit__innovation,mit,innovation,,projects and,0.5841,0.5,0.25,0.25,1,0.1667,449,False,open_closed__open_system,Generic stopword/duplicated-token bigram — weight reduced to 0.25
mit__innovation,mit,innovation,,new business,0.5839,0.5,,0.5,1,0.3333,136,False,mit__customer_orientation,
mit__innovation,mit,innovation,,the development,0.5835,0.5,0.25,0.25,0,0.25,88,False,,Generic stopword/duplicated-token bigram — weight reduced to 0.25
mit__innovation,mit,innovation,,development the,0.5827,0.5,0.25,0.25,0,0.25,130,False,,Generic stopword/duplicated-token bigram — weight reduced to 0.25
mit__innovation,mit,innovation,,achieved,0.5827,0.5,,0.5,4,0.1667,94,False,process_results__results_oriented; mit__agility; mit__execution; mit__performance,
mit__innovation,mit,innovation,,advancement and,0.5821,0.5,0.25,0.25,2,0.125,248,False,process_results__results_oriented; mit__performance,Generic stopword/duplicated-token bigram — weight reduced to 0.25
mit__innovation,mit,innovation,,projects that,0.5817,0.5,0.25,0.25,0,0.25,147,False,,Generic stopword/duplicated-token bigram — weight reduced to 0.25
mit__innovation,mit,innovation,,advancements,0.5805,0.5,,0.5,1,0.3333,97,False,mit__performance,
mit__innovation,mit,innovation,,some projects,0.5781,0.5,,0.5,0,0.5,132,False,,
mit__innovation,mit,innovation,,interesting projects,0.5773,0.5,,0.5,0,0.5,425,False,,
mit__innovation,mit,innovation,,thinking and,0.5754,0.5,0.25,0.25,1,0.1667,98,False,open_closed__open_system,Generic stopword/duplicated-token bigram — weight reduced to 0.25
mit__innovation,mit,innovation,,development and,0.5724,0.5,0.25,0.25,1,0.1667,615,False,process_results__process_oriented,Generic stopword/duplicated-token bigram — weight reduced to 0.25
mit__innovation,mit,innovation,,development great,0.5719,0.5,,0.5,0,0.5,128,False,,
mit__innovation,mit,innovation,,technologically,0.569,0.5,,0.5,1,0.3333,96,False,pragmatic_normative__pragmatic,
mit__innovation,mit,innovation,,developing,0.569,0.5,,0.5,1,0.3333,425,False,open_closed__open_system,
mit__innovation,mit,innovation,,products that,0.5688,0.5,0.25,0.25,0,0.25,62,False,,Generic stopword/duplicated-token bigram — weight reduced to 0.25
mit__innovation,mit,innovation,,new ways,0.5688,0.5,,0.5,1,0.3333,50,False,open_closed__open_system,
mit__innovation,mit,innovation,,advancement for,0.5683,0.5,0.25,0.25,0,0.25,64,False,,Generic stopword/duplicated-token bigram — weight reduced to 0.25
mit__innovation,mit,innovation,,idea,0.5683,0.5,,0.5,0,0.5,713,False,,
mit__innovation,mit,innovation,,develop and,0.5682,0.5,0.25,0.25,0,0.25,79,False,,Generic stopword/duplicated-token bigram — weight reduced to 0.25
mit__innovation,mit,innovation,,products and,0.5679,0.5,0.25,0.25,0,0.25,355,False,,Generic stopword/duplicated-token bigram — weight reduced to 0.25
mit__innovation,mit,innovation,,and ideas,0.5675,0.5,0.25,0.25,0,0.25,59,False,,Generic stopword/duplicated-token bigram — weight reduced to 0.25
mit__innovation,mit,innovation,,thinking,0.5673,0.5,,0.5,1,0.3333,924,False,open_closed__open_system,
mit__innovation,mit,innovation,,technology the,0.5669,0.5,0.25,0.25,0,0.25,112,False,,Generic stopword/duplicated-token bigram — weight reduced to 0.25
mit__innovation,mit,innovation,,achievement,0.5653,0.5,,0.5,3,0.2,54,False,process_results__results_oriented; mit__execution; mit__performance,
mit__innovation,mit,innovation,,technology and,0.5649,0.5,0.25,0.25,1,0.1667,727,False,pragmatic_normative__pragmatic,Generic stopword/duplicated-token bigram — weight reduced to 0.25
mit__innovation,mit,innovation,,technology they,0.5647,0.5,0.25,0.25,0,0.25,51,False,,Generic stopword/duplicated-token bigram — weight reduced to 0.25
mit__innovation,mit,innovation,,advancement within,0.5644,0.5,,0.5,1,0.3333,62,False,mit__performance,
mit__innovation,mit,innovation,,for creativity,0.561,0.5,0.25,0.25,0,0.25,59,False,,Generic stopword/duplicated-token bigram — weight reduced to 0.25
mit__innovation,mit,innovation,,improvements,0.5608,0.5,,0.5,0,0.5,289,False,,
mit__innovation,mit,innovation,,new tech,0.5602,0.5,,0.5,0,0.5,193,False,,
mit__innovation,mit,innovation,,improving,0.5596,0.5,,0.5,3,0.2,454,False,process_results__results_oriented; open_closed__open_system; mit__performance,
mit__innovation,mit,innovation,,good development,0.5596,0.5,,0.5,0,0.5,71,False,,
mit__innovation,mit,innovation,,sophisticated,0.559,0.5,,0.5,1,0.3333,86,False,pragmatic_normative__pragmatic,
mit__innovation,mit,innovation,,forward thinking,0.5571,0.5,,0.5,1,0.3333,229,False,open_closed__open_system,
mit__innovation,mit,innovation,,the projects,0.5556,0.5,0.25,0.25,1,0.1667,175,False,open_closed__open_system,Generic stopword/duplicated-token bigram — weight reduced to 0.25
mit__innovation,mit,innovation,,improvement and,0.5551,0.5,0.25,0.25,3,0.1,56,False,process_results__results_oriented; mit__execution; mit__performance,Generic stopword/duplicated-token bigram — weight reduced to 0.25
mit__innovation,mit,innovation,,product,0.5546,0.5,,0.5,2,0.25,2041,False,process_results__results_oriented; pragmatic_normative__pragmatic,
mit__innovation,mit,innovation,,something new,0.5539,0.5,,0.5,0,0.5,180,False,,
mit__innovation,mit,innovation,,products the,0.5537,0.5,0.25,0.25,0,0.25,56,False,,Generic stopword/duplicated-token bigram — weight reduced to 0.25
mit__innovation,mit,innovation,,technologies,0.5536,0.5,,0.5,1,0.3333,2259,False,pragmatic_normative__pragmatic,
mit__innovation,mit,innovation,,improvement,0.5496,0.25,,0.25,3,0.1,1053,False,process_results__results_oriented; mit__execution; mit__performance,
mit__innovation,mit,innovation,,expertise and,0.5495,0.25,,0.25,3,0.1,61,False,process_results__process_oriented; professional_parochial__professional; open_closed__open_system,
mit__innovation,mit,innovation,,development work,0.5476,0.25,,0.25,1,0.1667,90,False,process_results__process_oriented,
mit__innovation,mit,innovation,,science,0.5469,0.25,,0.25,0,0.25,146,False,,
mit__innovation,mit,innovation,,the project,0.5464,0.25,,0.25,0,0.25,280,False,,
mit__innovation,mit,innovation,,advanced,0.5459,0.25,,0.25,5,0.0714,372,False,process_results__process_oriented; tight_loose__tight_control; pragmatic_normative__pragmatic; mit__agility; mit__performance,
mit__innovation,mit,innovation,,creating,0.5451,0.25,,0.25,0,0.25,404,False,,
mit__innovation,mit,innovation,,entrepreneurial,0.545,0.25,,0.25,1,0.1667,358,False,tight_loose__loose_control,
mit__innovation,mit,innovation,,advancement you,0.5447,0.25,,0.25,2,0.125,99,False,process_results__results_oriented; mit__execution,
mit__innovation,mit,innovation,,progress and,0.5444,0.25,,0.25,3,0.1,121,False,process_results__process_oriented; process_results__results_oriented; mit__execution,
mit__innovation,mit,innovation,,new initiatives,0.5442,0.25,,0.25,0,0.25,59,False,,
mit__innovation,mit,innovation,,technologies and,0.5439,0.25,,0.25,1,0.1667,228,False,pragmatic_normative__pragmatic,
mit__innovation,mit,innovation,,technology great,0.543,0.25,,0.25,0,0.25,121,False,,
mit__innovation,mit,innovation,,learning and,0.5424,0.25,,0.25,3,0.1,919,False,process_results__process_oriented; process_results__results_oriented; open_closed__open_system,
mit__innovation,mit,innovation,,great development,0.5418,0.25,,0.25,0,0.25,67,False,,
mit__innovation,mit,innovation,,development for,0.5416,0.25,,0.25,0,0.25,81,False,,
mit__innovation,mit,innovation,,expertise,0.541,0.25,,0.25,3,0.1,464,False,professional_parochial__professional; open_closed__open_system; open_closed__closed_system,
mit__innovation,mit,innovation,,advancement great,0.5405,0.25,,0.25,0,0.25,86,False,,
mit__innovation,mit,innovation,,improved,0.5405,0.25,,0.25,0,0.25,775,False,,
mit__innovation,mit,innovation,,the success,0.5399,0.25,,0.25,3,0.1,54,False,process_results__results_oriented; mit__execution; mit__performance,
mit__innovation,mit,innovation,,knowledge and,0.5394,0.25,,0.25,4,0.0833,395,False,process_results__process_oriented; open_closed__open_system; tight_loose__tight_control; pragmatic_normative__normative,
mit__innovation,mit,innovation,,project and,0.5384,0.25,,0.25,0,0.25,106,False,,
mit__innovation,mit,innovation,,strategy,0.5379,0.25,,0.25,2,0.125,1325,False,process_results__results_oriented; pragmatic_normative__pragmatic,
mit__innovation,mit,innovation,,product and,0.5364,0.25,,0.25,0,0.25,144,False,,
mit__innovation,mit,innovation,,studies,0.5362,0.25,,0.25,0,0.25,71,False,,
mit__innovation,mit,innovation,,technology work,0.5361,0.25,,0.25,3,0.1,99,False,job_employee__job_oriented; professional_parochial__professional; pragmatic_normative__pragmatic,
mit__innovation,mit,innovation,,intellectual,0.536,0.25,,0.25,1,0.1667,212,False,open_closed__open_system,
mit__innovation,mit,innovation,,brand new,0.536,0.25,,0.25,0,0.25,59,False,,
mit__innovation,mit,innovation,,progress,0.5357,0.25,,0.25,4,0.0833,1600,False,process_results__process_oriented; process_results__results_oriented; mit__agility; mit__execution,
mit__innovation,mit,innovation,,challenges and,0.5343,0.25,,0.25,1,0.1667,83,False,open_closed__open_system,
mit__innovation,mit,innovation,,making the,0.534,0.25,,0.25,0,0.25,146,False,,
mit__innovation,mit,innovation,,making great,0.5339,0.25,,0.25,0,0.25,58,False,,
mit__innovation,mit,innovation,,inspire,0.5339,0.25,,0.25,2,0.125,52,False,open_closed__open_system; tight_loose__loose_control,
mit__innovation,mit,innovation,,success,0.5338,0.25,,0.25,3,0.1,1086,False,process_results__results_oriented; mit__execution; mit__performance,
mit__innovation,mit,innovation,,projects good,0.5336,0.25,,0.25,0,0.25,177,False,,
mit__innovation,mit,innovation,,projects with,0.5335,0.25,,0.25,0,0.25,86,False,,
mit__innovation,mit,innovation,,product development,0.5334,0.25,,0.25,0,0.25,51,False,,
mit__innovation,mit,innovation,,and develop,0.5328,0.25,,0.25,1,0.1667,335,False,process_results__results_oriented,
mit__innovation,mit,innovation,,projects great,0.5327,0.25,,0.25,0,0.25,95,False,,
mit__innovation,mit,innovation,,technologies great,0.5326,0.25,,0.25,0,0.25,65,False,,
mit__innovation,mit,innovation,,interesting tasks,0.5325,0.25,,0.25,0,0.25,51,False,,
mit__innovation,mit,innovation,,new technology,0.5324,0.25,,0.25,0,0.25,366,False,,
mit__innovation,mit,innovation,,introduced,0.5321,0.25,,0.25,0,0.25,92,False,,
mit__innovation,mit,innovation,,making more,0.532,0.25,,0.25,0,0.25,63,False,,
mit__innovation,mit,innovation,,knowledge,0.5319,0.25,,0.25,3,0.1,3109,False,open_closed__open_system; open_closed__closed_system; pragmatic_normative__normative,
mit__innovation,mit,innovation,,experiences,0.5318,0.25,,0.25,4,0.0833,580,False,open_closed__open_system; open_closed__closed_system; mit__diversity; mit__integrity,
mit__innovation,mit,innovation,,learning,0.5315,0.25,,0.25,2,0.125,11139,False,open_closed__open_system; open_closed__closed_system,
mit__innovation,mit,innovation,,minds,0.5314,0.25,,0.25,1,0.1667,332,False,open_closed__open_system,
mit__innovation,mit,innovation,,making good,0.5314,0.25,,0.25,5,0.0714,59,False,process_results__results_oriented; open_closed__open_system; pragmatic_normative__normative; mit__integrity; mit__performance,
mit__innovation,mit,innovation,,research and,0.531,0.25,,0.25,0,0.25,152,False,,
mit__innovation,mit,innovation,,inspiring,0.5309,0.25,,0.25,0,0.25,241,False,,
mit__innovation,mit,innovation,,designed,0.5306,0.25,,0.25,0,0.25,171,False,,
mit__innovation,mit,innovation,,insight into,0.5305,0.25,,0.25,1,0.1667,108,False,open_closed__open_system,
mit__innovation,mit,innovation,,successful,0.5303,0.25,,0.25,2,0.125,830,False,process_results__results_oriented; mit__execution,
mit__innovation,mit,innovation,,your ideas,0.5302,0.25,,0.25,0,0.25,77,False,,
mit__innovation,mit,innovation,,exciting and,0.5301,0.25,,0.25,0,0.25,68,False,,
mit__innovation,mit,innovation,,strategic,0.5297,0.25,,0.25,2,0.125,487,False,process_results__results_oriented; pragmatic_normative__pragmatic,
mit__innovation,mit,innovation,,alternative,0.5291,0.25,,0.25,1,0.1667,140,False,open_closed__open_system,
mit__innovation,mit,innovation,,intellectually stimulating,0.5289,0.25,,0.25,1,0.1667,115,False,open_closed__open_system,
mit__innovation,mit,innovation,,making and,0.5289,0.25,,0.25,0,0.25,83,False,,
mit__innovation,mit,innovation,,for advancement,0.5286,0.25,,0.25,3,0.1,1395,False,process_results__results_oriented; professional_parochial__professional; mit__performance,
mit__innovation,mit,innovation,,with new,0.5284,0.25,,0.25,0,0.25,269,False,,
mit__innovation,mit,innovation,,industry with,0.5282,0.25,,0.25,5,0.0714,60,False,professional_parochial__professional; professional_parochial__parochial; open_closed__closed_system; pragmatic_normative__pragmatic; mit__customer_orientation,
mit__innovation,mit,innovation,,success and,0.5273,0.25,,0.25,3,0.1,81,False,process_results__results_oriented; mit__execution; mit__performance,
mit__innovation,mit,innovation,,the knowledge,0.5273,0.25,,0.25,2,0.125,93,False,open_closed__closed_system; pragmatic_normative__normative,
mit__innovation,mit,innovation,,development good,0.5268,0.25,,0.25,0,0.25,147,False,,
mit__innovation,mit,innovation,,adapting,0.5267,0.25,,0.25,3,0.1,125,False,open_closed__open_system; mit__agility; mit__diversity,
mit__innovation,mit,innovation,,new technologies,0.5263,0.25,,0.25,0,0.25,645,False,,
mit__innovation,mit,innovation,,insights,0.5263,0.25,,0.25,1,0.1667,138,False,process_results__results_oriented,
mit__innovation,mit,innovation,,exciting work,0.5263,0.25,,0.25,0,0.25,124,False,,
mit__innovation,mit,innovation,,many new,0.5259,0.25,,0.25,0,0.25,88,False,,
mit__innovation,mit,innovation,,the products,0.5257,0.25,,0.25,0,0.25,109,False,,
mit__innovation,mit,innovation,,stepping stone,0.5256,0.25,,0.25,0,0.25,348,False,,
mit__innovation,mit,innovation,,many projects,0.5251,0.25,,0.25,0,0.25,109,False,,
mit__innovation,mit,innovation,,industry and,0.5247,0.25,,0.25,2,0.125,430,False,professional_parochial__professional; pragmatic_normative__pragmatic,
mit__innovation,mit,innovation,,productive,0.5245,0.25,,0.25,4,0.0833,303,False,process_results__results_oriented; job_employee__job_oriented; pragmatic_normative__pragmatic; mit__execution,
mit__innovation,mit,innovation,,the industry,0.5237,0.25,,0.25,5,0.0714,3207,False,professional_parochial__professional; open_closed__closed_system; tight_loose__loose_control; pragmatic_normative__pragmatic; mit__customer_orientation,
mit__innovation,mit,innovation,,introduction,0.5235,0.25,,0.25,1,0.1667,158,False,process_results__process_oriented,
mit__innovation,mit,innovation,,projects the,0.5235,0.25,,0.25,0,0.25,77,False,,
mit__innovation,mit,innovation,,experience and,0.5232,0.25,,0.25,3,0.1,1147,False,open_closed__open_system; mit__diversity; mit__integrity,
mit__innovation,mit,innovation,,experiences and,0.5227,0.25,,0.25,2,0.125,58,False,open_closed__open_system; mit__integrity,
mit__innovation,mit,innovation,,new,0.5224,0.25,,0.25,0,0.25,11079,False,,
mit__innovation,mit,innovation,,new and,0.5221,0.25,,0.25,0,0.25,178,False,,
mit__innovation,mit,innovation,,the product,0.5216,0.25,,0.25,0,0.25,190,False,,
mit__innovation,mit,innovation,,development you,0.5214,0.25,,0.25,0,0.25,77,False,,
mit__innovation,mit,innovation,,production,0.5206,0.25,,0.25,5,0.0714,456,False,process_results__process_oriented; process_results__results_oriented; pragmatic_normative__pragmatic; mit__execution; mit__performance,
mit__innovation,mit,innovation,,opportunities and,0.5202,0.25,,0.25,3,0.1,1022,False,process_results__results_oriented; open_closed__open_system; mit__diversity,
mit__innovation,mit,innovation,,development very,0.5202,0.25,,0.25,0,0.25,68,False,,
mit__innovation,mit,innovation,,tasks that,0.5199,0.25,,0.25,4,0.0833,83,False,process_results__process_oriented; process_results__results_oriented; job_employee__job_oriented; mit__execution,
mit__innovation,mit,innovation,,competition and,0.5195,0.25,,0.25,5,0.0714,78,False,process_results__results_oriented; open_closed__open_system; open_closed__closed_system; pragmatic_normative__pragmatic; mit__performance,
mit__innovation,mit,innovation,,knowledge the,0.5195,0.25,,0.25,0,0.25,163,False,,
mit__innovation,mit,innovation,,opportunities for,0.5194,0.25,,0.25,3,0.1,3226,False,process_results__results_oriented; open_closed__open_system; mit__diversity,
mit__innovation,mit,innovation,,newly,0.5194,0.25,,0.25,0,0.25,129,False,,
mit__innovation,mit,innovation,,technology for,0.519,0.25,,0.25,0,0.25,66,False,,
mit__innovation,mit,innovation,,challenges,0.5189,0.25,,0.25,1,0.1667,975,False,open_closed__open_system,
mit__innovation,mit,innovation,,increasingly,0.5185,0.25,,0.25,3,0.1,191,False,open_closed__open_system; open_closed__closed_system; pragmatic_normative__pragmatic,
mit__innovation,mit,innovation,,unique,0.5181,0.25,,0.25,1,0.1667,383,False,mit__diversity,
mit__innovation,mit,innovation,,hardworking and,0.5181,0.25,,0.25,3,0.1,64,False,process_results__results_oriented; job_employee__job_oriented; pragmatic_normative__pragmatic,
mit__innovation,mit,innovation,,and developing,0.5169,0.25,,0.25,0,0.25,55,False,,
mit__innovation,mit,innovation,,the task,0.5169,0.25,,0.25,4,0.0833,51,False,process_results__process_oriented; process_results__results_oriented; job_employee__job_oriented; mit__execution,
mit__integrity,mit,integrity,,honesty,0.7474,1,,1.0,1,0.6667,80,True,mit__respect,
mit__integrity,mit,integrity,,ethics,0.7141,0.75,,0.75,3,0.3,778,False,tight_loose__loose_control; pragmatic_normative__normative; mit__respect,
mit__integrity,mit,integrity,,ethical,0.7097,1,,1.0,2,0.5,561,True,pragmatic_normative__normative; mit__respect,
mit__integrity,mit,integrity,,trust,0.7083,1,,1.0,2,0.5,1322,True,pragmatic_normative__normative; mit__respect,
mit__integrity,mit,integrity,,integrity,0.7043,1,,1.0,3,0.4,558,True,process_results__process_oriented; pragmatic_normative__normative; mit__respect,
mit__integrity,mit,integrity,,trustworthy,0.6975,1,,1.0,1,0.6667,73,True,mit__respect,
mit__integrity,mit,integrity,,trust and,0.6886,0.5,0.25,0.25,3,0.1,60,False,tight_loose__loose_control; pragmatic_normative__normative; mit__respect,Generic stopword/duplicated-token bigram — weight reduced to 0.25
mit__integrity,mit,integrity,,integrity and,0.6873,0.5,0.25,0.25,3,0.1,131,False,process_results__process_oriented; pragmatic_normative__normative; mit__respect,Generic stopword/duplicated-token bigram — weight reduced to 0.25
mit__integrity,mit,integrity,,moral,0.685,1,,1.0,2,0.5,249,True,pragmatic_normative__normative; mit__respect,
mit__integrity,mit,integrity,,ethics and,0.6605,0.5,0.25,0.25,3,0.1,151,False,tight_loose__loose_control; pragmatic_normative__normative; mit__respect,Generic stopword/duplicated-token bigram — weight reduced to 0.25
mit__integrity,mit,integrity,,ethical and,0.6577,0.5,0.25,0.25,2,0.125,68,False,pragmatic_normative__normative; mit__respect,Generic stopword/duplicated-token bigram — weight reduced to 0.25
mit__integrity,mit,integrity,,respectful,0.6461,0.5,,0.5,4,0.1667,495,False,open_closed__closed_system; pragmatic_normative__normative; mit__diversity; mit__respect,
mit__integrity,mit,integrity,,morals,0.638,0.5,,0.5,2,0.25,58,False,pragmatic_normative__normative; mit__respect,
mit__integrity,mit,integrity,,respect and,0.6275,0.5,0.25,0.25,4,0.0833,146,False,open_closed__closed_system; pragmatic_normative__normative; mit__diversity; mit__respect,Generic stopword/duplicated-token bigram — weight reduced to 0.25
mit__integrity,mit,integrity,,genuine,0.6266,0.5,,0.5,0,0.5,321,False,,
mit__integrity,mit,integrity,,trusted,0.6261,0.5,,0.5,0,0.5,138,False,,
mit__integrity,mit,integrity,,honest,0.6244,1,,1.0,0,1.0,728,True,,
mit__integrity,mit,integrity,,credibility,0.6224,0.5,,0.5,0,0.5,51,False,,
mit__integrity,mit,integrity,,truth,0.6171,0.5,,0.5,0,0.5,173,False,,
mit__integrity,mit,integrity,,respect,0.6159,0.5,,0.5,2,0.25,1510,False,pragmatic_normative__normative; mit__respect,
mit__integrity,mit,integrity,,quality,0.6145,0.5,,0.5,3,0.2,2668,False,pragmatic_normative__normative; mit__performance; mit__respect,
mit__integrity,mit,integrity,,respectful and,0.6121,0.5,0.25,0.25,4,0.0833,74,False,open_closed__closed_system; pragmatic_normative__normative; mit__diversity; mit__respect,Generic stopword/duplicated-token bigram — weight reduced to 0.25
mit__integrity,mit,integrity,,secure,0.5969,0.5,,0.5,2,0.25,324,False,open_closed__closed_system; mit__respect,
mit__integrity,mit,integrity,,high integrity,0.596,0.5,,0.5,2,0.25,72,False,pragmatic_normative__normative; mit__performance,
mit__integrity,mit,integrity,,sincere,0.5902,0.5,,0.5,1,0.3333,58,False,mit__respect,
mit__integrity,mit,integrity,,loyalty,0.5851,0.5,,0.5,1,0.3333,445,False,mit__respect,
mit__integrity,mit,integrity,,empathy,0.5769,0.5,,0.5,2,0.25,128,False,pragmatic_normative__normative; mit__respect,
mit__integrity,mit,integrity,,qualities,0.5751,0.5,,0.5,2,0.25,54,False,pragmatic_normative__normative; mit__respect,
mit__integrity,mit,integrity,,the quality,0.5686,0.5,0.25,0.25,2,0.125,264,False,pragmatic_normative__normative; mit__respect,Generic stopword/duplicated-token bigram — weight reduced to 0.25
mit__integrity,mit,integrity,,trust the,0.5677,0.5,0.25,0.25,0,0.25,56,False,,Generic stopword/duplicated-token bigram — weight reduced to 0.25
mit__integrity,mit,integrity,,the truth,0.5632,0.5,0.25,0.25,0,0.25,113,False,,Generic stopword/duplicated-token bigram — weight reduced to 0.25
mit__integrity,mit,integrity,,fidelity,0.5613,0.5,,0.5,0,0.5,4161,False,,
mit__integrity,mit,integrity,,respects,0.5591,0.5,,0.5,1,0.3333,91,False,mit__respect,
mit__integrity,mit,integrity,,fairness,0.5529,0.5,,0.5,1,0.3333,85,False,mit__respect,
mit__integrity,mit,integrity,,belief,0.5526,0.5,,0.5,1,0.3333,54,False,pragmatic_normative__normative,
mit__integrity,mit,integrity,,commitment,0.5509,0.5,,0.5,1,0.3333,545,False,pragmatic_normative__normative,
mit__integrity,mit,integrity,,quality and,0.5503,0.5,0.25,0.25,2,0.125,112,False,pragmatic_normative__normative; mit__performance,Generic stopword/duplicated-token bigram — weight reduced to 0.25
mit__integrity,mit,integrity,,transparency and,0.5498,0.25,,0.25,1,0.1667,107,False,mit__diversity,
mit__integrity,mit,integrity,,fidelity the,0.5491,0.25,,0.25,0,0.25,99,False,,
mit__integrity,mit,integrity,,fidelity good,0.5478,0.25,,0.25,0,0.25,51,False,,
mit__integrity,mit,integrity,,honest review,0.5475,0.25,,0.25,0,0.25,63,False,,
mit__integrity,mit,integrity,,fidelity and,0.5444,0.25,,0.25,0,0.25,59,False,,
mit__integrity,mit,integrity,,privacy,0.5443,0.25,,0.25,0,0.25,84,False,,
mit__integrity,mit,integrity,,responsibility and,0.5442,0.25,,0.25,7,0.0556,175,False,process_results__process_oriented; process_results__results_oriented; tight_loose__tight_control; tight_loose__loose_control; pragmatic_normative__normative; mit__execution; mit__respect,
mit__integrity,mit,integrity,,security,0.5441,0.25,,0.25,0,0.25,2512,False,,
mit__integrity,mit,integrity,,valid,0.5438,0.25,,0.25,0,0.25,50,False,,
mit__integrity,mit,integrity,,polite,0.5433,0.25,,0.25,1,0.1667,105,False,mit__respect,
mit__integrity,mit,integrity,,reliable,0.5411,0.25,,0.25,0,0.25,199,False,,
mit__integrity,mit,integrity,,respect for,0.5399,0.25,,0.25,2,0.125,376,False,pragmatic_normative__normative; mit__respect,
mit__integrity,mit,integrity,,responsibility,0.5391,0.25,,0.25,5,0.0714,1394,False,process_results__results_oriented; tight_loose__loose_control; pragmatic_normative__normative; mit__execution; mit__respect,
mit__integrity,mit,integrity,,and integrity,0.5385,0.25,,0.25,1,0.1667,70,False,pragmatic_normative__normative,
mit__integrity,mit,integrity,,perceived,0.5378,0.25,,0.25,2,0.125,92,False,open_closed__open_system; pragmatic_normative__pragmatic,
mit__integrity,mit,integrity,,fidelity very,0.537,0.25,,0.25,0,0.25,50,False,,
mit__integrity,mit,integrity,,respect the,0.5358,0.25,,0.25,1,0.1667,74,False,mit__respect,
mit__integrity,mit,integrity,,and trust,0.5344,0.25,,0.25,0,0.25,76,False,,
mit__integrity,mit,integrity,,accountability,0.5342,0.25,,0.25,6,0.0625,504,False,process_results__results_oriented; tight_loose__tight_control; pragmatic_normative__normative; mit__execution; mit__performance; mit__respect,
mit__integrity,mit,integrity,,clean,0.5332,0.25,,0.25,1,0.1667,306,False,mit__respect,
mit__integrity,mit,integrity,,ethic,0.5323,0.25,,0.25,2,0.125,451,False,pragmatic_normative__normative; mit__respect,
mit__integrity,mit,integrity,,respected,0.5321,0.25,,0.25,2,0.125,677,False,open_closed__closed_system; mit__respect,
mit__integrity,mit,integrity,,quality the,0.5318,0.25,,0.25,1,0.1667,93,False,mit__respect,
mit__integrity,mit,integrity,,constructive,0.53,0.25,,0.25,3,0.1,114,False,open_closed__open_system; open_closed__closed_system; pragmatic_normative__normative,
mit__integrity,mit,integrity,,believes,0.5281,0.25,,0.25,0,0.25,95,False,,
mit__integrity,mit,integrity,,respectable,0.5276,0.25,,0.25,2,0.125,105,False,open_closed__closed_system; mit__respect,
mit__integrity,mit,integrity,,with fidelity,0.5257,0.25,,0.25,0,0.25,133,False,,
mit__integrity,mit,integrity,,the fidelity,0.5252,0.25,,0.25,0,0.25,75,False,,
mit__integrity,mit,integrity,,quality work,0.5235,0.25,,0.25,2,0.125,473,False,pragmatic_normative__normative; mit__performance,
mit__integrity,mit,integrity,,compassion,0.5209,0.25,,0.25,2,0.125,56,False,pragmatic_normative__normative; mit__respect,
mit__integrity,mit,integrity,,thoughtful,0.5187,0.25,,0.25,1,0.1667,165,False,mit__respect,
mit__integrity,mit,integrity,,respected and,0.5179,0.25,,0.25,1,0.1667,61,False,mit__respect,
mit__integrity,mit,integrity,,justify,0.5176,0.25,,0.25,2,0.125,133,False,pragmatic_normative__normative; mit__respect,
mit__integrity,mit,integrity,,accountable,0.5159,0.25,,0.25,3,0.1,147,False,pragmatic_normative__normative; mit__execution; mit__performance,
mit__integrity,mit,integrity,,loyal,0.5157,0.25,,0.25,0,0.25,207,False,,
mit__integrity,mit,integrity,,communicated,0.5156,0.25,,0.25,4,0.0833,129,False,process_results__process_oriented; tight_loose__tight_control; mit__collaboration; mit__execution,
mit__integrity,mit,integrity,,good reputation,0.5155,0.25,,0.25,0,0.25,404,False,,
mit__integrity,mit,integrity,,reputed,0.5153,0.25,,0.25,0,0.25,90,False,,
mit__integrity,mit,integrity,,transparency,0.5147,1,,1.0,0,1.0,1173,True,,
mit__integrity,mit,integrity,,doing good,0.5145,0.25,,0.25,1,0.1667,128,False,mit__respect,
mit__integrity,mit,integrity,,making good,0.5143,0.25,,0.25,5,0.0714,59,False,process_results__results_oriented; open_closed__open_system; pragmatic_normative__normative; mit__innovation; mit__performance,
mit__integrity,mit,integrity,,transparent,0.5139,1,,1.0,0,1.0,838,True,,
mit__integrity,mit,integrity,,respected the,0.5137,0.25,,0.25,1,0.1667,62,False,mit__respect,
mit__integrity,mit,integrity,,work ethics,0.5119,0.25,,0.25,1,0.1667,277,False,pragmatic_normative__normative,
mit__integrity,mit,integrity,,worthy,0.5104,0.25,,0.25,1,0.1667,89,False,mit__respect,
mit__integrity,mit,integrity,,interpersonal,0.5097,0.25,,0.25,0,0.25,69,False,,
mit__integrity,mit,integrity,,ethic and,0.5088,0.25,,0.25,1,0.1667,90,False,pragmatic_normative__normative,
mit__integrity,mit,integrity,,secured,0.5086,0.25,,0.25,0,0.25,52,False,,
mit__integrity,mit,integrity,,the reputation,0.508,0.25,,0.25,0,0.25,64,False,,
mit__integrity,mit,integrity,,and ethics,0.5052,0.25,,0.25,1,0.1667,77,False,pragmatic_normative__normative,
mit__integrity,mit,integrity,,clear,0.5051,0.25,,0.25,0,0.25,2178,False,,
mit__integrity,mit,integrity,,and honest,0.505,0.25,,0.25,0,0.25,52,False,,
mit__integrity,mit,integrity,,willingness,0.5045,0.25,,0.25,2,0.125,159,False,open_closed__open_system; pragmatic_normative__normative,
mit__integrity,mit,integrity,,exposed,0.5045,0.25,,0.25,1,0.1667,196,False,open_closed__closed_system,
mit__integrity,mit,integrity,,strong reputation,0.5043,0.25,,0.25,1,0.1667,87,False,mit__performance,
mit__integrity,mit,integrity,,deserve,0.5041,0.25,,0.25,1,0.1667,170,False,mit__respect,
mit__integrity,mit,integrity,,dirty,0.5035,0.25,,0.25,0,0.25,135,False,,
mit__integrity,mit,integrity,,engaging,0.5026,0.25,,0.25,1,0.1667,474,False,open_closed__open_system,
mit__integrity,mit,integrity,,money good,0.5023,0.25,,0.25,0,0.25,124,False,,
mit__integrity,mit,integrity,,attractive,0.5019,0.25,,0.25,0,0.25,312,False,,
mit__integrity,mit,integrity,,having good,0.5019,0.25,,0.25,0,0.25,51,False,,
mit__integrity,mit,integrity,,accountability for,0.5018,0.25,,0.25,5,0.0714,66,False,process_results__results_oriented; pragmatic_normative__normative; mit__execution; mit__performance; mit__respect,
mit__integrity,mit,integrity,,pure,0.5012,0.25,,0.25,0,0.25,131,False,,
mit__integrity,mit,integrity,,compliance,0.5012,0.25,,0.25,3,0.1,1102,False,process_results__process_oriented; tight_loose__tight_control; pragmatic_normative__normative,
mit__integrity,mit,integrity,,intelligent,0.5012,0.25,,0.25,0,0.25,1536,False,,
mit__integrity,mit,integrity,,security and,0.5012,0.25,,0.25,1,0.1667,187,False,process_results__process_oriented,
mit__integrity,mit,integrity,,unqualified,0.501,0.25,,0.25,2,0.125,105,False,mit__diversity; mit__performance,
mit__integrity,mit,integrity,,valued,0.5009,0.25,,0.25,2,0.125,836,False,pragmatic_normative__normative; mit__respect,
mit__integrity,mit,integrity,,behaviour,0.5006,0.25,,0.25,4,0.0833,171,False,process_results__process_oriented; tight_loose__tight_control; tight_loose__loose_control; pragmatic_normative__normative,
mit__integrity,mit,integrity,,reputation the,0.5005,0.25,,0.25,0,0.25,199,False,,
mit__integrity,mit,integrity,,fake,0.4998,0.25,,0.25,0,0.25,290,False,,
mit__integrity,mit,integrity,,the rules,0.4997,0.25,,0.25,3,0.1,63,False,process_results__process_oriented; open_closed__closed_system; tight_loose__tight_control,
mit__integrity,mit,integrity,,money,0.4996,0.25,,0.25,0,0.25,4456,False,,
mit__integrity,mit,integrity,,attitude towards,0.499,0.25,,0.25,2,0.125,52,False,pragmatic_normative__normative; mit__respect,
mit__integrity,mit,integrity,,ethical company,0.4983,0.25,,0.25,0,0.25,119,False,,
mit__integrity,mit,integrity,,letting,0.4981,0.25,,0.25,1,0.1667,118,False,mit__respect,
mit__integrity,mit,integrity,,job,0.498,0.25,,0.25,3,0.1,20885,False,process_results__results_oriented; job_employee__job_oriented; mit__execution,
mit__integrity,mit,integrity,,intelligence,0.4979,0.25,,0.25,1,0.1667,152,False,pragmatic_normative__normative,
mit__integrity,mit,integrity,,dealt with,0.4971,0.25,,0.25,2,0.125,60,False,open_closed__closed_system; mit__respect,
mit__integrity,mit,integrity,,cooperation,0.497,0.25,,0.25,3,0.1,95,False,open_closed__open_system; tight_loose__loose_control; mit__collaboration,
mit__integrity,mit,integrity,,caring and,0.4969,0.25,,0.25,2,0.125,68,False,pragmatic_normative__normative; mit__respect,
mit__integrity,mit,integrity,,fidelity for,0.4969,0.25,,0.25,0,0.25,58,False,,
mit__integrity,mit,integrity,,secretive,0.4968,0.25,,0.25,0,0.25,57,False,,
mit__integrity,mit,integrity,,transparency from,0.4967,0.25,,0.25,0,0.25,71,False,,
mit__integrity,mit,integrity,,responsible,0.4967,0.25,,0.25,4,0.0833,300,False,tight_loose__loose_control; pragmatic_normative__normative; mit__execution; mit__respect,
mit__integrity,mit,integrity,,empathetic,0.4964,0.25,,0.25,0,0.25,59,False,,
mit__integrity,mit,integrity,,society,0.4962,0.25,,0.25,3,0.1,61,False,open_closed__closed_system; tight_loose__loose_control; mit__respect,
mit__integrity,mit,integrity,,culturally,0.4957,0.25,,0.25,4,0.0833,93,False,open_closed__open_system; open_closed__closed_system; mit__diversity; mit__respect,
mit__integrity,mit,integrity,,understanding,0.4953,0.25,,0.25,5,0.0714,1119,False,open_closed__open_system; open_closed__closed_system; pragmatic_normative__pragmatic; pragmatic_normative__normative; mit__respect,
mit__integrity,mit,integrity,,for fidelity,0.4949,0.25,,0.25,0,0.25,125,False,,
mit__integrity,mit,integrity,,reputation good,0.4949,0.25,,0.25,0,0.25,77,False,,
mit__integrity,mit,integrity,,the decisions,0.4948,0.25,,0.25,5,0.0714,59,False,process_results__process_oriented; process_results__results_oriented; tight_loose__tight_control; tight_loose__loose_control; pragmatic_normative__normative,
mit__integrity,mit,integrity,,good communication,0.4947,0.25,,0.25,0,0.25,151,False,,
mit__integrity,mit,integrity,,keeping,0.4946,0.25,,0.25,2,0.125,424,False,open_closed__closed_system; mit__respect,
mit__integrity,mit,integrity,,good culture,0.4942,0.25,,0.25,0,0.25,5001,False,,
mit__integrity,mit,integrity,,enjoyable,0.4941,0.25,,0.25,1,0.1667,504,False,mit__respect,
mit__integrity,mit,integrity,,culture and,0.4935,0.25,,0.25,4,0.0833,6106,False,open_closed__open_system; open_closed__closed_system; mit__diversity; mit__respect,
mit__integrity,mit,integrity,,meaningful,0.4933,0.25,,0.25,2,0.125,519,False,pragmatic_normative__normative; mit__respect,
mit__integrity,mit,integrity,,quality life,0.4932,0.25,,0.25,2,0.125,94,False,pragmatic_normative__normative; mit__respect,
mit__integrity,mit,integrity,,comfort,0.4927,0.25,,0.25,1,0.1667,177,False,mit__respect,
mit__integrity,mit,integrity,,appropriately,0.4925,0.25,,0.25,0,0.25,72,False,,
mit__integrity,mit,integrity,,supportive and,0.4922,0.25,,0.25,1,0.1667,596,False,mit__respect,
mit__integrity,mit,integrity,,caring,0.4921,0.25,,0.25,1,0.1667,583,False,mit__respect,
mit__integrity,mit,integrity,,appreciation,0.4918,0.25,,0.25,1,0.1667,539,False,mit__respect,
mit__integrity,mit,integrity,,experiences and,0.4916,0.25,,0.25,2,0.125,58,False,open_closed__open_system; mit__innovation,
mit__integrity,mit,integrity,,consideration,0.4916,0.25,,0.25,3,0.1,230,False,process_results__process_oriented; pragmatic_normative__normative; mit__respect,
mit__integrity,mit,integrity,,giving,0.4915,0.25,,0.25,0,0.25,665,False,,
mit__integrity,mit,integrity,,contributing,0.4914,0.25,,0.25,0,0.25,100,False,,
mit__integrity,mit,integrity,,dealing with,0.4911,0.25,,0.25,4,0.0833,383,False,open_closed__closed_system; pragmatic_normative__normative; mit__execution; mit__respect,
mit__integrity,mit,integrity,,experience and,0.4901,0.25,,0.25,3,0.1,1147,False,open_closed__open_system; mit__diversity; mit__innovation,
mit__integrity,mit,integrity,,taste,0.4899,0.25,,0.25,0,0.25,50,False,,
mit__integrity,mit,integrity,,corporate trust,0.4899,0.25,,0.25,1,0.1667,52,False,professional_parochial__parochial,
mit__integrity,mit,integrity,,logic,0.4896,0.25,,0.25,2,0.125,58,False,tight_loose__tight_control; pragmatic_normative__normative,
mit__integrity,mit,integrity,,selfish,0.4894,0.25,,0.25,0,0.25,99,False,,
mit__integrity,mit,integrity,,with respect,0.4892,0.25,,0.25,1,0.1667,252,False,mit__respect,
mit__integrity,mit,integrity,,reputation for,0.4891,0.25,,0.25,0,0.25,59,False,,
mit__integrity,mit,integrity,,happiness,0.489,0.25,,0.25,1,0.1667,94,False,mit__respect,
mit__integrity,mit,integrity,,strict,0.4888,0.25,,0.25,2,0.125,977,False,open_closed__closed_system; tight_loose__tight_control,
mit__integrity,mit,integrity,,character,0.4888,0.25,,0.25,1,0.1667,60,False,mit__respect,
mit__integrity,mit,integrity,,agreement,0.4888,0.25,,0.25,2,0.125,57,False,pragmatic_normative__normative; mit__collaboration,
mit__integrity,mit,integrity,,relationship,0.4886,0.25,,0.25,0,0.25,1007,False,,
mit__integrity,mit,integrity,,sharing,0.4883,0.25,,0.25,1,0.1667,1307,False,mit__collaboration,
mit__integrity,mit,integrity,,insecurity,0.4882,0.25,,0.25,0,0.25,74,False,,
mit__integrity,mit,integrity,,effectively,0.4872,0.25,,0.25,4,0.0833,247,False,process_results__results_oriented; pragmatic_normative__pragmatic; mit__agility; mit__execution,
mit__integrity,mit,integrity,,reputable,0.4872,0.25,,0.25,0,0.25,385,False,,
mit__integrity,mit,integrity,,quality people,0.4872,0.25,,0.25,1,0.1667,199,False,mit__respect,
mit__integrity,mit,integrity,,well respected,0.4872,0.25,,0.25,1,0.1667,216,False,mit__respect,
mit__integrity,mit,integrity,,honestly,0.4869,0.25,,0.25,0,0.25,565,False,,
mit__integrity,mit,integrity,,valuable,0.4866,0.25,,0.25,1,0.1667,551,False,mit__respect,
mit__integrity,mit,integrity,,checks,0.4854,0.25,,0.25,0,0.25,119,False,,
mit__performance,mit,performance,,high performance,0.7308,0.75,,0.75,2,0.375,151,False,pragmatic_normative__pragmatic; mit__agility,
mit__performance,mit,performance,,the performance,0.7273,0.75,0.25,0.25,4,0.0833,99,False,process_results__results_oriented; pragmatic_normative__pragmatic; mit__agility; mit__execution,Generic stopword/duplicated-token bigram — weight reduced to 0.25
mit__performance,mit,performance,,performance,0.7254,1,,1.0,4,0.3333,4040,True,process_results__results_oriented; pragmatic_normative__pragmatic; mit__agility; mit__execution,
mit__performance,mit,performance,,high performing,0.7209,0.75,,0.75,0,0.75,140,False,,
mit__performance,mit,performance,,excellence,0.7204,1,,1.0,1,0.6667,399,True,mit__execution,
mit__performance,mit,performance,,performance and,0.7151,0.75,0.25,0.25,4,0.0833,233,False,process_results__results_oriented; pragmatic_normative__pragmatic; mit__agility; mit__execution,Generic stopword/duplicated-token bigram — weight reduced to 0.25
mit__performance,mit,performance,,performance the,0.7055,0.75,0.25,0.25,4,0.0833,92,False,process_results__results_oriented; pragmatic_normative__pragmatic; mit__agility; mit__execution,Generic stopword/duplicated-token bigram — weight reduced to 0.25
mit__performance,mit,performance,,performance based,0.684,0.5,,0.5,1,0.3333,137,False,pragmatic_normative__pragmatic,
mit__performance,mit,performance,,merit,0.6782,0.5,,0.5,2,0.25,781,False,open_closed__open_system; pragmatic_normative__normative,
mit__performance,mit,performance,,based performance,0.6761,0.5,,0.5,2,0.25,162,False,process_results__results_oriented; pragmatic_normative__pragmatic,
mit__performance,mit,performance,,performance culture,0.676,1,,1.0,0,1.0,65,True,,
mit__performance,mit,performance,,individual performance,0.6678,0.5,,0.5,1,0.3333,55,False,process_results__results_oriented,
mit__performance,mit,performance,,merit based,0.6671,0.5,,0.5,1,0.3333,155,False,pragmatic_normative__normative,
mit__performance,mit,performance,,based merit,0.6539,0.5,,0.5,1,0.3333,108,False,pragmatic_normative__normative,
mit__performance,mit,performance,,performance management,0.6528,0.5,,0.5,1,0.3333,87,False,process_results__results_oriented,
mit__performance,mit,performance,,your performance,0.6424,0.5,0.25,0.25,3,0.1,251,False,process_results__results_oriented; mit__agility; mit__execution,Generic stopword/duplicated-token bigram — weight reduced to 0.25
mit__performance,mit,performance,,for excellence,0.6405,0.5,0.25,0.25,1,0.1667,50,False,mit__execution,Generic stopword/duplicated-token bigram — weight reduced to 0.25
mit__performance,mit,performance,,high performers,0.6401,1,,1.0,0,1.0,154,True,,
mit__performance,mit,performance,,high standards,0.6376,1,,1.0,1,0.6667,123,True,tight_loose__tight_control,
mit__performance,mit,performance,,performance but,0.6315,0.5,0.25,0.25,3,0.1,64,False,process_results__results_oriented; pragmatic_normative__pragmatic; mit__agility,Generic stopword/duplicated-token bigram — weight reduced to 0.25
mit__performance,mit,performance,,performance driven,0.6289,0.5,,0.5,2,0.25,65,False,process_results__results_oriented; pragmatic_normative__pragmatic,
mit__performance,mit,performance,,perform well,0.6195,0.5,,0.5,2,0.25,122,False,process_results__results_oriented; mit__execution,
mit__performance,mit,performance,,the talent,0.6051,0.5,0.25,0.25,1,0.1667,106,False,process_results__results_oriented,Generic stopword/duplicated-token bigram — weight reduced to 0.25
mit__performance,mit,performance,,performance good,0.6014,0.5,,0.5,0,0.5,81,False,,
mit__performance,mit,performance,,talent,0.5974,0.5,,0.5,0,0.5,2673,False,,
mit__performance,mit,performance,,high end,0.5943,0.5,,0.5,0,0.5,60,False,,
mit__performance,mit,performance,,for performance,0.5933,0.5,0.25,0.25,0,0.25,203,False,,Generic stopword/duplicated-token bigram — weight reduced to 0.25
mit__performance,mit,performance,,culture excellence,0.5903,0.5,,0.5,0,0.5,62,False,,
mit__performance,mit,performance,,accountability,0.5899,1,,1.0,6,0.25,504,True,process_results__results_oriented; tight_loose__tight_control; pragmatic_normative__normative; mit__execution; mit__integrity; mit__respect,
mit__performance,mit,performance,,standards and,0.5873,0.5,0.25,0.25,3,0.1,94,False,process_results__process_oriented; tight_loose__tight_control; pragmatic_normative__normative,Generic stopword/duplicated-token bigram — weight reduced to 0.25
mit__performance,mit,performance,,evaluations,0.5873,0.5,,0.5,3,0.2,64,False,process_results__process_oriented; process_results__results_oriented; mit__execution,
mit__performance,mit,performance,,highly competitive,0.5843,0.5,,0.5,0,0.5,201,False,,
mit__performance,mit,performance,,competence,0.5842,0.5,,0.5,4,0.1667,107,False,professional_parochial__professional; open_closed__open_system; tight_loose__loose_control; pragmatic_normative__normative,
mit__performance,mit,performance,,superior,0.583,0.5,,0.5,0,0.5,157,False,,
mit__performance,mit,performance,,company performance,0.5828,0.5,,0.5,1,0.3333,87,False,professional_parochial__parochial,
mit__performance,mit,performance,,than performance,0.582,0.5,,0.5,0,0.5,50,False,,
mit__performance,mit,performance,,achieving,0.5817,0.5,,0.5,5,0.1429,125,False,process_results__results_oriented; open_closed__open_system; pragmatic_normative__normative; mit__execution; mit__innovation,
mit__performance,mit,performance,,meritocracy,0.5806,1,,1.0,0,1.0,648,True,,
mit__performance,mit,performance,,and performance,0.5788,0.5,0.25,0.25,1,0.1667,158,False,process_results__results_oriented,Generic stopword/duplicated-token bigram — weight reduced to 0.25
mit__performance,mit,performance,,evaluation,0.5786,0.5,,0.5,4,0.1667,157,False,process_results__process_oriented; process_results__results_oriented; pragmatic_normative__normative; mit__execution,
mit__performance,mit,performance,,top talent,0.578,0.5,,0.5,0,0.5,158,False,,
mit__performance,mit,performance,,improvement,0.5771,0.5,,0.5,3,0.2,1053,False,process_results__results_oriented; mit__execution; mit__innovation,
mit__performance,mit,performance,,high performer,0.577,0.5,,0.5,0,0.5,53,False,,
mit__performance,mit,performance,,performance great,0.576,0.5,,0.5,0,0.5,65,False,,
mit__performance,mit,performance,,accomplishments,0.5753,0.5,,0.5,1,0.3333,86,False,process_results__results_oriented,
mit__performance,mit,performance,,high level,0.5749,0.5,,0.5,0,0.5,505,False,,
mit__performance,mit,performance,,standards,0.5741,0.5,,0.5,2,0.25,1359,False,tight_loose__tight_control; pragmatic_normative__normative,
mit__performance,mit,performance,,leadership,0.5738,0.5,,0.5,5,0.1429,6819,False,process_results__results_oriented; tight_loose__tight_control; tight_loose__loose_control; mit__collaboration; mit__execution,
mit__performance,mit,performance,,improvement and,0.5718,0.5,0.25,0.25,3,0.1,56,False,process_results__results_oriented; mit__execution; mit__innovation,Generic stopword/duplicated-token bigram — weight reduced to 0.25
mit__performance,mit,performance,,high integrity,0.5712,0.5,,0.5,2,0.25,72,False,pragmatic_normative__normative; mit__integrity,
mit__performance,mit,performance,,achievement,0.5685,0.5,,0.5,3,0.2,54,False,process_results__results_oriented; mit__execution; mit__innovation,
mit__performance,mit,performance,,accountability for,0.5664,0.5,0.25,0.25,5,0.0714,66,False,process_results__results_oriented; pragmatic_normative__normative; mit__execution; mit__integrity; mit__respect,Generic stopword/duplicated-token bigram — weight reduced to 0.25
mit__performance,mit,performance,,talents,0.5659,0.5,,0.5,0,0.5,253,False,,
mit__performance,mit,performance,,talent and,0.5656,0.5,0.25,0.25,0,0.25,272,False,,Generic stopword/duplicated-token bigram — weight reduced to 0.25
mit__performance,mit,performance,,talented employees,0.5645,0.5,,0.5,2,0.25,92,False,job_employee__employee_oriented; professional_parochial__professional,
mit__performance,mit,performance,,strong leadership,0.5618,0.5,,0.5,1,0.3333,197,False,tight_loose__loose_control,
mit__performance,mit,performance,,competition and,0.5601,0.5,0.25,0.25,5,0.0714,78,False,process_results__results_oriented; open_closed__open_system; open_closed__closed_system; pragmatic_normative__pragmatic; mit__innovation,Generic stopword/duplicated-token bigram — weight reduced to 0.25
mit__performance,mit,performance,,competitive with,0.5567,0.5,0.25,0.25,4,0.0833,190,False,open_closed__open_system; open_closed__closed_system; pragmatic_normative__pragmatic; mit__collaboration,Generic stopword/duplicated-token bigram — weight reduced to 0.25
mit__performance,mit,performance,,quality,0.5561,0.5,,0.5,3,0.2,2668,False,pragmatic_normative__normative; mit__integrity; mit__respect,
mit__performance,mit,performance,,improving,0.5561,0.5,,0.5,3,0.2,454,False,process_results__results_oriented; open_closed__open_system; mit__innovation,
mit__performance,mit,performance,,awards,0.5555,0.5,,0.5,0,0.5,137,False,,
mit__performance,mit,performance,,leadership and,0.5553,0.5,0.25,0.25,6,0.0625,510,False,process_results__results_oriented; tight_loose__tight_control; tight_loose__loose_control; pragmatic_normative__normative; mit__collaboration; mit__execution,Generic stopword/duplicated-token bigram — weight reduced to 0.25
mit__performance,mit,performance,,achieve,0.5545,0.5,,0.5,7,0.1111,494,False,process_results__results_oriented; open_closed__open_system; tight_loose__loose_control; pragmatic_normative__pragmatic; mit__agility; mit__execution; mit__innovation,
mit__performance,mit,performance,,competetive,0.554,0.5,,0.5,1,0.3333,61,False,open_closed__open_system,
mit__performance,mit,performance,,competitive and,0.5528,0.5,0.25,0.25,1,0.1667,451,False,pragmatic_normative__pragmatic,Generic stopword/duplicated-token bigram — weight reduced to 0.25
mit__performance,mit,performance,,good performance,0.5521,0.5,,0.5,0,0.5,96,False,,
mit__performance,mit,performance,,efficiency and,0.5518,0.5,0.25,0.25,3,0.1,63,False,process_results__results_oriented; tight_loose__loose_control; pragmatic_normative__pragmatic,Generic stopword/duplicated-token bigram — weight reduced to 0.25
mit__performance,mit,performance,,success,0.5515,0.5,,0.5,3,0.2,1086,False,process_results__results_oriented; mit__execution; mit__innovation,
mit__performance,mit,performance,,fast track,0.5511,0.5,,0.5,2,0.25,61,False,process_results__results_oriented; mit__agility,
mit__performance,mit,performance,,performing,0.5505,0.5,,0.5,1,0.3333,454,False,mit__execution,
mit__performance,mit,performance,,high quality,0.5504,0.5,,0.5,0,0.5,312,False,,
mit__performance,mit,performance,,achieved,0.5504,0.5,,0.5,4,0.1667,94,False,process_results__results_oriented; mit__agility; mit__execution; mit__innovation,
mit__performance,mit,performance,,well structured,0.5501,0.5,,0.5,1,0.3333,188,False,tight_loose__tight_control,
mit__performance,mit,performance,,top performer,0.5498,0.25,,0.25,0,0.25,72,False,,
mit__performance,mit,performance,,for improvement,0.5497,0.25,,0.25,2,0.125,267,False,process_results__results_oriented; mit__execution,
mit__performance,mit,performance,,the success,0.5489,0.25,,0.25,3,0.1,54,False,process_results__results_oriented; mit__execution; mit__innovation,
mit__performance,mit,performance,,top tier,0.5469,0.25,,0.25,0,0.25,308,False,,
mit__performance,mit,performance,,promoted and,0.5466,0.25,,0.25,0,0.25,148,False,,
mit__performance,mit,performance,,quality work,0.5464,0.25,,0.25,2,0.125,473,False,pragmatic_normative__normative; mit__integrity,
mit__performance,mit,performance,,and merit,0.5462,0.25,,0.25,0,0.25,57,False,,
mit__performance,mit,performance,,opportunities high,0.5457,0.25,,0.25,0,0.25,59,False,,
mit__performance,mit,performance,,perform,0.5456,0.25,,0.25,2,0.125,678,False,process_results__results_oriented; mit__execution,
mit__performance,mit,performance,,talented colleagues,0.5453,0.25,,0.25,1,0.1667,112,False,professional_parochial__professional,
mit__performance,mit,performance,,skill,0.5438,0.25,,0.25,2,0.125,869,False,professional_parochial__professional; mit__agility,
mit__performance,mit,performance,,superiors,0.5433,0.25,,0.25,0,0.25,164,False,,
mit__performance,mit,performance,,skills and,0.5429,0.25,,0.25,2,0.125,458,False,professional_parochial__professional; open_closed__open_system,
mit__performance,mit,performance,,competition,0.5427,0.25,,0.25,1,0.1667,1013,False,process_results__results_oriented,
mit__performance,mit,performance,,competitive,0.5422,0.25,,0.25,1,0.1667,7478,False,pragmatic_normative__pragmatic,
mit__performance,mit,performance,,standards good,0.5422,0.25,,0.25,1,0.1667,98,False,pragmatic_normative__normative,
mit__performance,mit,performance,,efficiency,0.5417,0.25,,0.25,1,0.1667,414,False,pragmatic_normative__pragmatic,
mit__performance,mit,performance,,extremely competitive,0.5413,0.25,,0.25,0,0.25,82,False,,
mit__performance,mit,performance,,the competition,0.5412,0.25,,0.25,1,0.1667,105,False,process_results__results_oriented,
mit__performance,mit,performance,,strong management,0.5405,0.25,,0.25,2,0.125,79,False,tight_loose__tight_control; tight_loose__loose_control,
mit__performance,mit,performance,,higher level,0.5371,0.25,,0.25,0,0.25,148,False,,
mit__performance,mit,performance,,performance review,0.537,0.25,,0.25,0,0.25,216,False,,
mit__performance,mit,performance,,best talent,0.5369,0.25,,0.25,0,0.25,68,False,,
mit__performance,mit,performance,,competitive for,0.5366,0.25,,0.25,1,0.1667,119,False,pragmatic_normative__pragmatic,
mit__performance,mit,performance,,management high,0.5358,0.25,,0.25,0,0.25,84,False,,
mit__performance,mit,performance,,talent the,0.5353,0.25,,0.25,0,0.25,81,False,,
mit__performance,mit,performance,,promotion based,0.5344,0.25,,0.25,0,0.25,53,False,,
mit__performance,mit,performance,,organizational,0.5343,0.25,,0.25,6,0.0625,498,False,process_results__process_oriented; job_employee__employee_oriented; professional_parochial__parochial; tight_loose__tight_control; tight_loose__loose_control; mit__collaboration,
mit__performance,mit,performance,,accountable,0.5342,0.25,,0.25,3,0.1,147,False,pragmatic_normative__normative; mit__execution; mit__integrity,
mit__performance,mit,performance,,qualified,0.5339,0.25,,0.25,3,0.1,469,False,professional_parochial__professional; open_closed__open_system; mit__diversity,
mit__performance,mit,performance,,talent development,0.5339,0.25,,0.25,0,0.25,57,False,,
mit__performance,mit,performance,,management and,0.5338,0.25,,0.25,7,0.0556,2249,False,process_results__process_oriented; process_results__results_oriented; professional_parochial__professional; tight_loose__tight_control; tight_loose__loose_control; pragmatic_normative__normative; mit__execution,
mit__performance,mit,performance,,capabilities,0.5331,0.25,,0.25,3,0.1,244,False,tight_loose__loose_control; pragmatic_normative__pragmatic; pragmatic_normative__normative,
mit__performance,mit,performance,,top management,0.533,0.25,,0.25,0,0.25,421,False,,
mit__performance,mit,performance,,competitiveness,0.533,0.25,,0.25,1,0.1667,72,False,pragmatic_normative__pragmatic,
mit__performance,mit,performance,,merit increases,0.5324,0.25,,0.25,0,0.25,120,False,,
mit__performance,mit,performance,,leadership from,0.5323,0.25,,0.25,0,0.25,54,False,,
mit__performance,mit,performance,,job performance,0.5321,0.25,,0.25,1,0.1667,76,False,job_employee__job_oriented,
mit__performance,mit,performance,,are highly,0.5317,0.25,,0.25,0,0.25,138,False,,
mit__performance,mit,performance,,quality and,0.5316,0.25,,0.25,2,0.125,112,False,pragmatic_normative__normative; mit__integrity,
mit__performance,mit,performance,,competent and,0.5315,0.25,,0.25,2,0.125,82,False,professional_parochial__professional; tight_loose__loose_control,
mit__performance,mit,performance,,leadership that,0.5315,0.25,,0.25,2,0.125,73,False,tight_loose__tight_control; tight_loose__loose_control,
mit__performance,mit,performance,,organisation good,0.5308,0.25,,0.25,0,0.25,53,False,,
mit__performance,mit,performance,,leadership good,0.5303,0.25,,0.25,0,0.25,141,False,,
mit__performance,mit,performance,,executives,0.5302,0.25,,0.25,3,0.1,419,False,professional_parochial__professional; tight_loose__tight_control; tight_loose__loose_control,
mit__performance,mit,performance,,advancement,0.5301,0.25,,0.25,2,0.125,4098,False,process_results__results_oriented; mit__innovation,
mit__performance,mit,performance,,advancements,0.53,0.25,,0.25,1,0.1667,97,False,mit__innovation,
mit__performance,mit,performance,,making good,0.53,0.25,,0.25,5,0.0714,59,False,process_results__results_oriented; open_closed__open_system; pragmatic_normative__normative; mit__innovation; mit__integrity,
mit__performance,mit,performance,,for advancement,0.5296,0.25,,0.25,3,0.1,1395,False,process_results__results_oriented; professional_parochial__professional; mit__innovation,
mit__performance,mit,performance,,promotion and,0.5295,0.25,,0.25,1,0.1667,291,False,process_results__results_oriented,
mit__performance,mit,performance,,the ranks,0.5293,0.25,,0.25,0,0.25,149,False,,
mit__performance,mit,performance,,success and,0.5291,0.25,,0.25,3,0.1,81,False,process_results__results_oriented; mit__execution; mit__innovation,
mit__performance,mit,performance,,the leadership,0.5289,0.25,,0.25,2,0.125,267,False,tight_loose__tight_control; tight_loose__loose_control,
mit__performance,mit,performance,,work quality,0.5289,0.25,,0.25,2,0.125,103,False,job_employee__job_oriented; job_employee__employee_oriented,
mit__performance,mit,performance,,highly talented,0.5289,0.25,,0.25,0,0.25,64,False,,
mit__performance,mit,performance,,compete with,0.528,0.25,,0.25,2,0.125,126,False,process_results__results_oriented; mit__collaboration,
mit__performance,mit,performance,,seniority,0.5276,0.25,,0.25,0,0.25,199,False,,
mit__performance,mit,performance,,skills,0.5269,0.25,,0.25,3,0.1,3538,False,professional_parochial__professional; open_closed__open_system; mit__agility,
mit__performance,mit,performance,,performance bonus,0.5268,0.25,,0.25,0,0.25,82,False,,
mit__performance,mit,performance,,standards great,0.5267,0.25,,0.25,0,0.25,51,False,,
mit__performance,mit,performance,,are outstanding,0.5264,0.25,,0.25,0,0.25,66,False,,
mit__performance,mit,performance,,good talent,0.5257,0.25,,0.25,0,0.25,103,False,,
mit__performance,mit,performance,,leadership great,0.5253,0.25,,0.25,0,0.25,130,False,,
mit__performance,mit,performance,,high expectations,0.5249,0.25,,0.25,0,0.25,463,False,,
mit__performance,mit,performance,,highly regarded,0.5249,0.25,,0.25,0,0.25,50,False,,
mit__performance,mit,performance,,competitive good,0.5248,0.25,,0.25,0,0.25,152,False,,
mit__performance,mit,performance,,based experience,0.5247,0.25,,0.25,3,0.1,50,False,open_closed__open_system; pragmatic_normative__pragmatic; pragmatic_normative__normative,
mit__performance,mit,performance,,competitive great,0.5247,0.25,,0.25,0,0.25,162,False,,
mit__performance,mit,performance,,standards for,0.5243,0.25,,0.25,2,0.125,64,False,tight_loose__tight_control; pragmatic_normative__normative,
mit__performance,mit,performance,,meritocratic,0.5239,0.25,,0.25,0,0.25,220,False,,
mit__performance,mit,performance,,performance reviews,0.5238,0.25,,0.25,0,0.25,206,False,,
mit__performance,mit,performance,,capability,0.5238,0.25,,0.25,3,0.1,96,False,process_results__results_oriented; tight_loose__loose_control; mit__agility,
mit__performance,mit,performance,,career,0.5235,0.25,,0.25,2,0.125,20166,False,process_results__results_oriented; professional_parochial__professional,
mit__performance,mit,performance,,promoted within,0.5235,0.25,,0.25,0,0.25,55,False,,
mit__performance,mit,performance,,high work,0.5232,0.25,,0.25,1,0.1667,193,False,job_employee__job_oriented,
mit__performance,mit,performance,,talent retention,0.5231,0.25,,0.25,0,0.25,54,False,,
mit__performance,mit,performance,,leadership with,0.5231,0.25,,0.25,4,0.0833,50,False,tight_loose__tight_control; tight_loose__loose_control; mit__collaboration; mit__execution,
mit__performance,mit,performance,,production,0.523,0.25,,0.25,5,0.0714,456,False,process_results__process_oriented; process_results__results_oriented; pragmatic_normative__pragmatic; mit__execution; mit__innovation,
mit__performance,mit,performance,,top performers,0.5226,0.25,,0.25,0,0.25,164,False,,
mit__performance,mit,performance,,advancement and,0.5221,0.25,,0.25,2,0.125,248,False,process_results__results_oriented; mit__innovation,
mit__performance,mit,performance,,efficient,0.5218,0.25,,0.25,4,0.0833,611,False,process_results__results_oriented; tight_loose__loose_control; pragmatic_normative__pragmatic; mit__agility,
mit__performance,mit,performance,,objectives,0.5217,0.25,,0.25,2,0.125,206,False,process_results__results_oriented; pragmatic_normative__normative,
mit__performance,mit,performance,,good leadership,0.5216,0.25,,0.25,0,0.25,317,False,,
mit__performance,mit,performance,,efficiently,0.5213,0.25,,0.25,3,0.1,155,False,tight_loose__loose_control; pragmatic_normative__pragmatic; mit__agility,
mit__performance,mit,performance,,effective,0.5212,0.25,,0.25,1,0.1667,352,False,pragmatic_normative__pragmatic,
mit__performance,mit,performance,,high pace,0.521,0.25,,0.25,0,0.25,53,False,,
mit__performance,mit,performance,,higher management,0.5208,0.25,,0.25,0,0.25,354,False,,
mit__performance,mit,performance,,career and,0.52,0.25,,0.25,2,0.125,473,False,process_results__results_oriented; professional_parochial__professional,
mit__performance,mit,performance,,top level,0.52,0.25,,0.25,0,0.25,130,False,,
mit__performance,mit,performance,,advanced,0.5196,0.25,,0.25,5,0.0714,372,False,process_results__process_oriented; tight_loose__tight_control; pragmatic_normative__pragmatic; mit__agility; mit__innovation,
mit__performance,mit,performance,,good management,0.5191,0.25,,0.25,1,0.1667,1297,False,tight_loose__tight_control,
mit__performance,mit,performance,,advancement within,0.5189,0.25,,0.25,1,0.1667,62,False,mit__innovation,
mit__performance,mit,performance,,management excellent,0.5189,0.25,,0.25,1,0.1667,54,False,tight_loose__tight_control,
mit__performance,mit,performance,,employees well,0.5189,0.25,,0.25,1,0.1667,214,False,job_employee__employee_oriented,
mit__performance,mit,performance,,the skills,0.5188,0.25,,0.25,2,0.125,93,False,professional_parochial__professional; open_closed__open_system,
mit__performance,mit,performance,,high standard,0.5187,0.25,,0.25,0,0.25,56,False,,
mit__performance,mit,performance,,the career,0.5187,0.25,,0.25,2,0.125,303,False,process_results__results_oriented; professional_parochial__professional,
mit__performance,mit,performance,,resourceful,0.5186,0.25,,0.25,1,0.1667,55,False,pragmatic_normative__pragmatic,
mit__performance,mit,performance,,from leadership,0.5181,0.25,,0.25,3,0.1,107,False,process_results__results_oriented; tight_loose__loose_control; mit__execution,
mit__performance,mit,performance,,responsibilities and,0.518,0.25,,0.25,7,0.0556,105,False,process_results__process_oriented; process_results__results_oriented; tight_loose__tight_control; tight_loose__loose_control; pragmatic_normative__normative; mit__execution; mit__respect,
mit__performance,mit,performance,,leaders,0.5177,0.25,,0.25,1,0.1667,2050,False,tight_loose__loose_control,
mit__performance,mit,performance,,competent people,0.5176,0.25,,0.25,1,0.1667,77,False,professional_parochial__professional,
mit__performance,mit,performance,,regarded,0.5174,0.25,,0.25,4,0.0833,104,False,open_closed__open_system; open_closed__closed_system; pragmatic_normative__pragmatic; mit__respect,
mit__performance,mit,performance,,culture highly,0.5161,0.25,,0.25,0,0.25,51,False,,
mit__performance,mit,performance,,high compensation,0.5157,0.25,,0.25,0,0.25,67,False,,
mit__performance,mit,performance,,skilled people,0.5156,0.25,,0.25,1,0.1667,52,False,professional_parochial__professional,
mit__performance,mit,performance,,talented individuals,0.5154,0.25,,0.25,0,0.25,127,False,,
mit__performance,mit,performance,,upper management,0.5154,0.25,,0.25,1,0.1667,1796,False,tight_loose__tight_control,
mit__performance,mit,performance,,promoted,0.5154,0.25,,0.25,0,0.25,2610,False,,
mit__performance,mit,performance,,assessment,0.5153,0.25,,0.25,0,0.25,72,False,,
mit__performance,mit,performance,,good organisation,0.5153,0.25,,0.25,0,0.25,151,False,,
mit__performance,mit,performance,,based work,0.5152,0.25,,0.25,6,0.0625,55,False,process_results__results_oriented; job_employee__job_oriented; job_employee__employee_oriented; tight_loose__loose_control; pragmatic_normative__pragmatic; pragmatic_normative__normative,
mit__performance,mit,performance,,management,0.5152,0.25,,0.25,5,0.0714,38993,False,process_results__process_oriented; process_results__results_oriented; tight_loose__tight_control; tight_loose__loose_control; mit__execution,
mit__performance,mit,performance,,competent,0.5152,0.25,,0.25,0,0.25,579,False,,
mit__performance,mit,performance,,talent pool,0.5151,0.25,,0.25,0,0.25,82,False,,
mit__respect,mit,respect,,respect,0.7935,1,,1.0,2,0.5,1510,True,pragmatic_normative__normative; mit__integrity,
mit__respect,mit,respect,,respect and,0.7905,0.75,0.25,0.25,4,0.0833,146,False,open_closed__closed_system; pragmatic_normative__normative; mit__diversity; mit__integrity,Generic stopword/duplicated-token bigram — weight reduced to 0.25
mit__respect,mit,respect,,respectful,0.7731,1,,1.0,4,0.3333,495,True,open_closed__closed_system; pragmatic_normative__normative; mit__diversity; mit__integrity,
mit__respect,mit,respect,,respect for,0.7312,0.75,0.25,0.25,2,0.125,376,False,pragmatic_normative__normative; mit__integrity,Generic stopword/duplicated-token bigram — weight reduced to 0.25
mit__respect,mit,respect,,respectful and,0.7286,0.75,0.25,0.25,4,0.0833,74,False,open_closed__closed_system; pragmatic_normative__normative; mit__diversity; mit__integrity,Generic stopword/duplicated-token bigram — weight reduced to 0.25
mit__respect,mit,respect,,respect the,0.6876,0.5,0.25,0.25,1,0.1667,74,False,mit__integrity,Generic stopword/duplicated-token bigram — weight reduced to 0.25
mit__respect,mit,respect,,caring,0.6866,1,,1.0,1,0.6667,583,True,mit__integrity,
mit__respect,mit,respect,,respects,0.6825,0.5,,0.5,1,0.3333,91,False,mit__integrity,
mit__respect,mit,respect,,respected,0.6748,0.5,,0.5,2,0.25,677,False,open_closed__closed_system; mit__integrity,
mit__respect,mit,respect,,caring and,0.6729,0.5,0.25,0.25,2,0.125,68,False,pragmatic_normative__normative; mit__integrity,Generic stopword/duplicated-token bigram — weight reduced to 0.25
mit__respect,mit,respect,,respected the,0.6528,0.5,0.25,0.25,1,0.1667,62,False,mit__integrity,Generic stopword/duplicated-token bigram — weight reduced to 0.25
mit__respect,mit,respect,,caring about,0.6493,0.5,,0.5,0,0.5,58,False,,
mit__respect,mit,respect,,with respect,0.6492,0.5,0.25,0.25,1,0.1667,252,False,mit__integrity,Generic stopword/duplicated-token bigram — weight reduced to 0.25
mit__respect,mit,respect,,care,0.6407,0.5,,0.5,0,0.5,5321,False,,
mit__respect,mit,respect,,care for,0.6399,0.5,0.25,0.25,0,0.25,318,False,,Generic stopword/duplicated-token bigram — weight reduced to 0.25
mit__respect,mit,respect,,respected and,0.6393,0.5,0.25,0.25,1,0.1667,61,False,mit__integrity,Generic stopword/duplicated-token bigram — weight reduced to 0.25
mit__respect,mit,respect,,empathy,0.6383,0.5,,0.5,2,0.25,128,False,pragmatic_normative__normative; mit__integrity,
mit__respect,mit,respect,,comfort,0.6293,0.5,,0.5,1,0.3333,177,False,mit__integrity,
mit__respect,mit,respect,,care and,0.628,0.5,0.25,0.25,0,0.25,173,False,,Generic stopword/duplicated-token bigram — weight reduced to 0.25
mit__respect,mit,respect,,well respected,0.622,0.5,,0.5,1,0.3333,216,False,mit__integrity,
mit__respect,mit,respect,,peace,0.6207,0.5,,0.5,1,0.3333,90,False,mit__integrity,
mit__respect,mit,respect,,treat people,0.6204,0.5,,0.5,0,0.5,56,False,,
mit__respect,mit,respect,,and respect,0.6199,0.5,0.25,0.25,0,0.25,136,False,,Generic stopword/duplicated-token bigram — weight reduced to 0.25
mit__respect,mit,respect,,regard,0.619,0.5,,0.5,1,0.3333,212,False,pragmatic_normative__normative,
mit__respect,mit,respect,,good care,0.6187,0.5,,0.5,0,0.5,100,False,,
mit__respect,mit,respect,,feel valued,0.6177,0.5,,0.5,1,0.3333,110,False,pragmatic_normative__normative,
mit__respect,mit,respect,,valued,0.6162,1,,1.0,2,0.5,836,True,pragmatic_normative__normative; mit__integrity,
mit__respect,mit,respect,,treat you,0.6136,0.5,0.25,0.25,0,0.25,236,False,,Generic stopword/duplicated-token bigram — weight reduced to 0.25
mit__respect,mit,respect,,takes care,0.6133,0.5,,0.5,0,0.5,246,False,,
mit__respect,mit,respect,,compassion,0.6123,0.5,,0.5,2,0.25,56,False,pragmatic_normative__normative; mit__integrity,
mit__respect,mit,respect,,taken care,0.6106,0.5,,0.5,0,0.5,119,False,,
mit__respect,mit,respect,,taking care,0.6066,0.5,,0.5,0,0.5,85,False,,
mit__respect,mit,respect,,polite,0.6051,0.5,,0.5,1,0.3333,105,False,mit__integrity,
mit__respect,mit,respect,,moral,0.6034,0.5,,0.5,2,0.25,249,False,pragmatic_normative__normative; mit__integrity,
mit__respect,mit,respect,,supportive and,0.6009,0.5,0.25,0.25,1,0.1667,596,False,mit__integrity,Generic stopword/duplicated-token bigram — weight reduced to 0.25
mit__respect,mit,respect,,ethics,0.6,0.5,,0.5,3,0.2,778,False,tight_loose__loose_control; pragmatic_normative__normative; mit__integrity,
mit__respect,mit,respect,,supportive,0.5987,1,,1.0,0,1.0,4845,True,,
mit__respect,mit,respect,,responsibility and,0.5955,0.5,0.25,0.25,7,0.0556,175,False,process_results__process_oriented; process_results__results_oriented; tight_loose__tight_control; tight_loose__loose_control; pragmatic_normative__normative; mit__execution; mit__integrity,Generic stopword/duplicated-token bigram — weight reduced to 0.25
mit__respect,mit,respect,,treats you,0.5915,0.5,0.25,0.25,0,0.25,76,False,,Generic stopword/duplicated-token bigram — weight reduced to 0.25
mit__respect,mit,respect,,attitude,0.5907,0.5,,0.5,3,0.2,724,False,tight_loose__loose_control; pragmatic_normative__normative; mit__integrity,
mit__respect,mit,respect,,responsibility,0.5897,0.5,,0.5,5,0.1429,1394,False,process_results__results_oriented; tight_loose__loose_control; pragmatic_normative__normative; mit__execution; mit__integrity,
mit__respect,mit,respect,,treated like,0.5865,0.5,,0.5,0,0.5,370,False,,
mit__respect,mit,respect,,care about,0.5863,0.5,,0.5,0,0.5,2313,False,,
mit__respect,mit,respect,,respectable,0.585,0.5,,0.5,2,0.25,105,False,open_closed__closed_system; mit__integrity,
mit__respect,mit,respect,,emotionally,0.5843,0.5,,0.5,1,0.3333,63,False,mit__integrity,
mit__respect,mit,respect,,ethical,0.5829,0.5,,0.5,2,0.25,561,False,pragmatic_normative__normative; mit__integrity,
mit__respect,mit,respect,,supportive good,0.5822,0.5,,0.5,0,0.5,63,False,,
mit__respect,mit,respect,,supportive people,0.5817,0.5,,0.5,0,0.5,80,False,,
mit__respect,mit,respect,,supportive the,0.5805,0.5,0.25,0.25,0,0.25,58,False,,Generic stopword/duplicated-token bigram — weight reduced to 0.25
mit__respect,mit,respect,,integrity and,0.5797,0.5,0.25,0.25,3,0.1,131,False,process_results__process_oriented; pragmatic_normative__normative; mit__integrity,Generic stopword/duplicated-token bigram — weight reduced to 0.25
mit__respect,mit,respect,,attitude and,0.5777,0.5,0.25,0.25,3,0.1,62,False,tight_loose__loose_control; pragmatic_normative__normative; mit__integrity,Generic stopword/duplicated-token bigram — weight reduced to 0.25
mit__respect,mit,respect,,care you,0.5771,0.5,0.25,0.25,0,0.25,124,False,,Generic stopword/duplicated-token bigram — weight reduced to 0.25
mit__respect,mit,respect,,morals,0.5768,0.5,,0.5,2,0.25,58,False,pragmatic_normative__normative; mit__integrity,
mit__respect,mit,respect,,dealing with,0.5766,0.5,0.25,0.25,4,0.0833,383,False,open_closed__closed_system; pragmatic_normative__normative; mit__execution; mit__integrity,Generic stopword/duplicated-token bigram — weight reduced to 0.25
mit__respect,mit,respect,,qualities,0.5749,0.5,,0.5,2,0.25,54,False,pragmatic_normative__normative; mit__integrity,
mit__respect,mit,respect,,support,0.5731,0.5,,0.5,0,0.5,7188,False,,
mit__respect,mit,respect,,loyalty,0.572,0.5,,0.5,1,0.3333,445,False,mit__integrity,
mit__respect,mit,respect,,appreciation,0.5709,0.5,,0.5,1,0.3333,539,False,mit__integrity,
mit__respect,mit,respect,,deserve,0.5702,0.5,,0.5,1,0.3333,170,False,mit__integrity,
mit__respect,mit,respect,,ethics and,0.5681,0.5,0.25,0.25,3,0.1,151,False,tight_loose__loose_control; pragmatic_normative__normative; mit__integrity,Generic stopword/duplicated-token bigram — weight reduced to 0.25
mit__respect,mit,respect,,integrity,0.5677,0.5,,0.5,3,0.2,558,False,process_results__process_oriented; pragmatic_normative__normative; mit__integrity,
mit__respect,mit,respect,,consideration,0.5662,1,,1.0,3,0.4,230,True,process_results__process_oriented; pragmatic_normative__normative; mit__integrity,
mit__respect,mit,respect,,worthy,0.566,0.5,,0.5,1,0.3333,89,False,mit__integrity,
mit__respect,mit,respect,,genuinely care,0.5626,0.5,,0.5,0,0.5,94,False,,
mit__respect,mit,respect,,feelings,0.5623,0.5,,0.5,0,0.5,102,False,,
mit__respect,mit,respect,,responsibilities and,0.5617,0.5,0.25,0.25,7,0.0556,105,False,process_results__process_oriented; process_results__results_oriented; tight_loose__tight_control; tight_loose__loose_control; pragmatic_normative__normative; mit__execution; mit__performance,Generic stopword/duplicated-token bigram — weight reduced to 0.25
mit__respect,mit,respect,,supportive culture,0.561,0.5,,0.5,1,0.3333,210,False,mit__diversity,
mit__respect,mit,respect,,concern,0.5602,0.5,,0.5,0,0.5,329,False,,
mit__respect,mit,respect,,cared about,0.5589,0.5,,0.5,0,0.5,106,False,,
mit__respect,mit,respect,,thoughtful,0.5582,0.5,,0.5,1,0.3333,165,False,mit__integrity,
mit__respect,mit,respect,,regard for,0.558,0.5,0.25,0.25,0,0.25,88,False,,Generic stopword/duplicated-token bigram — weight reduced to 0.25
mit__respect,mit,respect,,people care,0.5567,0.5,,0.5,0,0.5,65,False,,
mit__respect,mit,respect,,treated,0.5554,0.5,,0.5,0,0.5,1435,False,,
mit__respect,mit,respect,,helping people,0.5553,0.5,,0.5,0,0.5,115,False,,
mit__respect,mit,respect,,care the,0.555,0.5,0.25,0.25,0,0.25,87,False,,Generic stopword/duplicated-token bigram — weight reduced to 0.25
mit__respect,mit,respect,,supportive environment,0.5543,0.5,,0.5,1,0.3333,301,False,job_employee__employee_oriented,
mit__respect,mit,respect,,support for,0.5525,0.5,0.25,0.25,0,0.25,450,False,,Generic stopword/duplicated-token bigram — weight reduced to 0.25
mit__respect,mit,respect,,concerns,0.5523,0.5,,0.5,0,0.5,442,False,,
mit__respect,mit,respect,,ethical and,0.552,0.5,0.25,0.25,2,0.125,68,False,pragmatic_normative__normative; mit__integrity,Generic stopword/duplicated-token bigram — weight reduced to 0.25
mit__respect,mit,respect,,care their,0.5519,0.5,0.25,0.25,0,0.25,207,False,,Generic stopword/duplicated-token bigram — weight reduced to 0.25
mit__respect,mit,respect,,treated well,0.551,0.5,,0.5,0,0.5,93,False,,
mit__respect,mit,respect,,truly care,0.5499,0.25,,0.25,0,0.25,87,False,,
mit__respect,mit,respect,,responsible,0.5497,0.25,,0.25,4,0.0833,300,False,tight_loose__loose_control; pragmatic_normative__normative; mit__execution; mit__integrity,
mit__respect,mit,respect,,treat their,0.5495,0.25,,0.25,0,0.25,127,False,,
mit__respect,mit,respect,,support your,0.5488,0.25,,0.25,0,0.25,59,False,,
mit__respect,mit,respect,,positive attitude,0.5471,0.25,,0.25,2,0.125,50,False,pragmatic_normative__normative; mit__integrity,
mit__respect,mit,respect,,supporting,0.5471,0.25,,0.25,0,0.25,462,False,,
mit__respect,mit,respect,,responsibilities,0.5471,0.25,,0.25,3,0.1,1100,False,process_results__results_oriented; pragmatic_normative__normative; mit__execution,
mit__respect,mit,respect,,support and,0.5453,0.25,,0.25,0,0.25,472,False,,
mit__respect,mit,respect,,meaningful,0.5451,0.25,,0.25,2,0.125,519,False,pragmatic_normative__normative; mit__integrity,
mit__respect,mit,respect,,trust and,0.5447,0.25,,0.25,3,0.1,60,False,tight_loose__loose_control; pragmatic_normative__normative; mit__integrity,
mit__respect,mit,respect,,attitude towards,0.5442,0.25,,0.25,2,0.125,52,False,pragmatic_normative__normative; mit__integrity,
mit__respect,mit,respect,,consideration for,0.544,0.25,,0.25,1,0.1667,70,False,pragmatic_normative__normative,
mit__respect,mit,respect,,sincere,0.5439,0.25,,0.25,1,0.1667,58,False,mit__integrity,
mit__respect,mit,respect,,dealing,0.5428,0.25,,0.25,3,0.1,410,False,open_closed__closed_system; pragmatic_normative__normative; mit__execution,
mit__respect,mit,respect,,care more,0.5423,0.25,,0.25,0,0.25,50,False,,
mit__respect,mit,respect,,dealt with,0.5418,0.25,,0.25,2,0.125,60,False,open_closed__closed_system; mit__integrity,
mit__respect,mit,respect,,cared,0.5417,0.25,,0.25,0,0.25,190,False,,
mit__respect,mit,respect,,concern for,0.5402,0.25,,0.25,0,0.25,83,False,,
mit__respect,mit,respect,,take care,0.5397,0.25,,0.25,0,0.25,340,False,,
mit__respect,mit,respect,,and respectful,0.5392,0.25,,0.25,0,0.25,117,False,,
mit__respect,mit,respect,,culture supportive,0.5366,0.25,,0.25,1,0.1667,151,False,mit__diversity,
mit__respect,mit,respect,,concerned with,0.5355,0.25,,0.25,0,0.25,127,False,,
mit__respect,mit,respect,,tolerated,0.5354,0.25,,0.25,1,0.1667,99,False,open_closed__closed_system,
mit__respect,mit,respect,,tolerate,0.5346,0.25,,0.25,0,0.25,50,False,,
mit__respect,mit,respect,,attitudes,0.5339,0.25,,0.25,2,0.125,117,False,pragmatic_normative__normative; mit__integrity,
mit__respect,mit,respect,,your health,0.5336,0.25,,0.25,0,0.25,54,False,,
mit__respect,mit,respect,,take responsibility,0.5333,0.25,,0.25,2,0.125,58,False,pragmatic_normative__normative; mit__execution,
mit__respect,mit,respect,,valuable,0.5328,0.25,,0.25,1,0.1667,551,False,mit__integrity,
mit__respect,mit,respect,,and caring,0.5325,0.25,,0.25,0,0.25,121,False,,
mit__respect,mit,respect,,peaceful,0.5325,0.25,,0.25,0,0.25,92,False,,
mit__respect,mit,respect,,emotional,0.532,0.25,,0.25,1,0.1667,90,False,mit__integrity,
mit__respect,mit,respect,,morale,0.532,0.25,,0.25,2,0.125,1237,False,job_employee__employee_oriented; pragmatic_normative__normative,
mit__respect,mit,respect,,support good,0.5317,0.25,,0.25,0,0.25,94,False,,
mit__respect,mit,respect,,the culture,0.5316,0.25,,0.25,4,0.0833,2227,False,open_closed__open_system; open_closed__closed_system; mit__diversity; mit__integrity,
mit__respect,mit,respect,,concerned about,0.5315,0.25,,0.25,0,0.25,129,False,,
mit__respect,mit,respect,,appreciation for,0.5313,0.25,,0.25,0,0.25,126,False,,
mit__respect,mit,respect,,deserving,0.5308,0.25,,0.25,0,0.25,63,False,,
mit__respect,mit,respect,,culture,0.5306,0.25,,0.25,4,0.0833,46353,False,open_closed__open_system; open_closed__closed_system; mit__diversity; mit__integrity,
mit__respect,mit,respect,,morale and,0.5302,0.25,,0.25,2,0.125,107,False,job_employee__employee_oriented; pragmatic_normative__normative,
mit__respect,mit,respect,,trust,0.5297,0.25,,0.25,2,0.125,1322,False,pragmatic_normative__normative; mit__integrity,
mit__respect,mit,respect,,safe,0.5296,1,,1.0,0,1.0,479,True,,
mit__respect,mit,respect,,quality people,0.5294,0.25,,0.25,1,0.1667,199,False,mit__integrity,
mit__respect,mit,respect,,judged,0.5293,0.25,,0.25,0,0.25,60,False,,
mit__respect,mit,respect,,understanding,0.5292,0.25,,0.25,5,0.0714,1119,False,open_closed__open_system; open_closed__closed_system; pragmatic_normative__pragmatic; pragmatic_normative__normative; mit__integrity,
mit__respect,mit,respect,,accountability for,0.5289,0.25,,0.25,5,0.0714,66,False,process_results__results_oriented; pragmatic_normative__normative; mit__execution; mit__integrity; mit__performance,
mit__respect,mit,respect,,regarded,0.5287,0.25,,0.25,4,0.0833,104,False,open_closed__open_system; open_closed__closed_system; pragmatic_normative__pragmatic; mit__performance,
mit__respect,mit,respect,,responsibility for,0.5274,0.25,,0.25,2,0.125,60,False,pragmatic_normative__normative; mit__execution,
mit__respect,mit,respect,,honesty,0.5273,0.25,,0.25,1,0.1667,80,False,mit__integrity,
mit__respect,mit,respect,,protecting,0.5272,0.25,,0.25,0,0.25,62,False,,
mit__respect,mit,respect,,keeping,0.5266,0.25,,0.25,2,0.125,424,False,open_closed__closed_system; mit__integrity,
mit__respect,mit,respect,,secure,0.526,0.25,,0.25,2,0.125,324,False,open_closed__closed_system; mit__integrity,
mit__respect,mit,respect,,support the,0.5256,0.25,,0.25,0,0.25,183,False,,
mit__respect,mit,respect,,role you,0.5254,0.25,,0.25,0,0.25,200,False,,
mit__respect,mit,respect,,favour,0.5254,0.25,,0.25,0,0.25,51,False,,
mit__respect,mit,respect,,for individuals,0.5251,0.25,,0.25,0,0.25,92,False,,
mit__respect,mit,respect,,environment supportive,0.525,0.25,,0.25,0,0.25,122,False,,
mit__respect,mit,respect,,supportive work,0.5244,0.25,,0.25,2,0.125,177,False,job_employee__job_oriented; job_employee__employee_oriented,
mit__respect,mit,respect,,welcoming,0.5244,0.25,,0.25,3,0.1,761,False,open_closed__open_system; open_closed__closed_system; mit__diversity,
mit__respect,mit,respect,,the health,0.5241,0.25,,0.25,0,0.25,150,False,,
mit__respect,mit,respect,,lives,0.5234,0.25,,0.25,0,0.25,254,False,,
mit__respect,mit,respect,,rights,0.5225,0.25,,0.25,1,0.1667,62,False,pragmatic_normative__normative,
mit__respect,mit,respect,,valued and,0.5217,0.25,,0.25,1,0.1667,112,False,pragmatic_normative__normative,
mit__respect,mit,respect,,treating,0.5215,0.25,,0.25,0,0.25,106,False,,
mit__respect,mit,respect,,culture and,0.5215,0.25,,0.25,4,0.0833,6106,False,open_closed__open_system; open_closed__closed_system; mit__diversity; mit__integrity,
mit__respect,mit,respect,,feel comfortable,0.5215,0.25,,0.25,0,0.25,63,False,,
mit__respect,mit,respect,,society,0.5214,0.25,,0.25,3,0.1,61,False,open_closed__closed_system; tight_loose__loose_control; mit__integrity,
mit__respect,mit,respect,,hearted,0.5209,0.25,,0.25,0,0.25,51,False,,
mit__respect,mit,respect,,with supportive,0.5207,0.25,,0.25,0,0.25,59,False,,
mit__respect,mit,respect,,handling,0.5202,0.25,,0.25,4,0.0833,201,False,process_results__process_oriented; tight_loose__tight_control; pragmatic_normative__normative; mit__execution,
mit__respect,mit,respect,,quality life,0.5201,0.25,,0.25,2,0.125,94,False,pragmatic_normative__normative; mit__integrity,
mit__respect,mit,respect,,love,0.5199,0.25,,0.25,0,0.25,2122,False,,
mit__respect,mit,respect,,accountability,0.5199,0.25,,0.25,6,0.0625,504,False,process_results__results_oriented; tight_loose__tight_control; pragmatic_normative__normative; mit__execution; mit__integrity; mit__performance,
mit__respect,mit,respect,,balanced,0.5197,0.25,,0.25,2,0.125,412,False,pragmatic_normative__normative; mit__agility,
mit__respect,mit,respect,,and respected,0.5193,0.25,,0.25,0,0.25,71,False,,
mit__respect,mit,respect,,character,0.5191,0.25,,0.25,1,0.1667,60,False,mit__integrity,
mit__respect,mit,respect,,good values,0.5189,0.25,,0.25,1,0.1667,107,False,pragmatic_normative__normative,
mit__respect,mit,respect,,letting,0.5188,0.25,,0.25,1,0.1667,118,False,mit__integrity,
mit__respect,mit,respect,,quality the,0.5187,0.25,,0.25,1,0.1667,93,False,mit__integrity,
mit__respect,mit,respect,,for support,0.5181,0.25,,0.25,0,0.25,86,False,,
mit__respect,mit,respect,,ethic,0.518,0.25,,0.25,2,0.125,451,False,pragmatic_normative__normative; mit__integrity,
mit__respect,mit,respect,,trustworthy,0.5179,0.25,,0.25,1,0.1667,73,False,mit__integrity,
mit__respect,mit,respect,,and care,0.5177,0.25,,0.25,0,0.25,108,False,,
mit__respect,mit,respect,,being very,0.5177,0.25,,0.25,0,0.25,55,False,,
mit__respect,mit,respect,,patient,0.5175,0.25,,0.25,0,0.25,159,False,,
mit__respect,mit,respect,,culturally,0.5171,0.25,,0.25,4,0.0833,93,False,open_closed__open_system; open_closed__closed_system; mit__diversity; mit__integrity,
mit__respect,mit,respect,,support you,0.5163,0.25,,0.25,0,0.25,227,False,,
mit__respect,mit,respect,,rude,0.5162,0.25,,0.25,0,0.25,558,False,,
mit__respect,mit,respect,,more responsibility,0.5162,0.25,,0.25,2,0.125,116,False,pragmatic_normative__normative; mit__execution,
mit__respect,mit,respect,,the support,0.5162,0.25,,0.25,0,0.25,203,False,,
mit__respect,mit,respect,,seem care,0.5158,0.25,,0.25,0,0.25,100,False,,
mit__respect,mit,respect,,helpful people,0.5156,0.25,,0.25,0,0.25,225,False,,
mit__respect,mit,respect,,doing good,0.5154,0.25,,0.25,1,0.1667,128,False,mit__integrity,
mit__respect,mit,respect,,enjoyable,0.5138,0.25,,0.25,1,0.1667,504,False,mit__integrity,
mit__respect,mit,respect,,living the,0.5138,0.25,,0.25,1,0.1667,53,False,open_closed__closed_system,
mit__respect,mit,respect,,fairness,0.5137,0.25,,0.25,1,0.1667,85,False,mit__integrity,
mit__respect,mit,respect,,the quality,0.5135,0.25,,0.25,2,0.125,264,False,pragmatic_normative__normative; mit__integrity,
mit__respect,mit,respect,,handle the,0.5135,0.25,,0.25,0,0.25,69,False,,
mit__respect,mit,respect,,good health,0.5134,0.25,,0.25,0,0.25,310,False,,
mit__respect,mit,respect,,welcoming and,0.5133,0.25,,0.25,2,0.125,166,False,open_closed__open_system; mit__diversity,
mit__respect,mit,respect,,they care,0.5127,0.25,,0.25,0,0.25,355,False,,
mit__respect,mit,respect,,healthy,0.5123,0.25,,0.25,0,0.25,866,False,,
mit__respect,mit,respect,,valuable experience,0.5117,0.25,,0.25,2,0.125,110,False,open_closed__open_system; mit__integrity,
